survey_area,est_year,season,n_species,numlen_adj_total,mean_len_cm,med_len_cm,min_len_cm,max_len_cm,area_titles,bot_temp,overall_avg_btemp,bot_temp_anom,total_weight_lb,area
GB,1970,Fall,62,11284.99999999999,25.232711938218703,24,2,105,Georges Bank,10.944702190996678,11.364273827197954,-0.419571636201276,74995068.16510703,Georges Bank
GB,1970,Spring,52,13895.99999999997,31.7968214002652,26,4,133,Georges Bank,5.7250537959495444,6.301109876470461,-0.5760560805209174,74995068.16510703,Georges Bank
GB,1971,Fall,55,13799.999999999987,18.182031092124177,13,1,106,Georges Bank,11.144823553465791,11.364273827197954,-0.21945027373216064,80274755.90552185,Georges Bank
GB,1971,Spring,52,8509.999999999989,27.527248615497285,25,3,127,Georges Bank,5.557278757094916,6.301109876470461,-0.7438311193755451,80274755.90552185,Georges Bank
GB,1972,Fall,63,14778.000000000024,22.29707685329472,17,2,133,Georges Bank,10.92275889646741,11.364273827197954,-0.44151493073054304,74814568.4980859,Georges Bank
GB,1972,Spring,55,9295.999999999976,32.18342000880728,28,2,124,Georges Bank,6.169319392217805,6.301109876470461,-0.13179048425265627,74814568.4980859,Georges Bank
GB,1973,Fall,65,18757.00000000006,28.478935699191823,27,1,119,Georges Bank,11.11133018166698,11.364273827197954,-0.2529436455309728,83058537.08720696,Georges Bank
GB,1973,Spring,63,18626.000000000025,35.071232568144964,31,2,148,Georges Bank,6.11895856749009,6.301109876470461,-0.18215130898037124,83058537.08720696,Georges Bank
GB,1974,Fall,59,24471.00000000005,12.891825506072092,7,2,104,Georges Bank,11.947451697553316,11.364273827197954,0.5831778703553621,72658611.83584319,Georges Bank
GB,1974,Spring,70,9075.999999999993,32.20916402674613,29,1,120,Georges Bank,6.652356167125405,6.301109876470461,0.3512462906549443,72658611.83584319,Georges Bank
GB,1975,Fall,63,26178.00000000001,19.497028904259466,16,2,103,Georges Bank,12.165696408925882,11.364273827197954,0.8014225817279286,80273120.78027312,Georges Bank
GB,1975,Spring,56,11745.999999999927,29.79495828939487,22,2,118,Georges Bank,6.7033215006239075,6.301109876470461,0.4022116241534466,80273120.78027312,Georges Bank
GB,1976,Fall,63,24355.000000000025,25.066994866236083,27,1,115,Georges Bank,11.342460574593217,11.364273827197954,-0.02181325260473876,79143183.17070922,Georges Bank
GB,1976,Spring,62,21641.999999999945,29.27918502762591,24,3,126,Georges Bank,6.876086495744321,6.301109876470461,0.5749766192738601,79143183.17070922,Georges Bank
GB,1977,Fall,62,25215.00000000021,29.728985273497393,30,1,123,Georges Bank,11.672692993388477,11.364273827197954,0.30841916619052157,96097409.71596192,Georges Bank
GB,1977,Spring,52,13215.999999999953,32.44196555070994,33,3,137,Georges Bank,6.545249123993611,6.301109876470461,0.24413924752315008,96097409.71596192,Georges Bank
GB,1978,Fall,65,54575.99999999967,25.31280084240971,22,1,110,Georges Bank,11.513106505662924,11.364273827197954,0.14883267846497006,111622558.8752688,Georges Bank
GB,1978,Spring,58,11457.99999999992,38.65846734541338,35,1,116,Georges Bank,6.087481248698418,6.301109876470461,-0.21362862777204317,111622558.8752688,Georges Bank
GB,1979,Fall,66,50336.000000000175,30.832712595719663,32,1,111,Georges Bank,10.478005349475184,11.364273827197954,-0.8862684777227692,127397840.6049707,Georges Bank
GB,1979,Spring,53,20508.999999999916,24.975002578198307,21,1,126,Georges Bank,5.466440964946701,6.301109876470461,-0.8346689115237602,127397840.6049707,Georges Bank
GB,1980,Fall,55,38090.00000000014,17.964587966583693,12,2,123,Georges Bank,10.916423133891884,11.364273827197954,-0.4478506933060693,156379801.38023305,Georges Bank
GB,1980,Spring,58,18365.99999999999,35.51937314164232,35.64907842121979,3,168,Georges Bank,6.081413030324581,6.301109876470461,-0.21969684614588036,156379801.38023305,Georges Bank
GB,1981,Fall,63,26213.000000000193,28.16799835568902,24,1,108,Georges Bank,10.809737317703815,11.364273827197954,-0.5545365094941381,127144361.8683703,Georges Bank
GB,1981,Spring,51,22470.00000000003,38.00380123165114,34,2,119,Georges Bank,5.9987348082333485,6.301109876470461,-0.30237506823711247,127144361.8683703,Georges Bank
GB,1982,Fall,55,21109.000000000025,21.17796045904852,16.125325420598315,2,112,Georges Bank,10.90921616441738,11.364273827197954,-0.4550576627805736,128731073.52893344,Georges Bank
GB,1982,Spring,50,9351.999999999993,41.31628303098594,38.47732762922902,2,112,Georges Bank,5.76736758871152,6.301109876470461,-0.5337422877589413,128731073.52893344,Georges Bank
GB,1983,Fall,54,16952.999999999978,26.765479218270283,17,2,109,Georges Bank,10.780322021593593,11.364273827197954,-0.5839518056043609,112567879.99628754,Georges Bank
GB,1983,Spring,56,15691.999999999984,32.879106410840876,31,3,135,Georges Bank,6.820475126240676,6.301109876470461,0.5193652497702148,112567879.99628754,Georges Bank
GB,1984,Fall,61,16583.000000000015,24.407691131514735,19,1,110,Georges Bank,10.885247101017026,11.364273827197954,-0.479026726180928,95159057.90225664,Georges Bank
GB,1984,Spring,47,6644.999999999985,38.849244557942946,33,2,112,Georges Bank,6.30968040241289,6.301109876470461,0.0085705259424289,95159057.90225664,Georges Bank
GB,1985,Fall,70,45738.99999999997,15.807275856915588,7,1,114,Georges Bank,11.88135897152659,11.364273827197954,0.517085144328636,112621113.92985287,Georges Bank
GB,1985,Spring,53,15246,36.597730552276005,33,3,125,Georges Bank,6.569108702395874,6.301109876470461,0.2679988259254129,112621113.92985287,Georges Bank
GB,1986,Fall,64,20124.999999999993,30.721541819484784,27,1,108,Georges Bank,12.05019731854274,11.364273827197954,0.685923491344786,90766286.92387594,Georges Bank
GB,1986,Spring,56,14952,34.25374531835206,30,3,127,Georges Bank,6.985415411112122,6.301109876470461,0.6843055346416609,90766286.92387594,Georges Bank
GB,1987,Fall,52,17462,36.5869316229527,36,2,136,Georges Bank,10.438199629714456,11.364273827197954,-0.9260741974834978,91635392.87126482,Georges Bank
GB,1987,Spring,48,13743.000000000004,40.262230468844734,33,3,131,Georges Bank,5.94188449396828,6.301109876470461,-0.3592253825021814,91635392.87126482,Georges Bank
GB,1988,Fall,53,19835,20.928762288883288,14,2,115,Georges Bank,10.486163212412176,11.364273827197954,-0.8781106147857773,110580907.09503016,Georges Bank
GB,1988,Spring,55,13143,49.96111998782622,54.782608695649465,3,120,Georges Bank,5.851621881738271,6.301109876470461,-0.4494879947321904,110580907.09503016,Georges Bank
GB,1989,Fall,68,29300.000000000055,18.13355350462589,12,1,106,Georges Bank,11.286745345446556,11.364273827197954,-0.07752848175139881,106721378.5718729,Georges Bank
GB,1989,Spring,50,10122.000000000024,36.65112352757402,34,3,120,Georges Bank,6.028483347820314,6.301109876470461,-0.2726265286501466,106721378.5718729,Georges Bank
GB,1990,Fall,64,34066.99999999996,19.540141158693483,12,2,111,Georges Bank,10.99407268352339,11.364273827197954,-0.3702011436745636,125737601.91874053,Georges Bank
GB,1990,Spring,49,20001.999999999764,54.999051179551095,61,2,140,Georges Bank,6.356982731033898,6.301109876470461,0.05587285456343682,125737601.91874053,Georges Bank
GB,1991,Fall,51,18645.999999999985,19.204807056975213,14,3,106,Georges Bank,12.246679637900495,11.364273827197954,0.8824058107025436,116792593.1487448,Georges Bank
GB,1991,Spring,51,12231.000000000016,38.931432160728605,35,3,127,Georges Bank,7.044591993243396,6.301109876470461,0.7434821167729346,116792593.1487448,Georges Bank
GB,1992,Fall,54,27620,18.80434467776973,12,2,103,Georges Bank,10.43948745892378,11.364273827197954,-0.924786368274173,108900214.64094332,Georges Bank
GB,1992,Spring,49,12103,40.506568619350574,37,5,111,Georges Bank,6.189041339261933,6.301109876470461,-0.11206853720852816,108900214.64094332,Georges Bank
GB,1993,Fall,62,21536.000000000033,17.657794141970708,15,1,128,Georges Bank,11.76603083264996,11.364273827197954,0.401757005452005,110788664.71723711,Georges Bank
GB,1993,Spring,53,16053,40.67844016694699,35,1,115,Georges Bank,5.772696188933958,6.301109876470461,-0.5284136875365029,110788664.71723711,Georges Bank
GB,1994,Fall,64,29945,14.81936884287861,10,2,106,Georges Bank,12.090673108149968,11.364273827197954,0.7263992809520143,79198781.64260153,Georges Bank
GB,1994,Spring,54,16374.000000000096,33.666534615839744,32,2,121,Georges Bank,6.6770291820446745,6.301109876470461,0.3759193055742136,79198781.64260153,Georges Bank
GB,1995,Fall,67,26766,19.24295748337443,14,1,114,Georges Bank,12.329889863900233,11.364273827197954,0.9656160367022792,70042941.23686618,Georges Bank
GB,1995,Spring,57,15851,26.67472083780203,20,1,111,Georges Bank,6.699696724554299,6.301109876470461,0.3985868480838377,70042941.23686618,Georges Bank
GB,1996,Fall,51,14390,23.993259207783183,23,2,101,Georges Bank,9.532117822194715,11.364273827197954,-1.8321560050032384,87339361.01089016,Georges Bank
GB,1996,Spring,57,23833,33.42604791675408,26,3,103,Georges Bank,5.889813220719438,6.301109876470461,-0.41129665575102337,87339361.01089016,Georges Bank
GB,1997,Fall,60,19996,22.37617523504701,23,1,106,Georges Bank,11.397973843364577,11.364273827197954,0.03370001616662144,89213428.05063123,Georges Bank
GB,1997,Spring,52,13195,39.35953012504736,30,3,95,Georges Bank,6.062828551701935,6.301109876470461,-0.2382813247685256,89213428.05063123,Georges Bank
GB,1998,Fall,71,26916,20.39545251894784,17,1,121,Georges Bank,10.328975356448725,11.364273827197954,-1.035298470749229,145326809.45432845,Georges Bank
GB,1998,Spring,52,10031,44.30096700229289,38,2,123,Georges Bank,5.835254482021915,6.301109876470461,-0.4658553944485462,145326809.45432845,Georges Bank
GB,1999,Fall,65,46682,12.484897819287948,7,1,116,Georges Bank,13.298922858428636,11.364273827197954,1.9346490312306823,103073858.76425904,Georges Bank
GB,1999,Spring,54,17565,34.12803871335041,25,4,121,Georges Bank,6.873922884295877,6.301109876470461,0.5728130078254159,103073858.76425904,Georges Bank
GB,2000,Fall,58,27200,17.90966911764706,15,2,122,Georges Bank,11.387667054411354,11.364273827197954,0.02339322721340053,128304800.6453032,Georges Bank
GB,2000,Spring,49,24217,26.01849940124706,20,1,127,Georges Bank,7.492422744037282,6.301109876470461,1.191312867566821,128304800.6453032,Georges Bank
GB,2001,Fall,71,37290,15.65644945025476,12,1,126,Georges Bank,11.781847352246311,11.364273827197954,0.4175735250483577,215898517.3685564,Georges Bank
GB,2001,Spring,56,23181,26.49186834045123,25,1,115,Georges Bank,6.584225673461316,6.301109876470461,0.2831157969908551,215898517.3685564,Georges Bank
GB,2002,Fall,67,32635,25.745671824728053,24,1,129,Georges Bank,12.5313288053519,11.364273827197954,1.1670549781539457,142183437.92645255,Georges Bank
GB,2002,Spring,60,20367,36.8310502283105,32,1,128,Georges Bank,6.983984133052701,6.301109876470461,0.6828742565822399,142183437.92645255,Georges Bank
GB,2003,Fall,70,42525,17.306455026455026,13,1,120,Georges Bank,11.21695167789435,11.364273827197954,-0.1473221493036032,157756863.13897887,Georges Bank
GB,2003,Spring,52,7555.000000000018,37.83716896736078,33,1,110,Georges Bank,5.603456308304019,6.301109876470461,-0.6976535681664418,157756863.13897887,Georges Bank
GB,2004,Fall,70,29019,26.409869395913024,25,1,126,Georges Bank,9.821495249873408,11.364273827197954,-1.5427785773245457,161967625.96260598,Georges Bank
GB,2004,Spring,53,15992,28.66008004002001,22,1,107,Georges Bank,5.162019939407165,6.301109876470461,-1.1390899370632956,161967625.96260598,Georges Bank
GB,2005,Fall,71,25183,31.76317356947147,31,1,132,Georges Bank,11.049019199996216,11.364273827197954,-0.3152546272017389,131012904.80611816,Georges Bank
GB,2005,Spring,55,11111,30.509675096750968,27,1,110,Georges Bank,5.4604721898289394,6.301109876470461,-0.8406376866415215,131012904.80611816,Georges Bank
GB,2006,Fall,73,45778,19.249595875748177,13,1,127,Georges Bank,11.262873753981332,11.364273827197954,-0.10140007321662203,109842634.59707728,Georges Bank
GB,2006,Spring,65,12852,31.473622782446313,28,2,134,Georges Bank,6.346321791699988,6.301109876470461,0.04521191522952694,109842634.59707728,Georges Bank
GB,2007,Fall,72,39621,25.799853612983014,23,1,128,Georges Bank,10.065378292399831,11.364273827197954,-1.298895534798122,97298125.03546272,Georges Bank
GB,2007,Spring,57,19908,33.623467952581876,30,1,133,Georges Bank,5.442096077528449,6.301109876470461,-0.8590137989420121,97298125.03546272,Georges Bank
GB,2008,Fall,68,22317,29.580364744365284,26,1,125,Georges Bank,11.263511963551313,11.364273827197954,-0.10076186364664252,99902516.47608316,Georges Bank
GB,2008,Spring,53,12835,33.19407869107908,30,2,95,Georges Bank,6.117472859555255,6.301109876470461,-0.18363701691520615,99902516.47608316,Georges Bank
GB,2009,Fall,71,37890.99999999981,25.889460943225828,22,2,130,Georges Bank,12.700027656651503,11.364273827197954,1.3357538294535516,131358960.03171998,Georges Bank
GB,2009,Spring,70,16783.00000000009,30.468123614938712,28,1,138,Georges Bank,6.333355612436284,6.301109876470461,0.03224573596582303,131358960.03171998,Georges Bank
GB,2010,Fall,86,98579,14.33433205269456,7,1,133,Georges Bank,12.06146285949158,11.364273827197954,0.6971890322936254,109643448.97375724,Georges Bank
GB,2010,Spring,62,16007.000000000073,26.28668068167192,24,1,128,Georges Bank,7.6048222205003615,6.301109876470461,1.3037123440299003,109643448.97375724,Georges Bank
GB,2011,Fall,81,50795.00000000039,26.037592422133795,25,1,131,Georges Bank,11.793525657908583,11.364273827197954,0.4292518307106299,148845485.44379002,Georges Bank
GB,2011,Spring,66,31978.999999999727,23.37240936245035,20,1,124,Georges Bank,6.819724183625359,6.301109876470461,0.5186143071548983,148845485.44379002,Georges Bank
GB,2012,Fall,81,184588.99999999985,17.58270359269821,7,1,130,Georges Bank,13.332908732313816,11.364273827197954,1.968634905115863,146952162.77094746,Georges Bank
GB,2012,Spring,65,40314.99999999995,24.47158858780035,24,1,193,Georges Bank,8.023089687073329,6.301109876470461,1.7219798106028676,146952162.77094746,Georges Bank
GB,2013,Fall,81,209805.0000000012,16.909039397693732,15,1,120,Georges Bank,12.97748466574476,11.364273827197954,1.6132108385468058,139185404.10651207,Georges Bank
GB,2013,Spring,70,32227.999999999876,27.319901827038688,27,1,121,Georges Bank,7.513345343432667,6.301109876470461,1.2122354669622055,139185404.10651207,Georges Bank
GB,2014,Fall,83,97454.99999999904,22.383392561643088,22,0,136,Georges Bank,13.523275028772586,11.364273827197954,2.1590012015746325,150186980.44952935,Georges Bank
GB,2014,Spring,61,142723.00000000047,22.83405250039181,20,1,133,Georges Bank,6.809495365521912,6.301109876470461,0.5083854890514514,150186980.44952935,Georges Bank
GB,2015,Fall,77,66079.00000000026,26.395272472297293,28,2,125,Georges Bank,13.574142974089128,11.364273827197954,2.209869146891174,133005699.69188891,Georges Bank
GB,2015,Spring,70,86473.99999999827,25.561266708784576,24.704616601255147,1,122,Georges Bank,7.20306985702142,6.301109876470461,0.9019599805509592,133005699.69188891,Georges Bank
GB,2016,Fall,79,129247.99999999849,19.042628521513485,17,1,144,Georges Bank,13.822184978592132,11.364273827197954,2.4579111513941783,103063288.11424533,Georges Bank
GB,2016,Spring,77,50516.00000000037,30.67860818984428,30,1,480,Georges Bank,7.985636847899568,6.301109876470461,1.684526971429107,103063288.11424533,Georges Bank
GB,2017,Fall,69,49259.99999999986,22.3168724042379,14,1,118,Georges Bank,13.034899594286731,11.364273827197954,1.6706257670887794,87910223.93113852,Georges Bank
GB,2017,Spring,70,36378.99999999996,29.141297993543983,27,2,141,Georges Bank,6.813440471639116,6.301109876470461,0.5123305951686552,87910223.93113852,Georges Bank
GB,2018,Fall,70,54785.999999999985,16.833622310671913,8,1,120,Georges Bank,12.757454045910343,11.364273827197954,1.3931802187123914,75894248.83166532,Georges Bank
GB,2018,Spring,64,20502.000000000033,28.950170275055825,29,1,129,Georges Bank,7.510661317398125,6.301109876470461,1.2095514409276644,75894248.83166532,Georges Bank
GB,2019,Fall,72,57112.0000000007,28.897936670020854,19,1,127,Georges Bank,11.96212747091576,11.364273827197954,0.5978536437178068,49771086.82895124,Georges Bank
GB,2019,Spring,62,29865.999999999887,25.18094433353472,23,1,191,Georges Bank,6.66164533522968,6.301109876470461,0.36053545875921866,49771086.82895124,Georges Bank
GoM,1970,Fall,47,10314.999999999987,34.46635281617417,28,3,129,Gulf of Maine,7.225850052113284,7.58698901219138,-0.36113896007809654,205627805.2759761,Gulf of Maine
GoM,1970,Spring,46,10308.999999999993,33.95152952856727,30,1,118,Gulf of Maine,6.097260028330434,6.624192595080466,-0.5269325667500313,205627805.2759761,Gulf of Maine
GoM,1971,Fall,56,10145.999999999973,33.96492346397585,30,3,130,Gulf of Maine,6.854390709070237,7.58698901219138,-0.7325983031211436,201270622.11918563,Gulf of Maine
GoM,1971,Spring,45,12267,32.5313426920306,30,4,121,Gulf of Maine,5.8420943209142395,6.624192595080466,-0.7820982741662261,201270622.11918563,Gulf of Maine
GoM,1972,Fall,56,15058.00000000001,31.64152754342968,27,2,135,Gulf of Maine,7.163878515699674,7.58698901219138,-0.42311049649170673,194843754.0329508,Gulf of Maine
GoM,1972,Spring,49,15016.999999999978,30.337143636103097,28,3,112,Gulf of Maine,6.1098683208929945,6.624192595080466,-0.5143242741874712,194843754.0329508,Gulf of Maine
GoM,1973,Fall,50,8572.999999999989,34.8243255516777,31,2,130,Gulf of Maine,6.859311343766963,7.58698901219138,-0.7276776684244171,215848774.6783184,Gulf of Maine
GoM,1973,Spring,51,9994.00000000001,36.890365871427115,30,3,132,Gulf of Maine,6.025237694943794,6.624192595080466,-0.5989549001366719,215848774.6783184,Gulf of Maine
GoM,1974,Fall,50,9917.999999999996,30.905600350198448,28,2,130,Gulf of Maine,7.83618224452252,7.58698901219138,0.24919323233113919,241404157.37841457,Gulf of Maine
GoM,1974,Spring,49,10986.000000000002,30.584437668759858,24,3,130,Gulf of Maine,6.676917287050119,6.624192595080466,0.05272469196965357,241404157.37841457,Gulf of Maine
GoM,1975,Fall,55,30349.00000000003,23.860147202485702,17,3,118,Gulf of Maine,8.141670059340697,7.58698901219138,0.5546810471493169,236489528.70292068,Gulf of Maine
GoM,1975,Spring,53,15694.999999999998,26.697305272587307,20,3,120,Gulf of Maine,7.395399289334972,6.624192595080466,0.7712066942545066,236489528.70292068,Gulf of Maine
GoM,1976,Fall,53,17226.000000000015,36.249295902587384,30,1,134,Gulf of Maine,8.747236982149483,7.58698901219138,1.1602479699581023,321534609.56247854,Gulf of Maine
GoM,1976,Spring,54,18326.999999999953,31.146610878331753,26,4,141,Gulf of Maine,7.752861579108431,6.624192595080466,1.1286689840279651,321534609.56247854,Gulf of Maine
GoM,1977,Fall,57,19273.00000000016,35.04817861256025,32,2,126,Gulf of Maine,7.296577942830976,7.58698901219138,-0.2904110693604043,346309447.7715057,Gulf of Maine
GoM,1977,Spring,48,34832.00000000004,24.94114878298678,20,3,133,Gulf of Maine,5.846221043761372,6.624192595080466,-0.7779715513190935,346309447.7715057,Gulf of Maine
GoM,1978,Fall,67,30433.999999999996,33.82183181803352,30,1,146,Gulf of Maine,6.8328676893049884,7.58698901219138,-0.7541213228863919,357083259.2527962,Gulf of Maine
GoM,1978,Spring,55,8701.000000000011,35.826657082108,32,1,131,Gulf of Maine,5.723111102901887,6.624192595080466,-0.9010814921785784,357083259.2527962,Gulf of Maine
GoM,1979,Fall,57,28731.000000000186,33.46203600436562,28,1,133,Gulf of Maine,6.901917830759596,7.58698901219138,-0.685071181431784,405438329.4088628,Gulf of Maine
GoM,1979,Spring,53,16519.99999999996,27.627065386011356,26,2,133,Gulf of Maine,5.67686030238142,6.624192595080466,-0.9473322926990456,405438329.4088628,Gulf of Maine
GoM,1980,Fall,57,15394.99999999999,30.453595195864313,28,2,127,Gulf of Maine,7.374583509514998,7.58698901219138,-0.2124055026763827,475976960.04513747,Gulf of Maine
GoM,1980,Spring,54,11678.999999999987,30.30857431414282,27,2,125,Gulf of Maine,5.859807022604419,6.624192595080466,-0.7643855724760469,475976960.04513747,Gulf of Maine
GoM,1981,Fall,53,11508.999999999996,30.03054218610145,28,3,134,Gulf of Maine,7.039715994241452,7.58698901219138,-0.5472730179499283,406571779.3097132,Gulf of Maine
GoM,1981,Spring,62,28603.000000000025,23.61005745300703,16,3,124,Gulf of Maine,5.510634351656247,6.624192595080466,-1.1135582434242188,406571779.3097132,Gulf of Maine
GoM,1982,Fall,61,36688.99999999996,19.7018519354713,14,1,114,Gulf of Maine,6.6083745794070685,7.58698901219138,-0.9786144327843118,321051100.1190889,Gulf of Maine
GoM,1982,Spring,52,9351.999999999984,38.3361447353809,33,2,132,Gulf of Maine,5.625268474791142,6.624192595080466,-0.998924120289324,321051100.1190889,Gulf of Maine
GoM,1983,Fall,55,12130.99999999999,32.69882234211228,27,1,124,Gulf of Maine,7.0370769267109745,7.58698901219138,-0.5499120854804058,324817281.56114334,Gulf of Maine
GoM,1983,Spring,51,11166.000000000004,26.78233138834262,22,4,135,Gulf of Maine,5.81736746498479,6.624192595080466,-0.8068251300956755,324817281.56114334,Gulf of Maine
GoM,1984,Fall,63,7477.99999999999,34.82146023903871,31,3,123,Gulf of Maine,7.752150464053482,7.58698901219138,0.16516145186210185,332888187.0161219,Gulf of Maine
GoM,1984,Spring,48,6579.999999999981,33.89673842110626,28,3,118,Gulf of Maine,6.572373585344767,6.624192595080466,-0.05181900973569853,332888187.0161219,Gulf of Maine
GoM,1985,Fall,62,17316.000000000022,26.45795802653422,25,2,128,Gulf of Maine,7.969396140438193,7.58698901219138,0.3824071282468129,261594478.1839432,Gulf of Maine
GoM,1985,Spring,54,9788,37.009194932570495,33,3,117,Gulf of Maine,6.5699187830013654,6.624192595080466,-0.0542738120791002,261594478.1839432,Gulf of Maine
GoM,1986,Fall,61,16390.000000000004,31.334807399840063,25,1,128,Gulf of Maine,8.0012623181177,7.58698901219138,0.4142733059263195,257476520.8265104,Gulf of Maine
GoM,1986,Spring,53,10536,28.043090356871677,20,1,122,Gulf of Maine,6.869493492447833,6.624192595080466,0.24530089736736735,257476520.8265104,Gulf of Maine
GoM,1987,Fall,58,9732,32.441224825318535,28,2,113,Gulf of Maine,7.507331337163203,7.58698901219138,-0.07965767502817744,245696337.1722183,Gulf of Maine
GoM,1987,Spring,48,8488.000000000013,31.06409309418271,26,3,136,Gulf of Maine,6.252062685915057,6.624192595080466,-0.3721299091654089,245696337.1722183,Gulf of Maine
GoM,1988,Fall,53,17564,29.206843543611935,22,3,136,Gulf of Maine,7.7497880925810705,7.58698901219138,0.16279908038969015,241494780.76732755,Gulf of Maine
GoM,1988,Spring,56,15967,22.946389428195655,17,2,110,Gulf of Maine,6.765043658748895,6.624192595080466,0.14085106366842923,241494780.76732755,Gulf of Maine
GoM,1989,Fall,62,19146.999999999854,29.829671888214296,26,1,112,Gulf of Maine,7.435120972563022,7.58698901219138,-0.1518680396283587,212814340.74506608,Gulf of Maine
GoM,1989,Spring,54,13879.999999999933,22.993354603563745,18,1,125,Gulf of Maine,6.02373590144873,6.624192595080466,-0.6004566936317355,212814340.74506608,Gulf of Maine
GoM,1990,Fall,62,24133.999999999796,40.83077950014981,30,2,119,Gulf of Maine,7.734164384069068,7.58698901219138,0.1471753718776876,241576898.15481943,Gulf of Maine
GoM,1990,Spring,58,10390.000000000022,31.727679084265112,26,3,119,Gulf of Maine,6.372984212051113,6.624192595080466,-0.25120838302935233,241576898.15481943,Gulf of Maine
GoM,1991,Fall,56,20138.00000000001,34.89303667631334,28,2,114,Gulf of Maine,8.12404577723205,7.58698901219138,0.5370567650406697,290293345.4866287,Gulf of Maine
GoM,1991,Spring,56,8077.000000000034,25.92274025406137,19,4,131,Gulf of Maine,6.79491532910327,6.624192595080466,0.1707227340228039,290293345.4866287,Gulf of Maine
GoM,1992,Fall,55,22229,32.9634711413019,26,2,115,Gulf of Maine,6.609110535969612,7.58698901219138,-0.9778784762217684,304655559.8866239,Gulf of Maine
GoM,1992,Spring,59,22338,24.40137881636673,19,4,139,Gulf of Maine,5.654052596467333,6.624192595080466,-0.9701399986131324,304655559.8866239,Gulf of Maine
GoM,1993,Fall,61,19589.999999999935,24.86692950287323,23,2,118,Gulf of Maine,7.736252007304145,7.58698901219138,0.14926299511276486,272981481.1330265,Gulf of Maine
GoM,1993,Spring,57,13380,30.237219730941703,25,1,129,Gulf of Maine,6.229581513295915,6.624192595080466,-0.39461108178455095,272981481.1330265,Gulf of Maine
GoM,1994,Fall,62,22420,30.916681534344335,25,1,112,Gulf of Maine,8.317051427349694,7.58698901219138,0.7300624151583142,226413342.28790623,Gulf of Maine
GoM,1994,Spring,60,13344.999999999998,33.01414759153946,24,2,111,Gulf of Maine,7.425330807684799,6.624192595080466,0.8011382126043332,226413342.28790623,Gulf of Maine
GoM,1995,Fall,66,44053,22.96284021519533,23,1,126,Gulf of Maine,8.150950327290795,7.58698901219138,0.5639613150994149,271738806.9395939,Gulf of Maine
GoM,1995,Spring,60,16975,24.563534609720175,17,3,126,Gulf of Maine,7.389617916418949,6.624192595080466,0.7654253213384834,271738806.9395939,Gulf of Maine
GoM,1996,Fall,60,22299,26.341629669491905,24,2,104,Gulf of Maine,7.819386573418667,7.58698901219138,0.2323975612272866,272889403.6635198,Gulf of Maine
GoM,1996,Spring,58,11006,33.402962020715975,26,2,112,Gulf of Maine,7.400760248599899,6.624192595080466,0.7765676535194332,272889403.6635198,Gulf of Maine
GoM,1997,Fall,60,21621,30.832385181073956,26,1,125,Gulf of Maine,7.861258130887075,7.58698901219138,0.2742691186956945,273377608.7727549,Gulf of Maine
GoM,1997,Spring,60,37241,22.655943717945274,20,2,108,Gulf of Maine,7.240308309389812,6.624192595080466,0.6161157143093465,273377608.7727549,Gulf of Maine
GoM,1998,Fall,66,41094,24.43512434905339,22,2,97,Gulf of Maine,6.672216577671119,7.58698901219138,-0.9147724345202616,194628603.59426332,Gulf of Maine
GoM,1998,Spring,64,31791,23.715422603881603,16,1,124,Gulf of Maine,6.423215838711141,6.624192595080466,-0.20097675636932433,194628603.59426332,Gulf of Maine
GoM,1999,Fall,67,47146,24.934225597081408,23,2,111,Gulf of Maine,8.253344055637786,7.58698901219138,0.6663550434464058,225252583.668383,Gulf of Maine
GoM,1999,Spring,57,15792,26.04673252279635,22,1,154,Gulf of Maine,6.599113874358119,6.624192595080466,-0.0250787207223464,225252583.668383,Gulf of Maine
GoM,2000,Fall,67,33657,30.21439819354072,25,2,113,Gulf of Maine,7.9370715783503405,7.58698901219138,0.35008256615896016,205750278.2100087,Gulf of Maine
GoM,2000,Spring,63,36242,24.28196567518349,22,1,126,Gulf of Maine,7.30425751625657,6.624192595080466,0.6800649211761041,205750278.2100087,Gulf of Maine
GoM,2001,Fall,66,25904,32.22378783199506,26,2,127,Gulf of Maine,7.56373240841592,7.58698901219138,-0.02325660377546068,181124048.71463323,Gulf of Maine
GoM,2001,Spring,66,28987,25.36095491082209,23,1,115,Gulf of Maine,7.049815657765618,6.624192595080466,0.425623062685152,181124048.71463323,Gulf of Maine
GoM,2002,Fall,65,44240,28.82952079566004,25,1,129,Gulf of Maine,8.212129466998597,7.58698901219138,0.6251404548072168,196558376.5403216,Gulf of Maine
GoM,2002,Spring,65,29447,28.25506842802323,25,1,133,Gulf of Maine,7.203254483667647,6.624192595080466,0.579061888587181,196558376.5403216,Gulf of Maine
GoM,2003,Fall,65,42187,26.07009268257994,25,1,126,Gulf of Maine,7.397220331953322,7.58698901219138,-0.1897686802380587,197558212.31080037,Gulf of Maine
GoM,2003,Spring,60,20974.999999999975,23.996085174493615,20,1,132,Gulf of Maine,6.5662483052967575,6.624192595080466,-0.05794428978370813,197558212.31080037,Gulf of Maine
GoM,2004,Fall,68,22123,32.27026171857343,27,1,128,Gulf of Maine,6.581052144991661,7.58698901219138,-1.0059368671997193,190476392.43012396,Gulf of Maine
GoM,2004,Spring,61,25109,23.798518459516508,22,1,124,Gulf of Maine,6.002001214808151,6.624192595080466,-0.6221913802723149,190476392.43012396,Gulf of Maine
GoM,2005,Fall,68,24932,36.2216428686026,27,2,129,Gulf of Maine,7.419403331305067,7.58698901219138,-0.16758568088631343,185089071.23765096,Gulf of Maine
GoM,2005,Spring,51,14840,26.64898921832884,25,1,122,Gulf of Maine,6.0363671868446565,6.624192595080466,-0.5878254082358092,185089071.23765096,Gulf of Maine
GoM,2006,Fall,69,43260,33.90797503467407,25,1,127,Gulf of Maine,8.105191284696756,7.58698901219138,0.5182022725053761,181163926.431085,Gulf of Maine
GoM,2006,Spring,66,12000,31.1845,24,2,113,Gulf of Maine,7.187817332339621,6.624192595080466,0.563624737259155,181163926.431085,Gulf of Maine
GoM,2007,Fall,73,38594,31.34585686894336,24,1,140,Gulf of Maine,6.947087851781201,7.58698901219138,-0.6399011604101794,152483849.78888476,Gulf of Maine
GoM,2007,Spring,60,23030,25.3951367781155,22,2,110,Gulf of Maine,6.716049679533998,6.624192595080466,0.09185708445353225,152483849.78888476,Gulf of Maine
GoM,2008,Fall,72,34285,30.808371007729328,26,1,130,Gulf of Maine,6.992881130390625,7.58698901219138,-0.5941078818007552,168038134.65043786,Gulf of Maine
GoM,2008,Spring,63,27209,25.64269175640413,23,1,133,Gulf of Maine,6.488449307654655,6.624192595080466,-0.13574328742581088,168038134.65043786,Gulf of Maine
GoM,2009,Fall,68,42392.99999999979,25.49495840795139,19,1,125,Gulf of Maine,7.145660459220375,7.58698901219138,-0.44132855297100537,154248031.37979662,Gulf of Maine
GoM,2009,Spring,72,31559.000000000073,21.53957089197973,19,1,107,Gulf of Maine,6.613410577861017,6.624192595080466,-0.01078201721944882,154248031.37979662,Gulf of Maine
GoM,2010,Fall,71,45399.99999999983,25.155728125907885,23,1,128,Gulf of Maine,8.218822613533348,7.58698901219138,0.6318336013419676,112599140.0015282,Gulf of Maine
GoM,2010,Spring,71,46388.00000000063,20.520638012153764,15,1,132,Gulf of Maine,7.023003588099646,6.624192595080466,0.3988109930191808,112599140.0015282,Gulf of Maine
GoM,2011,Fall,67,50379.99999999995,25.275106826467113,23,1,125,Gulf of Maine,8.355227882317223,7.58698901219138,0.7682388701258427,118358962.9938558,Gulf of Maine
GoM,2011,Spring,69,32976.00000000004,24.258507015024676,22,1,127,Gulf of Maine,8.042593561590552,6.624192595080466,1.4184009665100863,118358962.9938558,Gulf of Maine
GoM,2012,Fall,77,78695.0000000013,30.429356923856655,24,1,141,Gulf of Maine,8.819582334309011,7.58698901219138,1.2325933221176308,110814838.17403404,Gulf of Maine
GoM,2012,Spring,69,57113.000000001426,21.749800094585957,18,1,124,Gulf of Maine,8.106801153402076,6.624192595080466,1.4826085583216102,110814838.17403404,Gulf of Maine
GoM,2013,Fall,68,62059.00000000044,30.078503284622027,24,1,125,Gulf of Maine,9.37665897647547,7.58698901219138,1.78966996428409,102686167.12530608,Gulf of Maine
GoM,2013,Spring,67,43297.99999999935,24.17982356637514,21,1,135,Gulf of Maine,7.555670244691998,6.624192595080466,0.9314776496115328,102686167.12530608,Gulf of Maine
GoM,2014,Fall,73,66890.99999999988,27.210697965737214,25,1,211,Gulf of Maine,8.78756664911225,7.58698901219138,1.2005776369208698,116541855.67046586,Gulf of Maine
GoM,2014,Spring,64,40089.99999999979,23.16754807693973,21,1,133,Gulf of Maine,7.939860243246497,6.624192595080466,1.3156676481660314,116541855.67046586,Gulf of Maine
GoM,2015,Fall,68,62844.00000000017,27.234409591281928,26,1,145,Gulf of Maine,8.742421874766421,7.58698901219138,1.155432862575041,105581919.60204768,Gulf of Maine
GoM,2015,Spring,73,70698.00000000077,22.833430907607195,24,1,129,Gulf of Maine,7.929472815926759,6.624192595080466,1.305280220846293,105581919.60204768,Gulf of Maine
GoM,2016,Fall,68,96679.99999999716,34.93031031337236,27,1,122,Gulf of Maine,9.428459485066982,7.58698901219138,1.841470472875602,110715695.63481437,Gulf of Maine
GoM,2016,Spring,63,62533.0000000006,31.304924370532365,27,1,117,Gulf of Maine,8.218121541706006,6.624192595080466,1.5939289466255406,110715695.63481437,Gulf of Maine
GoM,2017,Fall,58,54089.00000000046,35.26786400346685,27,1,127,Gulf of Maine,8.982953993433524,7.58698901219138,1.3959649812421435,116291845.0667924,Gulf of Maine
GoM,2017,Spring,59,40319.99999999974,27.230981404993457,25,1,131,Gulf of Maine,7.897124749349599,6.624192595080466,1.2729321542691334,116291845.0667924,Gulf of Maine
GoM,2018,Fall,62,28772.000000000153,28.41360585016732,25,1,134,Gulf of Maine,8.846908351331033,7.58698901219138,1.2599193391396524,105156065.04387788,Gulf of Maine
GoM,2018,Spring,55,18937.000000000124,24.22382510587572,23,1,133,Gulf of Maine,8.389193560520164,6.624192595080466,1.7650009654396983,105156065.04387788,Gulf of Maine
GoM,2019,Fall,64,31927.000000000706,28.680667107390057,26,1,126,Gulf of Maine,9.64186174874866,7.58698901219138,2.0548727365572796,73262855.40843308,Gulf of Maine
GoM,2019,Spring,66,28286.000000000357,25.77952481979445,23,1,137,Gulf of Maine,8.219224170845225,6.624192595080466,1.595031575764759,73262855.40843308,Gulf of Maine
MAB,1970,Fall,55,25772.99999999998,14.561558129055328,15,1,190,Mid-Atlantic Bight,13.839641797124068,14.421963910975771,-0.5823221138517045,8818.48,Mid-Atlantic Bight
MAB,1970,Spring,56,37954.999999999985,13.779715243905494,11,2,110,Mid-Atlantic Bight,8.150002995694127,8.445150233826018,-0.29514723813189114,8818.48,Mid-Atlantic Bight
MAB,1971,Fall,71,35413.00000000001,11.871155351137077,12,1,254,Mid-Atlantic Bight,13.118718570138675,14.421963910975771,-1.3032453408370976,22569.97315861396,Mid-Atlantic Bight
MAB,1971,Spring,63,38058.999999999985,16.533750600476385,12,1,126,Mid-Atlantic Bight,7.692081767598131,8.445150233826018,-0.7530684662278873,22569.97315861396,Mid-Atlantic Bight
MAB,1972,Fall,65,32532,9.882933368905183,10,1,160,Mid-Atlantic Bight,13.83053682551337,14.421963910975771,-0.5914270854624029,143854.82892035495,Mid-Atlantic Bight
MAB,1972,Spring,64,61881.000000000015,13.386241473946658,11,2,119,Mid-Atlantic Bight,8.373492366582349,8.445150233826018,-0.07165786724366896,143854.82892035495,Mid-Atlantic Bight
MAB,1973,Fall,71,42349,11.518046800694185,11,1,186,Mid-Atlantic Bight,13.559520145780924,14.421963910975771,-0.8624437651948487,680625.1905651211,Mid-Atlantic Bight
MAB,1973,Spring,61,78429.99999999971,25.28473649306124,23,2,109,Mid-Atlantic Bight,8.165143340631099,8.445150233826018,-0.2800068931949191,680625.1905651211,Mid-Atlantic Bight
MAB,1974,Fall,82,30857,9.462443078089448,11,1,134,Mid-Atlantic Bight,14.425368031024426,14.421963910975771,0.00340412004865342,128052.84771289292,Mid-Atlantic Bight
MAB,1974,Spring,74,41861,11.361603125700428,6,2,126,Mid-Atlantic Bight,9.757143502883975,8.445150233826018,1.3119932690579592,128052.84771289292,Mid-Atlantic Bight
MAB,1975,Fall,86,63186.000000000095,8.20235224416114,5,1,186,Mid-Atlantic Bight,13.871879704777836,14.421963910975771,-0.550084206197937,5093.993941957444,Mid-Atlantic Bight
MAB,1975,Spring,58,32206.000000000007,13.198131232165473,10,2,105,Mid-Atlantic Bight,8.601184106033644,8.445150233826018,0.156033872207626,5093.993941957444,Mid-Atlantic Bight
MAB,1976,Fall,100,83440,9.591251652330572,10,1,226,Mid-Atlantic Bight,12.960008870156072,14.421963910975771,-1.461955040819701,198862.7635020579,Mid-Atlantic Bight
MAB,1976,Spring,101,50529,12.345422387283197,10,1,120,Mid-Atlantic Bight,9.84756949147888,8.445150233826018,1.402419257652863,198862.7635020579,Mid-Atlantic Bight
MAB,1977,Fall,77,71389.99999999994,11.92964279858433,12,1,147,Mid-Atlantic Bight,13.267140324765183,14.421963910975771,-1.1548235862105898,121519.85548226708,Mid-Atlantic Bight
MAB,1977,Spring,84,24252.99999999999,19.230399923250417,17,1,116,Mid-Atlantic Bight,7.952035135242883,8.445150233826018,-0.49311509858313496,121519.85548226708,Mid-Atlantic Bight
MAB,1978,Fall,59,16569.000000000015,12.73541726345918,12,2,130,Mid-Atlantic Bight,14.265659562936031,14.421963910975771,-0.1563043480397397,61870304.43310472,Mid-Atlantic Bight
MAB,1978,Spring,69,48998.00000000005,20.787015714093172,14,2,116,Mid-Atlantic Bight,8.9670390632392,8.445150233826018,0.5218888294131823,61870304.43310472,Mid-Atlantic Bight
MAB,1979,Fall,72,51368.99999999995,11.805672890486866,11,1,180,Mid-Atlantic Bight,13.272415983770813,14.421963910975771,-1.1495479272049618,29571722.680609576,Mid-Atlantic Bight
MAB,1979,Spring,53,38345.00000000003,12.975690709596734,13,1,110,Mid-Atlantic Bight,8.119956387210783,8.445150233826018,-0.3251938466152353,29571722.680609576,Mid-Atlantic Bight
MAB,1980,Fall,55,35481.00000000005,10.789729259148425,11,1,185,Mid-Atlantic Bight,11.94383073284806,14.421963910975771,-2.478133178127713,40552651.13368314,Mid-Atlantic Bight
MAB,1980,Spring,80,50520.99999999993,17.344156482387866,16,2,123,Mid-Atlantic Bight,7.125228766534548,8.445150233826018,-1.3199214672914703,40552651.13368314,Mid-Atlantic Bight
MAB,1981,Fall,93,45438.99999999997,12.791745931586547,11,1,169,Mid-Atlantic Bight,12.52003527015004,14.421963910975771,-1.901928640825732,42214045.992978424,Mid-Atlantic Bight
MAB,1981,Spring,82,57718.99999999993,17.72988771740957,14,2,113,Mid-Atlantic Bight,7.529529646017222,8.445150233826018,-0.915620587808796,42214045.992978424,Mid-Atlantic Bight
MAB,1982,Fall,70,20464.999999999985,12.845751670486855,12,1,158,Mid-Atlantic Bight,14.19465429949109,14.421963910975771,-0.22730961148468332,28834238.95406694,Mid-Atlantic Bight
MAB,1982,Spring,79,34453.0000000001,20.606185905281425,11,2,110,Mid-Atlantic Bight,8.215907637735384,8.445150233826018,-0.2292425960906339,28834238.95406694,Mid-Atlantic Bight
MAB,1983,Fall,77,51430,10.749922463337082,11,1,195,Mid-Atlantic Bight,14.87771059770036,14.421963910975771,0.45574668672458785,29545042.486120556,Mid-Atlantic Bight
MAB,1983,Spring,63,18100.000000000015,35.59783697653994,20,3,112,Mid-Atlantic Bight,9.083805835169064,8.445150233826018,0.6386556013430464,29545042.486120556,Mid-Atlantic Bight
MAB,1984,Fall,76,40693.00000000001,11.030868558861084,11,2,153,Mid-Atlantic Bight,12.886608774212448,14.421963910975771,-1.5353551367633251,36133946.650253,Mid-Atlantic Bight
MAB,1984,Spring,69,29049,23.81631281394015,19,2,111,Mid-Atlantic Bight,7.3520358453717956,8.445150233826018,-1.0931143884542225,36133946.650253,Mid-Atlantic Bight
MAB,1985,Fall,101,58822.00000000007,12.352126135271975,11,1,186,Mid-Atlantic Bight,15.090057952401937,14.421963910975771,0.6680940414261638,27006304.127942126,Mid-Atlantic Bight
MAB,1985,Spring,62,55653,18.37909906024833,10,2,111,Mid-Atlantic Bight,9.061416349988022,8.445150233826018,0.616266116162004,27006304.127942126,Mid-Atlantic Bight
MAB,1986,Fall,91,34112.999999999956,11.11186304387261,11,1,172,Mid-Atlantic Bight,15.46742348194725,14.421963910975771,1.0454595709714771,28070688.975229505,Mid-Atlantic Bight
MAB,1986,Spring,64,30108,17.34718347283114,11,2,111,Mid-Atlantic Bight,9.3998678871878,8.445150233826018,0.9547176533617828,28070688.975229505,Mid-Atlantic Bight
MAB,1987,Fall,55,21718,12.685053872363936,11,1,123,Mid-Atlantic Bight,14.001507225396464,14.421963910975771,-0.4204566855793104,30011501.043750457,Mid-Atlantic Bight
MAB,1987,Spring,64,32935,30.93553969940793,20,2,111,Mid-Atlantic Bight,8.232620639489586,8.445150233826018,-0.21252959433643248,30011501.043750457,Mid-Atlantic Bight
MAB,1988,Fall,65,13948,10.85001433897333,11,1,174,Mid-Atlantic Bight,14.332391811750352,14.421963910975771,-0.08957209922541942,36493947.93785411,Mid-Atlantic Bight
MAB,1988,Spring,62,57810,13.853693132676009,11,2,109,Mid-Atlantic Bight,8.164068876983753,8.445150233826018,-0.28108135684226454,36493947.93785411,Mid-Atlantic Bight
MAB,1989,Fall,85,49507.99999999991,10.627904064551204,11,1,125,Mid-Atlantic Bight,14.138351171902151,14.421963910975771,-0.28361273907361984,642117992.6992118,Mid-Atlantic Bight
MAB,1989,Spring,61,42775,22.56453317791723,11,2,109,Mid-Atlantic Bight,8.536482872546475,8.445150233826018,0.09133263872045738,642117992.6992118,Mid-Atlantic Bight
MAB,1990,Fall,74,65040.000000000015,10.6214443200198,11,1,192,Mid-Atlantic Bight,14.569145903308648,14.421963910975771,0.1471819923328752,559568060.4158727,Mid-Atlantic Bight
MAB,1990,Spring,69,31560.999999999996,17.574508395812256,8,2,149,Mid-Atlantic Bight,10.036356863415024,8.445150233826018,1.5912066295890064,559568060.4158727,Mid-Atlantic Bight
MAB,1991,Fall,96,34860.99999999995,10.201149011806612,10,1,432,Mid-Atlantic Bight,14.758734472004528,14.421963910975771,0.3367705610287537,693316088.2552449,Mid-Atlantic Bight
MAB,1991,Spring,64,36391.000000000015,15.46401152624356,11,2,124,Mid-Atlantic Bight,9.594008435015956,8.445150233826018,1.1488582011899382,693316088.2552449,Mid-Atlantic Bight
MAB,1992,Fall,63,73746,6.147275784449326,4,1,140,Mid-Atlantic Bight,14.219765756882133,14.421963910975771,-0.20219815409364195,662119581.0722677,Mid-Atlantic Bight
MAB,1992,Spring,61,39975,22.714871794871794,11,2,120,Mid-Atlantic Bight,9.671783022561316,8.445150233826018,1.226632788735298,662119581.0722677,Mid-Atlantic Bight
MAB,1993,Fall,47,12097.000000000033,12.506497777179003,12,1,127,Mid-Atlantic Bight,13.450395908891766,14.421963910975771,-0.9715680020840072,725662536.1687098,Mid-Atlantic Bight
MAB,1993,Spring,68,39686,21.488308219523255,12,2,152,Mid-Atlantic Bight,6.968445332534684,8.445150233826018,-1.4767049012913338,725662536.1687098,Mid-Atlantic Bight
MAB,1994,Fall,75,88401,9.88738815171774,9,1,169,Mid-Atlantic Bight,14.541993404767933,14.421963910975771,0.120029493792158,605523336.0493478,Mid-Atlantic Bight
MAB,1994,Spring,58,30946.999999999967,31.30233805461185,20,2,104,Mid-Atlantic Bight,7.826897354101208,8.445150233826018,-0.6182528797248104,605523336.0493478,Mid-Atlantic Bight
MAB,1995,Fall,99,76195,13.680477721635278,13,1,154,Mid-Atlantic Bight,15.81638822126143,14.421963910975771,1.3944243102856575,799256281.7229925,Mid-Atlantic Bight
MAB,1995,Spring,61,15579,34.60093715899608,21,1,166,Mid-Atlantic Bight,8.864767366558278,8.445150233826018,0.41961713273225953,799256281.7229925,Mid-Atlantic Bight
MAB,1996,Fall,80,58141,14.80309936189608,14,1,118,Mid-Atlantic Bight,12.680094743927294,14.421963910975771,-1.7418691670484794,695637145.2657586,Mid-Atlantic Bight
MAB,1996,Spring,69,25505,43.57149578514017,30,2,117,Mid-Atlantic Bight,7.173931620826443,8.445150233826018,-1.2712186129995748,695637145.2657586,Mid-Atlantic Bight
MAB,1997,Fall,84,13591,10.672724597159885,11,1,174,Mid-Atlantic Bight,13.95773388779976,14.421963910975771,-0.4642300231760128,605655844.2214836,Mid-Atlantic Bight
MAB,1997,Spring,69,39036,15.457782559688493,10,2,108,Mid-Atlantic Bight,9.970389310200888,8.445150233826018,1.52523907637487,605655844.2214836,Mid-Atlantic Bight
MAB,1998,Fall,88,51838,10.679520814846253,10,1,165,Mid-Atlantic Bight,13.571624689743023,14.421963910975771,-0.8503392212327476,640898515.3068919,Mid-Atlantic Bight
MAB,1998,Spring,63,31562,16.630536721373804,10,2,115,Mid-Atlantic Bight,7.850372840478448,8.445150233826018,-0.5947773933475702,640898515.3068919,Mid-Atlantic Bight
MAB,1999,Fall,105,59913,9.352277468996713,8,1,169,Mid-Atlantic Bight,16.81115322222474,14.421963910975771,2.389189311248966,502172830.73305845,Mid-Atlantic Bight
MAB,1999,Spring,71,39522,17.610191791913365,7,1,160,Mid-Atlantic Bight,8.933112367587439,8.445150233826018,0.48796213376142106,502172830.73305845,Mid-Atlantic Bight
MAB,2000,Fall,91,62450,9.466148919135309,10,1,185,Mid-Atlantic Bight,14.69738955677199,14.421963910975771,0.27542564579621676,466140991.6863319,Mid-Atlantic Bight
MAB,2000,Spring,62,35897,22.51458339136975,9,1,148,Mid-Atlantic Bight,9.616509175786792,8.445150233826018,1.171358941960774,466140991.6863319,Mid-Atlantic Bight
MAB,2001,Fall,93,23641,12.952793875047586,12,2,137,Mid-Atlantic Bight,15.690889486542684,14.421963910975771,1.2689255755669109,581702070.1784478,Mid-Atlantic Bight
MAB,2001,Spring,74,32256,24.96326264880953,12,1,125,Mid-Atlantic Bight,7.553638023181621,8.445150233826018,-0.8915122106443967,581702070.1784478,Mid-Atlantic Bight
MAB,2002,Fall,103,66922,11.448312961358,12,1,161,Mid-Atlantic Bight,15.515063407506204,14.421963910975771,1.0930994965304317,448725723.0988356,Mid-Atlantic Bight
MAB,2002,Spring,76,38650,17.74116429495472,8,1,148,Mid-Atlantic Bight,10.833099570903654,8.445150233826018,2.387949337077636,448725723.0988356,Mid-Atlantic Bight
MAB,2003,Fall,95,49633,13.864989019402412,14,1,166,Mid-Atlantic Bight,14.158946555205429,14.421963910975771,-0.26301735577034435,466661034.7125041,Mid-Atlantic Bight
MAB,2003,Spring,70,50140.00000000003,26.059338154514123,20,2,135,Mid-Atlantic Bight,7.500264590141543,8.445150233826018,-0.9448856436844748,466661034.7125041,Mid-Atlantic Bight
MAB,2004,Fall,68,40790,11.581882814415298,13,1,172,Mid-Atlantic Bight,13.24071845681846,14.421963910975771,-1.1812454541573132,510600214.01780987,Mid-Atlantic Bight
MAB,2004,Spring,68,95351,16.725393545951274,11,2,122,Mid-Atlantic Bight,6.642061309440175,8.445150233826018,-1.8030889243858432,510600214.01780987,Mid-Atlantic Bight
MAB,2005,Fall,82,40474,13.208010080545536,12,1,171,Mid-Atlantic Bight,14.229231357212765,14.421963910975771,-0.19273255376300824,411644854.1729096,Mid-Atlantic Bight
MAB,2005,Spring,55,46691,29.50705703454627,19,2,123,Mid-Atlantic Bight,7.21904045339271,8.445150233826018,-1.2261097804333083,411644854.1729096,Mid-Atlantic Bight
MAB,2006,Fall,103,46331,11.433683710690469,10,1,174,Mid-Atlantic Bight,15.327805103078305,14.421963910975771,0.9058411921025318,484650714.4409709,Mid-Atlantic Bight
MAB,2006,Spring,66,62516,23.95434768699213,11,2,104,Mid-Atlantic Bight,9.690192596652777,8.445150233826018,1.2450423628267568,484650714.4409709,Mid-Atlantic Bight
MAB,2007,Fall,92,26474,11.01503361788925,10,1,184,Mid-Atlantic Bight,13.202973826567067,14.421963910975771,-1.2189900844087038,536876827.7380607,Mid-Atlantic Bight
MAB,2007,Spring,76,75020,19.96799520127966,8,1,119,Mid-Atlantic Bight,8.108487761759125,8.445150233826018,-0.3366624720668927,536876827.7380607,Mid-Atlantic Bight
MAB,2008,Fall,94,45807,12.59628441067959,12,1,162,Mid-Atlantic Bight,15.310508586594558,14.421963910975771,0.8885446756187854,486369748.684804,Mid-Atlantic Bight
MAB,2008,Spring,72,50825,22.51750122970979,10,1,116,Mid-Atlantic Bight,10.305130722358532,8.445150233826018,1.8599804885325144,486369748.684804,Mid-Atlantic Bight
MAB,2009,Fall,139,123511.00000000038,12.504881363150965,11,1,185,Mid-Atlantic Bight,15.533601094785396,14.421963910975771,1.1116371838096235,143701451.77705082,Mid-Atlantic Bight
MAB,2009,Spring,90,51258.00000000005,27.978829689011047,18,1,155,Mid-Atlantic Bight,9.134975439128898,8.445150233826018,0.6898252053028795,143701451.77705082,Mid-Atlantic Bight
MAB,2010,Fall,116,54693.00000000006,12.570573821970068,13,1,191,Mid-Atlantic Bight,14.17133815557266,14.421963910975771,-0.2506257554031137,64355741.719796054,Mid-Atlantic Bight
MAB,2010,Spring,88,114858.0000000008,28.83815511438774,14,1,105,Mid-Atlantic Bight,7.18777147454911,8.445150233826018,-1.257378759276908,64355741.719796054,Mid-Atlantic Bight
MAB,2011,Fall,103,166608.00000000058,12.068034464923729,11,1,187,Mid-Atlantic Bight,16.03488120813842,14.421963910975771,1.612917297162646,521514223.0961191,Mid-Atlantic Bight
MAB,2011,Spring,96,78031.99999999974,30.32900106577419,19,1,152,Mid-Atlantic Bight,9.089312186641116,8.445150233826018,0.6441619528150966,521514223.0961191,Mid-Atlantic Bight
MAB,2012,Fall,92,65138.99999999986,12.765479030234111,12,0,144,Mid-Atlantic Bight,15.451160151807992,14.421963910975771,1.0291962408322188,578860106.6750504,Mid-Atlantic Bight
MAB,2012,Spring,87,110481.00000000004,22.76195168058861,9,1,125,Mid-Atlantic Bight,11.3299369110241,8.445150233826018,2.884786677198081,578860106.6750504,Mid-Atlantic Bight
MAB,2013,Fall,91,72829.99999999985,10.208164284933961,9,1,110,Mid-Atlantic Bight,14.713050318659253,14.421963910975771,0.29108640768347804,415745934.2645152,Mid-Atlantic Bight
MAB,2013,Spring,97,50894.00000000001,33.56137757543305,23,1,660,Mid-Atlantic Bight,8.57316129165413,8.445150233826018,0.12801105782811284,415745934.2645152,Mid-Atlantic Bight
MAB,2014,Fall,108,84646.99999999988,9.992029871119213,8,2,170,Mid-Atlantic Bight,17.442660334471263,14.421963910975771,3.0206964234954903,411680659.86440295,Mid-Atlantic Bight
MAB,2014,Spring,61,21842.999999999975,29.820942175072307,15,1,98,Mid-Atlantic Bight,8.485651678101473,8.445150233826018,0.04050144427545454,411680659.86440295,Mid-Atlantic Bight
MAB,2015,Fall,115,81962.99999999994,11.75017401218072,12,1,168,Mid-Atlantic Bight,17.55316154152042,14.421963910975771,3.131197630544648,469751639.5203889,Mid-Atlantic Bight
MAB,2015,Spring,78,63680.99999999979,25.471346994860056,12,1,122,Mid-Atlantic Bight,9.276128188496877,8.445150233826018,0.8309779546708587,469751639.5203889,Mid-Atlantic Bight
MAB,2016,Fall,118,61192.99999999983,13.222013597235437,13,1,210,Mid-Atlantic Bight,16.364331368399327,14.421963910975771,1.942367457423554,399309256.33233947,Mid-Atlantic Bight
MAB,2016,Spring,83,62482.000000000146,17.15745380792235,11,1,177,Mid-Atlantic Bight,10.186955515638411,8.445150233826018,1.741805281812395,399309256.33233947,Mid-Atlantic Bight
MAB,2017,Spring,84,74663.99999999942,30.177305115909004,14,1,171,Mid-Atlantic Bight,8.870258996008726,8.445150233826018,0.4251087621827079,445180772.17998016,Mid-Atlantic Bight
MAB,2018,Fall,90,139335,10.53827305159582,10,1,182,Mid-Atlantic Bight,14.752559545046392,14.421963910975771,0.33059563407061887,470350141.3184061,Mid-Atlantic Bight
MAB,2018,Spring,68,51877.999999999745,35.336903687595026,20,1,123,Mid-Atlantic Bight,8.002249716272166,8.445150233826018,-0.44290051755385207,470350141.3184061,Mid-Atlantic Bight
MAB,2019,Fall,93,59093,11.487076524042267,10,1,197,Mid-Atlantic Bight,17.620815551043325,14.421963910975771,3.198851640067552,483324961.0644857,Mid-Atlantic Bight
MAB,2019,Spring,74,128309.00000000004,26.92711267990428,11,1,123,Mid-Atlantic Bight,8.096192176418151,8.445150233826018,-0.34895805740786656,483324961.0644857,Mid-Atlantic Bight
SNE,1970,Fall,63,35498.99999999997,19.206375227006095,14,1,105,Southern New England,10.304601875508656,11.91513307981422,-1.6105312043055644,122955039.21029358,Southern New England
SNE,1970,Spring,58,27701.000000000004,24.478269051959057,24,2,108,Southern New England,6.615302982361779,6.976838513185743,-0.3615355308239634,122955039.21029358,Southern New England
SNE,1971,Fall,63,68155.00000000017,11.914365167008633,9,0,101,Southern New England,11.614243421465869,11.91513307981422,-0.30088965834835335,96596742.72150476,Southern New England
SNE,1971,Spring,63,24463.000000000033,31.43713262042069,28,2,118,Southern New England,6.053179846095699,6.976838513185743,-0.9236586670900432,96596742.72150476,Southern New England
SNE,1972,Fall,64,48553.00000000009,17.6229067676902,14,1,110,Southern New England,12.355877414278858,11.91513307981422,0.4407443344646378,89089872.99419564,Southern New England
SNE,1972,Spring,56,26013.000000000036,38.08148993883991,30,1,123,Southern New England,7.159681788987614,6.976838513185743,0.1828432758018712,89089872.99419564,Southern New England
SNE,1973,Fall,57,59835.00000000002,12.293599798616556,10,1,115,Southern New England,12.452633367303546,11.91513307981422,0.5375002874893262,107269619.14165306,Southern New England
SNE,1973,Spring,62,59933.00000000006,27.35955899571874,28,3,114,Southern New England,6.7793031693639705,6.976838513185743,-0.19753534382177215,107269619.14165306,Southern New England
SNE,1974,Fall,77,34054,10.852170934786889,8,1,143,Southern New England,12.398973753137264,11.91513307981422,0.48384067332304426,107401333.18111634,Southern New England
SNE,1974,Spring,70,29526.000000000025,25.59081061098845,22,2,117,Southern New England,7.925970824137234,6.976838513185743,0.9491323109514918,107401333.18111634,Southern New England
SNE,1975,Fall,73,47089.000000000015,14.042031677394355,10,2,105,Southern New England,13.157127762721082,11.91513307981422,1.2419946829068618,78856572.87250248,Southern New England
SNE,1975,Spring,62,24837.99999999999,21.718744889866823,14,2,107,Southern New England,7.140910018418152,6.976838513185743,0.16407150523240954,78856572.87250248,Southern New England
SNE,1976,Fall,67,56776.000000000015,11.221193769507854,8,1,106,Southern New England,11.386408320026248,11.91513307981422,-0.5287247597879716,65188055.29577135,Southern New England
SNE,1976,Spring,84,27597.999999999956,21.288137960999915,17,2,110,Southern New England,8.098629838439594,6.976838513185743,1.1217913252538514,65188055.29577135,Southern New England
SNE,1977,Fall,77,40061.00000000011,12.401361920172414,8,1,125,Southern New England,12.662296861532168,11.91513307981422,0.7471637817179477,67223725.34618175,Southern New England
SNE,1977,Spring,70,10784.000000000096,33.02946204587807,29,2,119,Southern New England,6.415052871515496,6.976838513185743,-0.5617856416702462,67223725.34618175,Southern New England
SNE,1978,Fall,60,53546.9999999999,15.203948819969352,10,1,106,Southern New England,12.077970094506746,11.91513307981422,0.16283701469252598,165595099.55721912,Southern New England
SNE,1978,Spring,70,50748.00000000013,19.51234018056156,15,2,110,Southern New England,6.906781934961168,6.976838513185743,-0.070056578224575,165595099.55721912,Southern New England
SNE,1979,Fall,78,81997.99999999999,14.446645079101136,12,1,112,Southern New England,10.930881338388817,11.91513307981422,-0.9842517414254032,159358828.83794615,Southern New England
SNE,1979,Spring,63,19336.00000000002,19.401401440390227,15,2,148,Southern New England,6.235113574251137,6.976838513185743,-0.7417249389346052,159358828.83794615,Southern New England
SNE,1980,Fall,61,63187.00000000004,12.641966953493393,10,1,146,Southern New England,11.12429868844356,11.91513307981422,-0.7908343913706588,175582275.56066886,Southern New England
SNE,1980,Spring,73,51146.99999999968,26.5120069256905,18,1,121,Southern New England,6.07381566210545,6.976838513185743,-0.9030228510802925,175582275.56066886,Southern New England
SNE,1981,Fall,65,62476.99999999973,18.69959342413332,14,1,108,Southern New England,11.270916120098676,11.91513307981422,-0.6442169597155427,147646185.99679235,Southern New England
SNE,1981,Spring,56,48355.99999999992,21.43207488372013,17,2,113,Southern New England,6.142726950003577,6.976838513185743,-0.8341115631821658,147646185.99679235,Southern New England
SNE,1982,Fall,63,58254.000000000015,12.45143051904997,9,1,109,Southern New England,12.48830587702127,11.91513307981422,0.5731727972070502,131951989.27613623,Southern New England
SNE,1982,Spring,57,30116.00000000004,32.36515767940029,26,2,128,Southern New England,6.300852650934224,6.976838513185743,-0.6759858622515189,131951989.27613623,Southern New England
SNE,1983,Fall,65,108623.99999999994,13.43343879962597,10,2,118,Southern New England,12.376451109194722,11.91513307981422,0.4613180293805019,128189910.8176726,Southern New England
SNE,1983,Spring,53,28886.000000000004,22.81374086007495,17,2,110,Southern New England,7.253228833360422,6.976838513185743,0.2763903201746789,128189910.8176726,Southern New England
SNE,1984,Fall,71,63770.00000000005,14.367385468170024,13,2,118,Southern New England,11.29176072932372,11.91513307981422,-0.6233723504905004,123937224.57805964,Southern New England
SNE,1984,Spring,51,18355.999999999996,21.501377078871,16,3,111,Southern New England,6.396140704167976,6.976838513185743,-0.5806978090177664,123937224.57805964,Southern New England
SNE,1985,Fall,79,82024.99999999999,12.61930406102583,11,1,108,Southern New England,13.402488434957649,11.91513307981422,1.4873553551434266,108033623.63077857,Southern New England
SNE,1985,Spring,62,31952,40.230846269404104,31,2,119,Southern New England,7.799711910987336,6.976838513185743,0.822873397801593,108033623.63077857,Southern New England
SNE,1986,Fall,69,67807.00000000013,9.90896562031002,9,1,177,Southern New England,13.290434967595797,11.91513307981422,1.3753018877815748,119418126.6679708,Southern New England
SNE,1986,Spring,65,33450,21.13545590433483,17,2,111,Southern New England,8.564411173994742,6.976838513185743,1.5875726608089993,119418126.6679708,Southern New England
SNE,1987,Fall,60,25823,15.90516206482593,14,1,105,Southern New England,12.10690368917442,11.91513307981422,0.19177060936019963,117108837.53340524,Southern New England
SNE,1987,Spring,55,25703,35.29650235381084,26,3,114,Southern New England,6.648202809052179,6.976838513185743,-0.32863570413356324,117108837.53340524,Southern New England
SNE,1988,Fall,61,74987,10.248923146678758,9,1,175,Southern New England,11.55889691667927,11.91513307981422,-0.35623616313495,104757911.38963044,Southern New England
SNE,1988,Spring,58,29267,34.926880103871255,26,2,111,Southern New England,7.289908805914434,6.976838513185743,0.3130702927286917,104757911.38963044,Southern New England
SNE,1989,Fall,62,69577.00000000001,11.05808197368041,10,1,440,Southern New England,12.263214109771566,11.91513307981422,0.3480810299573456,138240606.1218275,Southern New England
SNE,1989,Spring,54,19227.000000000084,36.40193228868365,27,2,130,Southern New England,7.258212551863629,6.976838513185743,0.28137403867788624,138240606.1218275,Southern New England
SNE,1990,Fall,78,56632.999999999985,10.6069172465141,10,2,181,Southern New England,11.6984211851687,11.91513307981422,-0.21671189464552043,153283476.19027758,Southern New England
SNE,1990,Spring,44,19622.000000000055,36.782938645587485,28,2,109,Southern New England,8.700621116777201,6.976838513185743,1.7237826035914583,153283476.19027758,Southern New England
SNE,1991,Fall,53,33394.99999999998,14.6653955204017,9,1,107,Southern New England,12.625042817643308,11.91513307981422,0.7099097378290882,166754805.38026005,Southern New England
SNE,1991,Spring,49,25683.000000000095,33.961137098515096,25,3,113,Southern New England,8.27348745146301,6.976838513185743,1.2966489382772677,166754805.38026005,Southern New England
SNE,1992,Fall,63,64375,12.596349514563109,6,2,110,Southern New England,11.665231455534965,11.91513307981422,-0.2499016242792571,165868040.65697652,Southern New England
SNE,1992,Spring,47,22827,33.358084724230075,24,3,111,Southern New England,7.549765825009469,6.976838513185743,0.5729273118237268,165868040.65697652,Southern New England
SNE,1993,Fall,52,44288.00000000003,11.884922885394616,12,1,140,Southern New England,11.198977260530825,11.91513307981422,-0.7161558192833954,148365722.15065023,Southern New England
SNE,1993,Spring,55,20589,28.126426732721356,24,2,107,Southern New England,5.9939114038161,6.976838513185743,-0.9829271093696424,148365722.15065023,Southern New England
SNE,1994,Fall,61,60678,11.105062790467716,11,1,150,Southern New England,12.440602380298715,11.91513307981422,0.525469300484497,133329022.97052623,Southern New England
SNE,1994,Spring,52,23747.000000000084,27.147029851587178,24,1,104,Southern New England,6.751138737457457,6.976838513185743,-0.2256997757282857,133329022.97052623,Southern New England
SNE,1995,Fall,62,40029,10.589322741012763,9,1,119,Southern New England,12.53127635676113,11.91513307981422,0.6161432769469091,175723521.58509308,Southern New England
SNE,1995,Spring,63,19028,23.283529535421483,21,1,101,Southern New England,7.471211287217835,6.976838513185743,0.494372774032092,175723521.58509308,Southern New England
SNE,1996,Fall,66,42723,17.905179879690095,11,1,186,Southern New England,9.939460365053447,11.91513307981422,-1.9756727147607729,204531004.14765272,Southern New England
SNE,1996,Spring,56,27246,30.399324671511415,26,2,96,Southern New England,5.848701781229248,6.976838513185743,-1.128136731956495,204531004.14765272,Southern New England
SNE,1997,Fall,68,60349,10.25799930404812,7,1,123,Southern New England,11.793019701376446,11.91513307981422,-0.12211337843777414,212850568.4908976,Southern New England
SNE,1997,Spring,56,24986,29.18562394941167,21,2,96,Southern New England,7.721582095421138,6.976838513185743,0.7447435822353956,212850568.4908976,Southern New England
SNE,1998,Fall,69,37769,15.738886388307872,10,1,109,Southern New England,9.913475383774058,11.91513307981422,-2.001657696040162,170627008.27221316,Southern New England
SNE,1998,Spring,55,24516,20.651615271659324,20,1,93,Southern New England,6.204928696457503,6.976838513185743,-0.7719098167282397,170627008.27221316,Southern New England
SNE,1999,Fall,64,78518,9.72491657963779,9,1,121,Southern New England,13.128017337249338,11.91513307981422,1.2128842574351175,186439546.32699504,Southern New England
SNE,1999,Spring,66,59440,18.615629205921937,14,1,98,Southern New England,7.752720457335022,6.976838513185743,0.7758819441492797,186439546.32699504,Southern New England
SNE,2000,Fall,59,77499,9.368637014671156,8,1,111,Southern New England,11.632927740445956,11.91513307981422,-0.2822053393682644,196203439.7741671,Southern New England
SNE,2000,Spring,65,21340,16.32600749765698,11,1,99,Southern New England,8.257012747440095,6.976838513185743,1.2801742342543525,196203439.7741671,Southern New England
SNE,2001,Fall,65,51025,15.267417932386085,8,2,137,Southern New England,12.713857278745891,11.91513307981422,0.7987241989316711,178511672.51195607,Southern New England
SNE,2001,Spring,62,31176,19.78820246343341,19,1,100,Southern New England,6.9607239862543,6.976838513185743,-0.01611452693144244,178511672.51195607,Southern New England
SNE,2002,Fall,74,80384,7.738542496019108,4,2,109,Southern New England,12.229716186731691,11.91513307981422,0.31458310691747293,169748770.80160767,Southern New England
SNE,2002,Spring,64,64464,14.444077314470093,10,1,120,Southern New England,8.571847550276889,6.976838513185743,1.5950090370911465,169748770.80160767,Southern New England
SNE,2003,Fall,81,72093,10.546003079355833,6,1,108,Southern New England,11.484480543565054,11.91513307981422,-0.4306525362491662,184940882.9749087,Southern New England
SNE,2003,Spring,66,20210,37.774495530742925,27,2,117,Southern New England,5.742899179329209,6.976838513185743,-1.233939333856534,184940882.9749087,Southern New England
SNE,2004,Fall,60,64316,9.544763355930096,5,1,134,Southern New England,10.55183698860258,11.91513307981422,-1.363296091211641,183841913.75465012,Southern New England
SNE,2004,Spring,62,18155,20.80941889286698,19,2,93,Southern New England,5.531359332723925,6.976838513185743,-1.4454791804618177,183841913.75465012,Southern New England
SNE,2005,Fall,60,48759,12.069628171209418,11,1,108,Southern New England,11.296267344163253,11.91513307981422,-0.6188657356509673,245995850.43347627,Southern New England
SNE,2005,Spring,51,13503,20.729763756202324,20,1,97,Southern New England,5.665460514695768,6.976838513185743,-1.3113779984899745,245995850.43347627,Southern New England
SNE,2006,Fall,72,152681,8.29149664987785,6,1,122,Southern New England,12.503226470186428,11.91513307981422,0.5880933903722081,177342090.06435284,Southern New England
SNE,2006,Spring,52,31356,18.384711060084193,14,1,112,Southern New England,8.088223172728645,6.976838513185743,1.1113846595429022,177342090.06435284,Southern New England
SNE,2007,Fall,68,78286,7.16414173670899,5,1,102,Southern New England,9.854935241881766,11.91513307981422,-2.0601978379324546,164747235.65013993,Southern New England
SNE,2007,Spring,61,39424,15.402039366883116,12,1,98,Southern New England,6.360471400307805,6.976838513185743,-0.6163671128779376,164747235.65013993,Southern New England
SNE,2008,Fall,69,49454,10.52246532130869,7,1,195,Southern New England,11.107507137678544,11.91513307981422,-0.807625942135676,154131635.6920381,Southern New England
SNE,2008,Spring,60,31513,22.702249865135023,20,1,100,Southern New England,7.324067380389425,6.976838513185743,0.3472288672036825,154131635.6920381,Southern New England
SNE,2009,Fall,98,97194.99999999936,11.610103053136038,10,1,116,Southern New England,12.68957851901597,11.91513307981422,0.7744454392017506,173918909.38842967,Southern New England
SNE,2009,Spring,88,83601.99999999926,22.71245354090541,19,1,111,Southern New England,7.828920298699631,6.976838513185743,0.8520817855138887,173918909.38842967,Southern New England
SNE,2010,Fall,103,92744.99999999994,13.09913572237964,11,2,112,Southern New England,12.032782500468938,11.91513307981422,0.11764942065471828,128408770.4516827,Southern New England
SNE,2010,Spring,82,61573.000000000495,21.52766812085088,15,2,139,Southern New England,6.833682079580109,6.976838513185743,-0.14315643360563346,128408770.4516827,Southern New England
SNE,2011,Fall,88,90272.99999999942,10.526680899250405,8,1,914,Southern New England,11.89025581940245,11.91513307981422,-0.0248772604117704,138956633.166732,Southern New England
SNE,2011,Spring,84,61169.00000000109,23.179596621014703,18,2,127,Southern New England,6.647557111832464,6.976838513185743,-0.32928140135327855,138956633.166732,Southern New England
SNE,2012,Fall,89,153991.9999999999,8.504289584449513,6,1,305,Southern New England,12.488540925777128,11.91513307981422,0.5734078459629082,158206379.04784018,Southern New England
SNE,2012,Spring,83,112603.0000000002,21.10132387178145,12,1,116,Southern New England,10.413867110107867,6.976838513185743,3.437028596922125,158206379.04784018,Southern New England
SNE,2013,Fall,86,118657.00000000012,10.38368344350255,11,1,117,Southern New England,13.547808806468256,11.91513307981422,1.6326757266540357,161048360.11504495,Southern New England
SNE,2013,Spring,75,61363.00000000088,34.02540027055065,36,1,101,Southern New England,7.59059546097067,6.976838513185743,0.6137569477849274,161048360.11504495,Southern New England
SNE,2014,Fall,82,123923,8.777021645980952,6,1,131,Southern New England,13.782449178353104,11.91513307981422,1.8673160985388824,130162759.9440302,Southern New England
SNE,2014,Spring,78,83959.00000000025,20.258604531304695,13,1,123,Southern New England,7.230535496477759,6.976838513185743,0.2536969832920164,130162759.9440302,Southern New England
SNE,2015,Fall,88,123674.9999999992,10.21165578318618,8,1,149,Southern New England,14.046826128763678,11.91513307981422,2.131693048949458,120473227.76705506,Southern New England
SNE,2015,Spring,71,37975.999999999905,22.812485143161155,18,1,123,Southern New England,7.715797379046342,6.976838513185743,0.7389588658605994,120473227.76705506,Southern New England
SNE,2016,Fall,78,104730.99999999926,9.490803158330335,7,2,114,Southern New England,13.3044247327151,11.91513307981422,1.38929165290088,101808700.4664178,Southern New England
SNE,2016,Spring,81,79909,14.388604981565972,11,1,123,Southern New England,8.489465646619541,6.976838513185743,1.5126271334337984,101808700.4664178,Southern New England
SNE,2017,Spring,75,50513.00000000009,21.18687773601751,15,2,135,Southern New England,7.181262447946435,6.976838513185743,0.2044239347606922,89888178.96765272,Southern New England
SNE,2018,Fall,90,89208.99999999945,10.051232863088122,7,1,136,Southern New England,11.970080519733626,11.91513307981422,0.05494743991940609,96283016.67445324,Southern New England
SNE,2018,Spring,69,52900.99999999978,17.56907276914504,13,2,120,Southern New England,6.911561395346451,6.976838513185743,-0.06527711783929124,96283016.67445324,Southern New England
SNE,2019,Fall,83,93646.00000000007,10.461661548389444,7,2,113,Southern New England,14.513056309896688,11.91513307981422,2.5979232300824684,84939608.56115665,Southern New England
SNE,2019,Spring,73,33266.00000000011,28.58075944517932,23,1,115,Southern New England,7.077484408767732,6.976838513185743,0.10064589558198912,84939608.56115665,Southern New England
