est_year,season,survey_area,xmin_fit,xmax_fit,xmin_actual,xmax_actual,n,b,confMin,confMax,spectra_type,stdErr,C,area_titles,bot_temp,overall_avg_btemp,bot_temp_anom,total_weight_lb,area
1970,Fall,GB,1,106,2,106,11486,-0.6096017521577,-0.6236017521577,-0.5956017521577,length,0.00714285714285715,0.07543121274394317,Georges Bank,10.944702190996678,11.364273827197954,-0.419571636201276,74995068.16510703,Georges Bank
1970,Fall,GoM,1,130,3,130,10440,-0.4329072214060163,-0.4489072214060163,-0.4169072214060163,length,0.00816326530612245,0.03830343201175684,Gulf of Maine,7.225850052113284,7.58698901219138,-0.36113896007809654,205627805.2759761,Gulf of Maine
1970,Fall,MAB,1,191,1,191,25839,-0.9939697391097434,-1.001969739109743,-0.9859697391097432,length,0.00408163265306122,0.18739452897662576,Mid-Atlantic Bight,13.839641797124068,14.421963910975771,-0.5823221138517045,8818.48,Mid-Atlantic Bight
1970,Fall,SNE,1,106,1,106,35614,-0.7659184801244202,-0.7729184801244204,-0.7589184801244206,length,0.00357142857142851,0.11827609867891278,Southern New England,10.304601875508656,11.91513307981422,-1.6105312043055644,122955039.21029358,Southern New England
1970,Spring,GB,1,134,4,134,14051,-0.4953218708611743,-0.5083218708611739,-0.48232187086117406,length,0.00663265306122443,0.04653927944173628,Georges Bank,5.7250537959495444,6.301109876470461,-0.5760560805209174,74995068.16510703,Georges Bank
1970,Spring,GoM,1,119,1,119,10459,-0.372768083831051,-0.3887680838310512,-0.35576808383105085,length,0.00841836734693886,0.0329467186766884,Gulf of Maine,6.097260028330434,6.624192595080466,-0.5269325667500313,205627805.2759761,Gulf of Maine
1970,Spring,MAB,1,111,2,111,38001,-0.9121389066149174,-0.9191389066149172,-0.9051389066149174,length,0.00357142857142851,0.17142587708987228,Mid-Atlantic Bight,8.150002995694127,8.445150233826018,-0.29514723813189114,8818.48,Mid-Atlantic Bight
1970,Spring,SNE,1,109,2,109,27837,-0.5645632258518245,-0.573563225851824,-0.5555632258518237,length,0.00459183673469393,0.0648737866900014,Southern New England,6.615302982361779,6.976838513185743,-0.3615355308239634,122955039.21029358,Southern New England
1971,Fall,GB,1,107,1,107,13960,-0.853136729724851,-0.8651367297248513,-0.8411367297248509,length,0.00612244897959195,0.14890525017644743,Georges Bank,11.144823553465791,11.364273827197954,-0.21945027373216064,80274755.90552185,Georges Bank
1971,Fall,GoM,1,131,3,131,10312,-0.49765056433579,-0.5126505643357899,-0.4826505643357901,length,0.00765306122448974,0.04749283369352911,Gulf of Maine,6.854390709070237,7.58698901219138,-0.7325983031211436,201270622.11918563,Gulf of Maine
1971,Fall,MAB,1,255,1,255,35459,-1.1542817422210307,-1.1602817422210303,-1.1482817422210303,length,0.00306122448979592,0.268465015039739,Mid-Atlantic Bight,13.118718570138675,14.421963910975771,-1.3032453408370976,22569.97315861396,Mid-Atlantic Bight
1971,Fall,SNE,1,102,0,102,68266,-1.0012644267742383,-1.006264426774238,-0.9962644267742382,length,0.00255102040816321,0.2168503167654557,Southern New England,11.614243421465869,11.91513307981422,-0.30088965834835335,96596742.72150476,Southern New England
1971,Spring,GB,1,128,3,128,8694,-0.6284761924323631,-0.6444761924323634,-0.6124761924323634,length,0.00816326530612245,0.07334151611677411,Georges Bank,5.557278757094916,6.301109876470461,-0.7438311193755451,80274755.90552185,Georges Bank
1971,Spring,GoM,1,122,4,122,12409,-0.39286220978067393,-0.4078622097806739,-0.3778622097806741,length,0.00765306122448974,0.03473278177932038,Gulf of Maine,5.8420943209142395,6.624192595080466,-0.7820982741662261,201270622.11918563,Gulf of Maine
1971,Spring,MAB,1,127,1,127,38131,-0.8798066149237839,-0.8868066149237843,-0.8728066149237845,length,0.00357142857142851,0.15213538184094247,Mid-Atlantic Bight,7.692081767598131,8.445150233826018,-0.7530684662278873,22569.97315861396,Mid-Atlantic Bight
1971,Spring,SNE,1,119,2,119,24588,-0.4987910211695417,-0.5087910211695412,-0.4887910211695417,length,0.00510204081632642,0.05026201575976585,Southern New England,6.053179846095699,6.976838513185743,-0.9236586670900432,96596742.72150476,Southern New England
1972,Fall,GB,1,134,2,134,14977,-0.7947226145001628,-0.805722614500163,-0.7837226145001628,length,0.00561224489795924,0.11844908086287788,Georges Bank,10.92275889646741,11.364273827197954,-0.44151493073054304,74814568.4980859,Georges Bank
1972,Fall,GoM,1,136,2,136,15257,-0.5291500653335791,-0.541150065333579,-0.5171500653335785,length,0.00612244897959195,0.0517080067157931,Gulf of Maine,7.163878515699674,7.58698901219138,-0.42311049649170673,194843754.0329508,Gulf of Maine
1972,Fall,MAB,1,161,1,161,32593,-1.1912286300908352,-1.1982286300908354,-1.1842286300908356,length,0.00357142857142851,0.30765686832887335,Mid-Atlantic Bight,13.83053682551337,14.421963910975771,-0.5914270854624029,143854.82892035495,Mid-Atlantic Bight
1972,Fall,SNE,1,111,1,111,48668,-0.8658294091453435,-0.8718294091453429,-0.8598294091453429,length,0.00306122448979592,0.15226851838223598,Southern New England,12.355877414278858,11.91513307981422,0.4407443344646378,89089872.99419564,Southern New England
1972,Spring,GB,1,125,2,125,9495,-0.4673965262622105,-0.48339652626221064,-0.4513965262622106,length,0.00816326530612245,0.04406619503426369,Georges Bank,6.169319392217805,6.301109876470461,-0.13179048425265627,74814568.4980859,Georges Bank
1972,Spring,GoM,1,113,3,113,15191,-0.4314904832227913,-0.4444904832227916,-0.4184904832227918,length,0.00663265306122443,0.04150962696630988,Gulf of Maine,6.1098683208929945,6.624192595080466,-0.5143242741874712,194843754.0329508,Gulf of Maine
1972,Spring,MAB,1,120,2,120,61942,-0.9589748185306818,-0.9639748185306818,-0.953974818530682,length,0.00255102040816321,0.18903609466043392,Mid-Atlantic Bight,8.373492366582349,8.445150233826018,-0.07165786724366896,143854.82892035495,Mid-Atlantic Bight
1972,Spring,SNE,1,124,1,124,26147,-0.3953530194502885,-0.40535301945028834,-0.3853530194502888,length,0.00510204081632642,0.03466842135736695,Southern New England,7.159681788987614,6.976838513185743,0.1828432758018712,89089872.99419564,Southern New England
1973,Fall,GB,1,120,1,120,18952,-0.5920981051183669,-0.6030981051183675,-0.5810981051183672,length,0.00561224489795924,0.06743756819772624,Georges Bank,11.11133018166698,11.364273827197954,-0.2529436455309728,83058537.08720696,Georges Bank
1973,Fall,GoM,1,131,2,131,8746,-0.4529528504167738,-0.4699528504167741,-0.4359528504167738,length,0.00867346938775516,0.04083605960952547,Gulf of Maine,6.859311343766963,7.58698901219138,-0.7276776684244171,215848774.6783184,Gulf of Maine
1973,Fall,MAB,1,187,1,187,42393,-1.118941308735807,-1.1249413087358069,-1.1129413087358069,length,0.00306122448979592,0.2567623508157741,Mid-Atlantic Bight,13.559520145780924,14.421963910975771,-0.8624437651948487,680625.1905651211,Mid-Atlantic Bight
1973,Fall,SNE,1,116,1,116,59924,-1.038570169861406,-1.0435701698614055,-1.033570169861406,length,0.00255102040816321,0.23024137865567557,Southern New England,12.452633367303546,11.91513307981422,0.5375002874893262,107269619.14165306,Southern New England
1973,Spring,GB,1,149,2,149,18935,-0.48524906665662504,-0.4962490666566248,-0.4742490666566246,length,0.00561224489795924,0.04239549293096401,Georges Bank,6.11895856749009,6.301109876470461,-0.18215130898037124,83058537.08720696,Georges Bank
1973,Spring,GoM,1,133,3,133,10217,-0.39720052541015416,-0.4132005254101543,-0.38120052541015426,length,0.00816326530612245,0.03336675381731552,Gulf of Maine,6.025237694943794,6.624192595080466,-0.5989549001366719,215848774.6783184,Gulf of Maine
1973,Spring,MAB,1,110,2,110,78662,-0.5509855282102468,-0.5559855282102468,-0.545985528210247,length,0.00255102040816321,0.0619069250010404,Mid-Atlantic Bight,8.165143340631099,8.445150233826018,-0.2800068931949191,680625.1905651211,Mid-Atlantic Bight
1973,Spring,SNE,1,115,3,115,60274,-0.4935222185974736,-0.4995222185974737,-0.4875222185974737,length,0.00306122448979592,0.05035302726959195,Southern New England,6.7793031693639705,6.976838513185743,-0.19753534382177215,107269619.14165306,Southern New England
1974,Fall,GB,1,105,2,105,24656,-1.0371896580853102,-1.0461896580853105,-1.02818965808531,length,0.00459183673469393,0.2340017183110991,Georges Bank,11.947451697553316,11.364273827197954,0.5831778703553621,72658611.83584319,Georges Bank
1974,Fall,GoM,1,131,2,131,10064,-0.5411119582198445,-0.5561119582198448,-0.526111958219845,length,0.00765306122448974,0.05484641091447823,Gulf of Maine,7.83618224452252,7.58698901219138,0.24919323233113919,241404157.37841457,Gulf of Maine
1974,Fall,MAB,1,135,1,135,30867,-1.2003059853202471,-1.208305985320247,-1.192305985320247,length,0.00408163265306122,0.32015818302661464,Mid-Atlantic Bight,14.425368031024426,14.421963910975771,0.00340412004865342,128052.84771289292,Mid-Atlantic Bight
1974,Fall,SNE,1,144,1,144,34135,-1.1628691373370688,-1.1698691373370689,-1.1558691373370689,length,0.00357142857142851,0.29351716995268845,Southern New England,12.398973753137264,11.91513307981422,0.48384067332304426,107401333.18111634,Southern New England
1974,Spring,GB,1,121,1,121,9344,-0.4886711697600148,-0.504671169760015,-0.472671169760015,length,0.00816326530612245,0.04817416657587928,Georges Bank,6.652356167125405,6.301109876470461,0.3512462906549443,72658611.83584319,Georges Bank
1974,Spring,GoM,1,131,3,131,11215,-0.5702234442624651,-0.5842234442624652,-0.5562234442624652,length,0.00714285714285715,0.06029889965620834,Gulf of Maine,6.676917287050119,6.624192595080466,0.05272469196965357,241404157.37841457,Gulf of Maine
1974,Spring,MAB,1,127,2,127,42016,-1.1761722137690298,-1.18217221376903,-1.17017221376903,length,0.00306122448979592,0.3068985436917924,Mid-Atlantic Bight,9.757143502883975,8.445150233826018,1.3119932690579592,128052.84771289292,Mid-Atlantic Bight
1974,Spring,SNE,1,118,2,118,29760,-0.6813105281041836,-0.6893105281041834,-0.6733105281041833,length,0.00408163265306122,0.08917126214872673,Southern New England,7.925970824137234,6.976838513185743,0.9491323109514918,107401333.18111634,Southern New England
1975,Fall,GB,1,104,2,104,26370,-0.8200031810463903,-0.82900318104639,-0.8110031810463898,length,0.00459183673469393,0.13771082448479172,Georges Bank,12.165696408925882,11.364273827197954,0.8014225817279286,80273120.78027312,Georges Bank
1975,Fall,GoM,1,119,3,119,30506,-0.618897570432741,-0.6268975704327406,-0.6108975704327406,length,0.00408163265306122,0.07357037885158124,Gulf of Maine,8.141670059340697,7.58698901219138,0.5546810471493169,236489528.70292068,Gulf of Maine
1975,Fall,MAB,1,187,1,187,63268,-1.3720795006568556,-1.3770795006568557,-1.367079500656856,length,0.00255102040816321,0.4340581694461367,Mid-Atlantic Bight,13.871879704777836,14.421963910975771,-0.550084206197937,5093.993941957444,Mid-Atlantic Bight
1975,Fall,SNE,1,106,2,106,47249,-0.9587067926721584,-0.9647067926721582,-0.9527067926721582,length,0.00306122448979592,0.19444965596588165,Southern New England,13.157127762721082,11.91513307981422,1.2419946829068618,78856572.87250248,Southern New England
1975,Spring,GB,1,119,2,119,12018,-0.5472037241970094,-0.5612037241970094,-0.5332037241970093,length,0.00714285714285715,0.05876178777966975,Georges Bank,6.7033215006239075,6.301109876470461,0.4022116241534466,80273120.78027312,Georges Bank
1975,Spring,GoM,1,121,3,121,15908,-0.5838092900835403,-0.5958092900835399,-0.5718092900835394,length,0.00612244897959195,0.06544609611715539,Gulf of Maine,7.395399289334972,6.624192595080466,0.7712066942545066,236489528.70292068,Gulf of Maine
1975,Spring,MAB,1,106,2,106,32327,-0.964490143305728,-0.9724901433057278,-0.9564901433057278,length,0.00408163265306122,0.19716889981736196,Mid-Atlantic Bight,8.601184106033644,8.445150233826018,0.156033872207626,5093.993941957444,Mid-Atlantic Bight
1975,Spring,SNE,1,108,2,108,25077,-0.7693728580532773,-0.7783728580532769,-0.7603728580532767,length,0.00459183673469393,0.11862505946953932,Southern New England,7.140910018418152,6.976838513185743,0.16407150523240954,78856572.87250248,Southern New England
1976,Fall,GB,1,116,1,116,24508,-0.6583135370383139,-0.6673135370383139,-0.6493135370383136,length,0.00459183673469393,0.08385874438041421,Georges Bank,11.342460574593217,11.364273827197954,-0.02181325260473876,79143183.17070922,Georges Bank
1976,Fall,GoM,1,135,1,135,17401,-0.5082904622830587,-0.5192904622830588,-0.4962904622830582,length,0.00586734693877565,0.04841604565821644,Gulf of Maine,8.747236982149483,7.58698901219138,1.1602479699581023,321534609.56247854,Gulf of Maine
1976,Fall,MAB,1,227,1,227,83466,-1.2421803874951312,-1.2461803874951314,-1.238180387495131,length,0.00204081632653072,0.3312059916757251,Mid-Atlantic Bight,12.960008870156072,14.421963910975771,-1.461955040819701,198862.7635020579,Mid-Atlantic Bight
1976,Fall,SNE,1,107,1,107,56886,-1.0890176123206936,-1.0950176123206936,-1.0830176123206936,length,0.00306122448979592,0.2615887523526379,Southern New England,11.386408320026248,11.91513307981422,-0.5287247597879716,65188055.29577135,Southern New England
1976,Spring,GB,1,127,3,127,21941,-0.5336377161958396,-0.543637716195839,-0.5236377161958394,length,0.00510204081632642,0.05438684193891791,Georges Bank,6.876086495744321,6.301109876470461,0.5749766192738601,79143183.17070922,Georges Bank
1976,Spring,GoM,1,142,4,142,18615,-0.5492421578685474,-0.5602421578685473,-0.538242157868547,length,0.00561224489795924,0.05407363655449847,Gulf of Maine,7.752861579108431,6.624192595080466,1.1286689840279651,321534609.56247854,Gulf of Maine
1976,Spring,MAB,1,121,1,121,50728,-1.0404341942038202,-1.0464341942038202,-1.0344341942038202,length,0.00306122448979592,0.2293862798031509,Mid-Atlantic Bight,9.84756949147888,8.445150233826018,1.402419257652863,198862.7635020579,Mid-Atlantic Bight
1976,Spring,SNE,1,111,2,111,27905,-0.7319959765914025,-0.7399959765914028,-0.7239959765914028,length,0.00408163265306122,0.1058011948201433,Southern New England,8.098629838439594,6.976838513185743,1.1217913252538514,65188055.29577135,Southern New England
1977,Fall,GB,1,124,1,124,25599,-0.5910295609269088,-0.6000295609269091,-0.5820295609269088,length,0.00459183673469393,0.06617234977839248,Georges Bank,11.672692993388477,11.364273827197954,0.30841916619052157,96097409.71596192,Georges Bank
1977,Fall,GoM,1,127,2,127,19606,-0.38718545839394025,-0.39918545839394026,-0.3751854583939398,length,0.00612244897959195,0.03318893707925458,Gulf of Maine,7.296577942830976,7.58698901219138,-0.2904110693604043,346309447.7715057,Gulf of Maine
1977,Fall,MAB,1,148,1,148,71479,-1.1185106020669522,-1.1235106020669523,-1.1135106020669523,length,0.00255102040816321,0.26518168858478014,Mid-Atlantic Bight,13.267140324765183,14.421963910975771,-1.1548235862105898,121519.85548226708,Mid-Atlantic Bight
1977,Fall,SNE,1,126,1,126,40278,-1.0910003980210108,-1.0980003980210111,-1.0840003980210111,length,0.00357142857142851,0.2555973527219574,Southern New England,12.662296861532168,11.91513307981422,0.7471637817179477,67223725.34618175,Southern New England
1977,Spring,GB,1,138,3,138,13485,-0.4964044270357473,-0.5094044270357472,-0.4834044270357474,length,0.00663265306122443,0.04595976461190541,Georges Bank,6.545249123993611,6.301109876470461,0.24413924752315008,96097409.71596192,Georges Bank
1977,Spring,GoM,1,134,3,134,35059,-0.6283306809906729,-0.6363306809906728,-0.6203306809906728,length,0.00408163265306122,0.07183148001748944,Gulf of Maine,5.846221043761372,6.624192595080466,-0.7779715513190935,346309447.7715057,Gulf of Maine
1977,Spring,MAB,1,117,1,117,24477,-0.7451059474960378,-0.7541059474960377,-0.7361059474960374,length,0.00459183673469393,0.1077129467430258,Mid-Atlantic Bight,7.952035135242883,8.445150233826018,-0.49311509858313496,121519.85548226708,Mid-Atlantic Bight
1977,Spring,SNE,1,120,2,120,11038,-0.4521967130599732,-0.4671967130599737,-0.4371967130599739,length,0.00765306122448974,0.04289252051694818,Southern New England,6.415052871515496,6.976838513185743,-0.5617856416702462,67223725.34618175,Southern New England
1978,Fall,GB,1,111,1,111,54989,-0.6685401512828338,-0.6745401512828333,-0.6625401512828333,length,0.00306122448979592,0.08806805548815318,Georges Bank,11.513106505662924,11.364273827197954,0.14883267846497006,111622558.8752688,Georges Bank
1978,Fall,GoM,1,147,1,147,30797,-0.5076486330620025,-0.5156486330620025,-0.49964863306200247,length,0.00408163265306122,0.04614226621070663,Gulf of Maine,6.8328676893049884,7.58698901219138,-0.7541213228863919,357083259.2527962,Gulf of Maine
1978,Fall,MAB,1,131,2,131,16640,-0.9725596863285064,-0.9825596863285062,-0.9625596863285066,length,0.00510204081632642,0.19170556131621225,Mid-Atlantic Bight,14.265659562936031,14.421963910975771,-0.1563043480397397,61870304.43310472,Mid-Atlantic Bight
1978,Fall,SNE,1,107,1,107,53790,-0.9620998716627832,-0.9680998716627828,-0.9560998716627828,length,0.00306122448979592,0.19561211969103032,Southern New England,12.077970094506746,11.91513307981422,0.16283701469252598,165595099.55721912,Southern New England
1978,Spring,GB,1,117,1,117,11742,-0.3014038653205633,-0.3174038653205633,-0.2854038653205633,length,0.00816326530612245,0.02601838795299324,Georges Bank,6.087481248698418,6.301109876470461,-0.21362862777204317,111622558.8752688,Georges Bank
1978,Spring,GoM,1,132,1,132,8905,-0.4103652642069187,-0.427365264206919,-0.3933652642069187,length,0.00867346938775516,0.03510209698885567,Gulf of Maine,5.723111102901887,6.624192595080466,-0.9010814921785784,357083259.2527962,Gulf of Maine
1978,Spring,MAB,1,117,2,117,49173,-0.7613126765008664,-0.767312676500866,-0.755312676500866,length,0.00306122448979592,0.11278119155064556,Mid-Atlantic Bight,8.9670390632392,8.445150233826018,0.5218888294131823,61870304.43310472,Mid-Atlantic Bight
1978,Spring,SNE,1,111,2,111,51004,-0.72010015907277,-0.7261001590727694,-0.7141001590727694,length,0.00306122448979592,0.10227726015581348,Southern New England,6.906781934961168,6.976838513185743,-0.070056578224575,165595099.55721912,Southern New England
1979,Fall,GB,1,112,1,112,50733,-0.49895208012361264,-0.5059520801236128,-0.491952080123613,length,0.00357142857142851,0.05200039541735764,Georges Bank,10.478005349475184,11.364273827197954,-0.8862684777227692,127397840.6049707,Georges Bank
1979,Fall,GoM,1,134,1,134,29058,-0.4662902255685554,-0.4752902255685556,-0.45729022556855536,length,0.00459183673469393,0.04217750268968581,Gulf of Maine,6.901917830759596,7.58698901219138,-0.685071181431784,405438329.4088628,Gulf of Maine
1979,Fall,MAB,1,181,1,181,51451,-1.0829097718668212,-1.087909771866821,-1.0779097718668211,length,0.00255102040816321,0.23678688371317969,Mid-Atlantic Bight,13.272415983770813,14.421963910975771,-1.1495479272049618,29571722.680609576,Mid-Atlantic Bight
1979,Fall,SNE,1,113,1,113,82256,-0.9367740364266024,-0.9417740364266018,-0.931774036426602,length,0.00255102040816321,0.18149280976209867,Southern New England,10.930881338388817,11.91513307981422,-0.9842517414254032,159358828.83794615,Southern New England
1979,Spring,GB,1,127,1,127,20806,-0.658085445745982,-0.6680854457459819,-0.6480854457459824,length,0.00510204081632642,0.08064256010831888,Georges Bank,5.466440964946701,6.301109876470461,-0.8346689115237602,127397840.6049707,Georges Bank
1979,Spring,GoM,1,134,2,134,16834,-0.5943927705077637,-0.6053927705077635,-0.5833927705077633,length,0.00561224489795924,0.0644773054467782,Gulf of Maine,5.67686030238142,6.624192595080466,-0.9473322926990456,405438329.4088628,Gulf of Maine
1979,Spring,MAB,1,111,1,111,38517,-0.9769970682648176,-0.9839970682648178,-0.969997068264818,length,0.00357142857142851,0.20104156268084797,Mid-Atlantic Bight,8.119956387210783,8.445150233826018,-0.3251938466152353,29571722.680609576,Mid-Atlantic Bight
1979,Spring,SNE,1,149,2,149,19649,-0.8862061622865539,-0.8952061622865535,-0.8772061622865532,length,0.00459183673469393,0.14831608787355224,Southern New England,6.235113574251137,6.976838513185743,-0.7417249389346052,159358828.83794615,Southern New England
1980,Fall,GB,1,124,2,124,38467,-0.9328226092777334,-0.939822609277734,-0.9258226092777342,length,0.00357142857142851,0.1756776533915242,Georges Bank,10.916423133891884,11.364273827197954,-0.4478506933060693,156379801.38023305,Georges Bank
1980,Fall,GoM,1,128,2,128,15699,-0.508537953337633,-0.5205379533376333,-0.4965379533376328,length,0.00612244897959195,0.04987134645646018,Gulf of Maine,7.374583509514998,7.58698901219138,-0.2124055026763827,475976960.04513747,Gulf of Maine
1980,Fall,MAB,1,186,1,186,35561,-1.1818338828234871,-1.1888338828234877,-1.1748338828234877,length,0.00357142857142851,0.2964635166677857,Mid-Atlantic Bight,11.94383073284806,14.421963910975771,-2.478133178127713,40552651.13368314,Mid-Atlantic Bight
1980,Fall,SNE,1,147,1,147,63374,-1.0714344846296808,-1.0764344846296805,-1.0664344846296805,length,0.00255102040816321,0.238218325133016,Southern New England,11.12429868844356,11.91513307981422,-0.7908343913706588,175582275.56066886,Southern New England
1980,Spring,GB,1,169,3,169,18696,-0.5581798598741657,-0.5681798598741654,-0.5481798598741658,length,0.00510204081632642,0.0511039969854729,Georges Bank,6.081413030324581,6.301109876470461,-0.21969684614588036,156379801.38023305,Georges Bank
1980,Spring,GoM,1,126,2,126,11981,-0.5155978555753661,-0.5295978555753655,-0.5015978555753655,length,0.00714285714285715,0.05148088546008026,Gulf of Maine,5.859807022604419,6.624192595080466,-0.7643855724760469,475976960.04513747,Gulf of Maine
1980,Spring,MAB,1,124,2,124,50729,-0.8351644457599545,-0.8411644457599539,-0.8291644457599538,length,0.00306122448979592,0.13584007049278762,Mid-Atlantic Bight,7.125228766534548,8.445150233826018,-1.3199214672914703,40552651.13368314,Mid-Atlantic Bight
1980,Spring,SNE,1,122,1,122,51534,-0.6471231254086629,-0.6531231254086625,-0.6411231254086625,length,0.00306122448979592,0.07933583505056721,Southern New England,6.07381566210545,6.976838513185743,-0.9030228510802925,175582275.56066886,Southern New England
1981,Fall,GB,1,109,1,109,26570,-0.6454213761273174,-0.6544213761273174,-0.6364213761273172,length,0.00459183673469393,0.08289397652636409,Georges Bank,10.809737317703815,11.364273827197954,-0.5545365094941381,127144361.8683703,Georges Bank
1981,Fall,GoM,1,135,3,135,11732,-0.6109697111853969,-0.6239697111853966,-0.5979697111853968,length,0.00663265306122443,0.06775617197555366,Gulf of Maine,7.039715994241452,7.58698901219138,-0.5472730179499283,406571779.3097132,Gulf of Maine
1981,Fall,MAB,1,170,1,170,45555,-1.022434075124646,-1.0284340751246464,-1.0164340751246463,length,0.00306122448979592,0.2061440799424508,Mid-Atlantic Bight,12.52003527015004,14.421963910975771,-1.901928640825732,42214045.992978424,Mid-Atlantic Bight
1981,Fall,SNE,1,109,1,109,62696,-0.83275714043794,-0.8377571404379403,-0.8277571404379405,length,0.00255102040816321,0.1403611741666006,Southern New England,11.270916120098676,11.91513307981422,-0.6442169597155427,147646185.99679235,Southern New England
1981,Spring,GB,1,120,2,120,22896,-0.2963565051695269,-0.30735650516952706,-0.2853565051695268,length,0.00561224489795924,0.02509393197835475,Georges Bank,5.9987348082333485,6.301109876470461,-0.30237506823711247,127144361.8683703,Georges Bank
1981,Spring,GoM,1,125,3,125,28962,-0.6611248509009652,-0.6691248509009649,-0.6531248509009648,length,0.00408163265306122,0.08194110420717841,Gulf of Maine,5.510634351656247,6.624192595080466,-1.1135582434242188,406571779.3097132,Gulf of Maine
1981,Spring,MAB,1,114,2,114,57961,-0.8263126838393731,-0.8323126838393731,-0.8203126838393731,length,0.00306122448979592,0.13607050555256758,Mid-Atlantic Bight,7.529529646017222,8.445150233826018,-0.915620587808796,42214045.992978424,Mid-Atlantic Bight
1981,Spring,SNE,1,114,2,114,48751,-0.6870210805239346,-0.6930210805239345,-0.6810210805239345,length,0.00306122448979592,0.09196621896878723,Southern New England,6.142726950003577,6.976838513185743,-0.8341115631821658,147646185.99679235,Southern New England
1982,Fall,GB,1,113,2,113,21260,-0.7764367229226905,-0.7864367229226907,-0.7664367229226912,length,0.00510204081632642,0.11908438914767962,Georges Bank,10.90921616441738,11.364273827197954,-0.4550576627805736,128731073.52893344,Georges Bank
1982,Fall,GoM,1,115,1,115,36826,-0.7554546929398048,-0.7624546929398046,-0.7484546929398048,length,0.00357142857142851,0.11161087053815752,Gulf of Maine,6.6083745794070685,7.58698901219138,-0.9786144327843118,321051100.1190889,Gulf of Maine
1982,Fall,MAB,1,159,1,159,20534,-1.0607961024694346,-1.0697961024694345,-1.0517961024694342,length,0.00459183673469393,0.2292381761388307,Mid-Atlantic Bight,14.19465429949109,14.421963910975771,-0.22730961148468332,28834238.95406694,Mid-Atlantic Bight
1982,Fall,SNE,1,110,1,110,58364,-1.0288937345015985,-1.0338937345015982,-1.0238937345015984,length,0.00255102040816321,0.22751799609349557,Southern New England,12.48830587702127,11.91513307981422,0.5731727972070502,131951989.27613623,Southern New England
1982,Spring,GB,1,113,2,113,9680,-0.1929673390624596,-0.21196733906245943,-0.1739673390624592,length,0.00969387755102047,0.01818302411684341,Georges Bank,5.76736758871152,6.301109876470461,-0.5337422877589413,128731073.52893344,Georges Bank
1982,Spring,GoM,1,133,2,133,9681,-0.3972014242347183,-0.4142014242347183,-0.380201424234718,length,0.00867346938775516,0.03336685884898955,Gulf of Maine,5.625268474791142,6.624192595080466,-0.998924120289324,321051100.1190889,Gulf of Maine
1982,Spring,MAB,1,111,2,111,34642,-0.9085575461916716,-0.9155575461916716,-0.9015575461916718,length,0.00357142857142851,0.16988572719030978,Mid-Atlantic Bight,8.215907637735384,8.445150233826018,-0.2292425960906339,28834238.95406694,Mid-Atlantic Bight
1982,Spring,SNE,1,129,2,129,30391,-0.5472000844323669,-0.555200084432367,-0.539200084432367,length,0.00408163265306122,0.05639041711938354,Southern New England,6.300852650934224,6.976838513185743,-0.6759858622515189,131951989.27613623,Southern New England
1983,Fall,GB,1,110,2,110,17107,-0.5898005506609022,-0.6018005506609021,-0.5778005506609016,length,0.00612244897959195,0.069801346811049,Georges Bank,10.780322021593593,11.364273827197954,-0.5839518056043609,112567879.99628754,Georges Bank
1983,Fall,GoM,1,125,1,125,12296,-0.43604488223676585,-0.450044882236766,-0.4210448822367665,length,0.00739795918367333,0.03964478117696274,Gulf of Maine,7.0370769267109745,7.58698901219138,-0.5499120854804058,324817281.56114334,Gulf of Maine
1983,Fall,MAB,1,196,1,196,51456,-1.1425099154584168,-1.147509915458417,-1.1375099154584172,length,0.00255102040816321,0.26956623670972923,Mid-Atlantic Bight,14.87771059770036,14.421963910975771,0.45574668672458785,29545042.486120556,Mid-Atlantic Bight
1983,Fall,SNE,1,119,2,119,108712,-0.99958794638680315,-1.0035879463868036,-0.9955879463868031,length,0.00204081632653072,0.20903743061924468,Southern New England,12.376451109194722,11.91513307981422,0.4613180293805019,128189910.8176726,Southern New England
1983,Spring,GB,1,136,3,136,15893,-0.49437263996548464,-0.5063726399654844,-0.482372639965484,length,0.00612244897959195,0.04601298124388958,Georges Bank,6.820475126240676,6.301109876470461,0.5193652497702148,112567879.99628754,Georges Bank
1983,Spring,GoM,1,136,4,136,11302,-0.6087265281939396,-0.6227265281939389,-0.5947265281939389,length,0.00714285714285715,0.0670456853710313,Gulf of Maine,5.81736746498479,6.624192595080466,-0.8068251300956755,324817281.56114334,Gulf of Maine
1983,Spring,MAB,1,113,3,113,18165,-0.5256259984411112,-0.536625998441111,-0.5136259984411105,length,0.00586734693877565,0.05635693515854754,Mid-Atlantic Bight,9.083805835169064,8.445150233826018,0.6386556013430464,29545042.486120556,Mid-Atlantic Bight
1983,Spring,SNE,1,111,2,111,29003,-0.6382104868469934,-0.6472104868469937,-0.6292104868469934,length,0.00459183673469393,0.08048512686463467,Southern New England,7.253228833360422,6.976838513185743,0.2763903201746789,128189910.8176726,Southern New England
1984,Fall,GB,1,111,1,111,16755,-0.6643534252236717,-0.6753534252236717,-0.6533534252236715,length,0.00561224489795924,0.08698800627381306,Georges Bank,10.885247101017026,11.364273827197954,-0.479026726180928,95159057.90225664,Georges Bank
1984,Fall,GoM,1,124,3,124,7618,-0.40347576128248513,-0.42247576128248543,-0.3844757612824852,length,0.00969387755102047,0.03565004201715312,Gulf of Maine,7.752150464053482,7.58698901219138,0.16516145186210185,332888187.0161219,Gulf of Maine
1984,Fall,MAB,1,154,2,154,40723,-1.087609766722802,-1.093609766722802,-1.081609766722802,length,0.00306122448979592,0.2455489636824739,Mid-Atlantic Bight,12.886608774212448,14.421963910975771,-1.5353551367633251,36133946.650253,Mid-Atlantic Bight
1984,Fall,SNE,1,119,2,119,63854,-0.918264097865847,-0.9232640978658466,-0.9132640978658468,length,0.00255102040816321,0.17102937723993172,Southern New England,11.29176072932372,11.91513307981422,-0.6233723504905004,123937224.57805964,Southern New England
1984,Spring,GB,1,113,2,113,6816,-0.3404581767412501,-0.3614581767412499,-0.3194581767412501,length,0.01071428571428566,0.03053561922228535,Georges Bank,6.30968040241289,6.301109876470461,0.0085705259424289,95159057.90225664,Georges Bank
1984,Spring,GoM,1,119,3,119,6730,-0.4039802407272026,-0.4239802407272024,-0.38398024072720194,length,0.01020408163265318,0.03665323368515855,Gulf of Maine,6.572373585344767,6.624192595080466,-0.05181900973569853,332888187.0161219,Gulf of Maine
1984,Spring,MAB,1,112,2,112,29104,-0.6992341872332154,-0.7072341872332153,-0.6912341872332153,length,0.00408163265306122,0.095979091082215,Mid-Atlantic Bight,7.3520358453717956,8.445150233826018,-1.0931143884542225,36133946.650253,Mid-Atlantic Bight
1984,Spring,SNE,1,112,3,112,18455,-0.752425430022504,-0.7624254300225033,-0.7424254300225037,length,0.00510204081632642,0.1117145704730317,Southern New England,6.396140704167976,6.976838513185743,-0.5806978090177664,123937224.57805964,Southern New England
1985,Fall,GB,1,115,1,115,45922,-1.0159602871986275,-1.021960287198627,-1.009960287198627,length,0.00306122448979592,0.21883202782412037,Georges Bank,11.88135897152659,11.364273827197954,0.517085144328636,112621113.92985287,Georges Bank
1985,Fall,GoM,1,129,2,129,17369,-0.6473229852471077,-0.658322985247108,-0.6363229852471077,length,0.00561224489795924,0.07749761020065325,Gulf of Maine,7.969396140438193,7.58698901219138,0.3824071282468129,261594478.1839432,Gulf of Maine
1985,Fall,MAB,1,187,1,187,58896,-1.0592045601428923,-1.0642045601428922,-1.0542045601428924,length,0.00255102040816321,0.22229190838408153,Mid-Atlantic Bight,15.090057952401937,14.421963910975771,0.6680940414261638,27006304.127942126,Mid-Atlantic Bight
1985,Fall,SNE,1,109,1,109,82181,-1.0032139074125543,-1.0082139074125545,-0.9982139074125548,length,0.00255102040816321,0.2147693474208636,Southern New England,13.402488434957649,11.91513307981422,1.4873553551434266,108033623.63077857,Southern New England
1985,Spring,GB,1,126,3,126,15246,-0.3884756983943498,-0.40147569839434993,-0.37547569839435013,length,0.00663265306122443,0.03350843345321317,Georges Bank,6.569108702395874,6.301109876470461,0.2679988259254129,112621113.92985287,Georges Bank
1985,Spring,GoM,1,118,3,118,9788,-0.3506210417848453,-0.3676210417848451,-0.33362104178484486,length,0.00867346938775516,0.03069884387390413,Gulf of Maine,6.5699187830013654,6.624192595080466,-0.0542738120791002,261594478.1839432,Gulf of Maine
1985,Spring,MAB,1,112,2,112,55653,-0.9445631872625188,-0.9505631872625186,-0.9385631872625186,length,0.00306122448979592,0.1854204498401952,Mid-Atlantic Bight,9.061416349988022,8.445150233826018,0.616266116162004,27006304.127942126,Mid-Atlantic Bight
1985,Spring,SNE,1,120,2,120,31952,-0.4014559903164563,-0.41045599031645663,-0.3924559903164564,length,0.00459183673469393,0.03614775970393236,Southern New England,7.799711910987336,6.976838513185743,0.822873397801593,108033623.63077857,Southern New England
1986,Fall,GB,1,109,1,109,20220,-0.5015166082180603,-0.5125166082180606,-0.4905166082180603,length,0.00561224489795924,0.05322101891001832,Georges Bank,12.05019731854274,11.364273827197954,0.685923491344786,90766286.92387594,Georges Bank
1986,Fall,GoM,1,129,1,129,16452,-0.5090774585430488,-0.5210774585430484,-0.497077458543048,length,0.00612244897959195,0.04975065156604712,Gulf of Maine,8.0012623181177,7.58698901219138,0.4142733059263195,257476520.8265104,Gulf of Maine
1986,Fall,MAB,1,173,1,173,34128,-1.1601367247254617,-1.1671367247254616,-1.1531367247254618,length,0.00357142857142851,0.28500857864777107,Mid-Atlantic Bight,15.46742348194725,14.421963910975771,1.0454595709714771,28070688.975229505,Mid-Atlantic Bight
1986,Fall,SNE,1,178,1,178,67900,-1.216147085730242,-1.2211470857302418,-1.211147085730242,length,0.00255102040816321,0.3208219294671689,Southern New England,13.290434967595797,11.91513307981422,1.3753018877815748,119418126.6679708,Southern New England
1986,Spring,GB,1,128,3,128,14952,-0.44011530718725167,-0.453115307187252,-0.4271153071872522,length,0.00663265306122443,0.03962815842886346,Georges Bank,6.985415411112122,6.301109876470461,0.6843055346416609,90766286.92387594,Georges Bank
1986,Spring,GoM,1,123,1,123,10536,-0.5719185723390351,-0.5869185723390351,-0.5569185723390353,length,0.00765306122448974,0.06252994511940813,Gulf of Maine,6.869493492447833,6.624192595080466,0.24530089736736735,257476520.8265104,Gulf of Maine
1986,Spring,MAB,1,112,2,112,30108,-0.9174396743255048,-0.9254396743255048,-0.9094396743255048,length,0.00408163265306122,0.1733250801501761,Mid-Atlantic Bight,9.3998678871878,8.445150233826018,0.9547176533617828,28070688.975229505,Mid-Atlantic Bight
1986,Spring,SNE,1,112,2,112,33450,-0.718730165299881,-0.7267301652998812,-0.7107301652998812,length,0.00408163265306122,0.10152813582902086,Southern New England,8.564411173994742,6.976838513185743,1.5875726608089993,119418126.6679708,Southern New England
1987,Fall,GB,1,137,2,137,17462,-0.4528891369114593,-0.46488913691145894,-0.4408891369114585,length,0.00612244897959195,0.03976718322045725,Georges Bank,10.438199629714456,11.364273827197954,-0.9260741974834978,91635392.87126482,Georges Bank
1987,Fall,GoM,1,114,2,114,9732,-0.37486973405534135,-0.3918697340553412,-0.35786973405534095,length,0.00867346938775516,0.0341372224705645,Gulf of Maine,7.507331337163203,7.58698901219138,-0.07965767502817744,245696337.1722183,Gulf of Maine
1987,Fall,MAB,1,124,1,124,21718,-0.9417344325843712,-0.9507344325843712,-0.9327344325843708,length,0.00459183673469393,0.1796858760247981,Mid-Atlantic Bight,14.001507225396464,14.421963910975771,-0.4204566855793104,30011501.043750457,Mid-Atlantic Bight
1987,Fall,SNE,1,106,1,106,25823,-0.819743374482101,-0.8287433744821011,-0.8107433744821009,length,0.00459183673469393,0.13678666762755518,Southern New England,12.10690368917442,11.91513307981422,0.19177060936019963,117108837.53340524,Southern New England
1987,Spring,GB,1,132,3,132,13747,-0.31781856942876696,-0.3328185694287673,-0.3028185694287675,length,0.00765306122448974,0.02529869300431777,Georges Bank,5.94188449396828,6.301109876470461,-0.3592253825021814,91635392.87126482,Georges Bank
1987,Spring,GoM,1,137,3,137,8584,-0.5138723980093755,-0.5298723980093758,-0.49687239800937544,length,0.00841836734693886,0.04894320576054716,Gulf of Maine,6.252062685915057,6.624192595080466,-0.3721299091654089,245696337.1722183,Gulf of Maine
1987,Spring,MAB,1,112,2,112,32935,-0.6199277894337077,-0.6279277894337074,-0.6119277894337074,length,0.00408163265306122,0.07586767226973316,Mid-Atlantic Bight,8.232620639489586,8.445150233826018,-0.21252959433643248,30011501.043750457,Mid-Atlantic Bight
1987,Spring,SNE,1,115,3,115,25703,-0.4051437578253142,-0.4151437578253141,-0.3951437578253145,length,0.00510204081632642,0.03760217840316073,Southern New England,6.648202809052179,6.976838513185743,-0.32863570413356324,117108837.53340524,Southern New England
1988,Fall,GB,1,116,2,116,19835,-0.7543877033410907,-0.7643877033410904,-0.7443877033410908,length,0.00510204081632642,0.11093214191208056,Georges Bank,10.486163212412176,11.364273827197954,-0.8781106147857773,110580907.09503016,Georges Bank
1988,Fall,GoM,1,137,3,137,17564,-0.6284205686194092,-0.6394205686194097,-0.6174205686194094,length,0.00561224489795924,0.0711504051960325,Gulf of Maine,7.7497880925810705,7.58698901219138,0.16279908038969015,241494780.76732755,Gulf of Maine
1988,Fall,MAB,1,175,1,175,13948,-1.1429898663245608,-1.153989866324561,-1.1319898663245604,length,0.00561224489795924,0.2738348098189722,Mid-Atlantic Bight,14.332391811750352,14.421963910975771,-0.08957209922541942,36493947.93785411,Mid-Atlantic Bight
1988,Fall,SNE,1,176,1,176,74987,-1.19985072931543,-1.20385072931543,-1.1958507293154297,length,0.00204081632653072,0.31024141391392723,Southern New England,11.55889691667927,11.91513307981422,-0.35623616313495,104757911.38963044,Southern New England
1988,Spring,GB,1,121,3,121,13143,-0.05259875417809983,-0.07059875417809991,-0.03459875417810032,length,0.00918367346938765,0.010184606795964911,Georges Bank,5.851621881738271,6.301109876470461,-0.4494879947321904,110580907.09503016,Georges Bank
1988,Spring,GoM,1,111,2,111,15967,-0.611959149901363,-0.623959149901363,-0.5999591499013626,length,0.00612244897959195,0.07436211692340662,Gulf of Maine,6.765043658748895,6.624192595080466,0.14085106366842923,241494780.76732755,Gulf of Maine
1988,Spring,MAB,1,110,2,110,57810,-0.9486169122640766,-0.9546169122640767,-0.9426169122640768,length,0.00306122448979592,0.1880858583874402,Mid-Atlantic Bight,8.164068876983753,8.445150233826018,-0.28108135684226454,36493947.93785411,Mid-Atlantic Bight
1988,Spring,SNE,1,112,2,112,29267,-0.4643422964667935,-0.4733422964667935,-0.4553422964667933,length,0.00459183673469393,0.04648932784475429,Southern New England,7.289908805914434,6.976838513185743,0.3130702927286917,104757911.38963044,Southern New England
1989,Fall,GB,1,107,1,107,29560,-0.8081741207092755,-0.8161741207092756,-0.8001741207092756,length,0.00408163265306122,0.1322308125126617,Georges Bank,11.286745345446556,11.364273827197954,-0.07752848175139881,106721378.5718729,Georges Bank
1989,Fall,GoM,1,113,1,113,19341,-0.4398345768766118,-0.45183457687661166,-0.4278345768766112,length,0.00612244897959195,0.04267132869940723,Gulf of Maine,7.435120972563022,7.58698901219138,-0.1518680396283587,212814340.74506608,Gulf of Maine
1989,Fall,MAB,1,126,1,126,49576,-1.0614176472002548,-1.0674176472002546,-1.0554176472002543,length,0.00306122448979592,0.2389972602307193,Mid-Atlantic Bight,14.138351171902151,14.421963910975771,-0.28361273907361984,642117992.6992118,Mid-Atlantic Bight
1989,Fall,SNE,1,441,1,441,69687,-1.2336547209893438,-1.2376547209893445,-1.2296547209893438,length,0.00204081632653072,0.30786740758790676,Southern New England,12.263214109771566,11.91513307981422,0.3480810299573456,138240606.1218275,Southern New England
1989,Spring,GB,1,121,3,121,10369,-0.32488298370780555,-0.34188298370780545,-0.3078829837078052,length,0.00867346938775516,0.02758330537666517,Georges Bank,6.028483347820314,6.301109876470461,-0.2726265286501466,106721378.5718729,Georges Bank
1989,Spring,GoM,1,126,1,126,14098,-0.6594406504954414,-0.6714406504954415,-0.6474406504954411,length,0.00612244897959195,0.08124814755253003,Gulf of Maine,6.02373590144873,6.624192595080466,-0.6004566936317355,212814340.74506608,Gulf of Maine
1989,Spring,MAB,1,110,2,110,42905,-0.8364450218126708,-0.8434450218126712,-0.8294450218126714,length,0.00357142857142851,0.14134318411569016,Mid-Atlantic Bight,8.536482872546475,8.445150233826018,0.09133263872045738,642117992.6992118,Mid-Atlantic Bight
1989,Spring,SNE,1,131,2,131,19440,-0.4775721758737075,-0.4885721758737072,-0.4665721758737069,length,0.00561224489795924,0.04439409422627038,Southern New England,7.258212551863629,6.976838513185743,0.28137403867788624,138240606.1218275,Southern New England
1990,Fall,GB,1,112,2,112,34338,-0.7811948669359933,-0.7881948669359935,-0.7741948669359937,length,0.00357142857142851,0.12102819076368694,Georges Bank,10.99407268352339,11.364273827197954,-0.3702011436745636,125737601.91874053,Georges Bank
1990,Fall,GoM,1,120,2,120,24319,-0.29448306942724456,-0.305483069427245,-0.28348306942724477,length,0.00561224489795924,0.02492814693533952,Gulf of Maine,7.734164384069068,7.58698901219138,0.1471753718776876,241576898.15481943,Gulf of Maine
1990,Fall,MAB,1,193,1,193,65110,-1.1398964807717835,-1.1448964807717834,-1.1348964807717836,length,0.00255102040816321,0.2684715950052167,Mid-Atlantic Bight,14.569145903308648,14.421963910975771,0.1471819923328752,559568060.4158727,Mid-Atlantic Bight
1990,Fall,SNE,1,182,2,182,56756,-1.1503684221969883,-1.1553684221969889,-1.1453684221969889,length,0.00255102040816321,0.2770507105081338,Southern New England,11.6984211851687,11.91513307981422,-0.21671189464552043,153283476.19027758,Southern New England
1990,Spring,GB,1,141,2,141,20246,-0.08227771951011942,-0.0962777195101192,-0.06827771951011918,length,0.00714285714285715,0.00988502782900976,Georges Bank,6.356982731033898,6.301109876470461,0.05587285456343682,125737601.91874053,Georges Bank
1990,Spring,GoM,1,120,3,120,10594,-0.4681853849246486,-0.4831853849246488,-0.45218538492464866,length,0.00790816326530615,0.04523495332093358,Gulf of Maine,6.372984212051113,6.624192595080466,-0.25120838302935233,241576898.15481943,Gulf of Maine
1990,Spring,MAB,1,150,2,150,31659,-1.027518239199459,-1.0345182391994592,-1.0205182391994594,length,0.00357142857142851,0.21365070406687248,Mid-Atlantic Bight,10.036356863415024,8.445150233826018,1.5912066295890064,559568060.4158727,Mid-Atlantic Bight
1990,Spring,SNE,1,110,2,110,19836,-0.4254944420215632,-0.43749444202156296,-0.4134944420215625,length,0.00612244897959195,0.04137163434402029,Southern New England,8.700621116777201,6.976838513185743,1.7237826035914583,153283476.19027758,Southern New England
1991,Fall,GB,1,107,3,107,18848,-0.7417998199503614,-0.751799819950361,-0.7317998199503615,length,0.00510204081632642,0.1102546798187658,Georges Bank,12.246679637900495,11.364273827197954,0.8824058107025436,116792593.1487448,Georges Bank
1991,Fall,GoM,1,115,2,115,20298,-0.36200492064470446,-0.37400492064470425,-0.3500049206447038,length,0.00612244897959195,0.03248405088217739,Gulf of Maine,8.12404577723205,7.58698901219138,0.5370567650406697,290293345.4866287,Gulf of Maine
1991,Fall,MAB,1,433,1,433,34924,-1.2841013101060108,-1.2901013101060106,-1.2781013101060106,length,0.00306122448979592,0.34571695765871663,Mid-Atlantic Bight,14.758734472004528,14.421963910975771,0.3367705610287537,693316088.2552449,Mid-Atlantic Bight
1991,Fall,SNE,1,108,1,108,33536,-1.005856424669797,-1.0128564246697969,-0.9988564246697972,length,0.00357142857142851,0.21651954668911116,Southern New England,12.625042817643308,11.91513307981422,0.7099097378290882,166754805.38026005,Southern New England
1991,Spring,GB,1,128,3,128,12501,-0.33821834451507055,-0.3532183445150703,-0.3232183445150705,length,0.00765306122448974,0.02780186779727764,Georges Bank,7.044591993243396,6.301109876470461,0.7434821167729346,116792593.1487448,Georges Bank
1991,Spring,GoM,1,132,4,132,8219,-0.6556606190215143,-0.6716606190215142,-0.6396606190215142,length,0.00816326530612245,0.07874653512390482,Gulf of Maine,6.79491532910327,6.624192595080466,0.1707227340228039,290293345.4866287,Gulf of Maine
1991,Spring,MAB,1,125,2,125,36509,-1.01156258300253,-1.0185625830025304,-1.0045625830025309,length,0.00357142857142851,0.21294672633712536,Mid-Atlantic Bight,9.594008435015956,8.445150233826018,1.1488582011899382,693316088.2552449,Mid-Atlantic Bight
1991,Spring,SNE,1,114,3,114,25881,-0.4757467090927254,-0.4857467090927248,-0.4657467090927252,length,0.00510204081632642,0.04776031969770125,Southern New England,8.27348745146301,6.976838513185743,1.2966489382772677,166754805.38026005,Southern New England
1992,Fall,GB,1,104,2,104,27620,-0.7654679800953371,-0.7744679800953373,-0.7564679800953371,length,0.00459183673469393,0.11892687697398242,Georges Bank,10.43948745892378,11.364273827197954,-0.924786368274173,108900214.64094332,Georges Bank
1992,Fall,GoM,1,116,2,116,22229,-0.3955625293696942,-0.4065625293696939,-0.3845625293696937,length,0.00561224489795924,0.03620600812145761,Gulf of Maine,6.609110535969612,7.58698901219138,-0.9778784762217684,304655559.8866239,Gulf of Maine
1992,Fall,MAB,1,141,1,141,73746,-1.4300926550467965,-1.4350926550467964,-1.4250926550467966,length,0.00255102040816321,0.4882005146383103,Mid-Atlantic Bight,14.219765756882133,14.421963910975771,-0.20219815409364195,662119581.0722677,Mid-Atlantic Bight
1992,Fall,SNE,1,111,2,111,64376,-1.1523689070235152,-1.157368907023515,-1.1473689070235151,length,0.00255102040816321,0.29755409075133665,Southern New England,11.665231455534965,11.91513307981422,-0.2499016242792571,165868040.65697652,Southern New England
1992,Spring,GB,1,112,5,112,12103,-0.2105886680286611,-0.2275886680286612,-0.19358866802866093,length,0.00867346938775516,0.01950876127922612,Georges Bank,6.189041339261933,6.301109876470461,-0.11206853720852816,108900214.64094332,Georges Bank
1992,Spring,GoM,1,140,4,140,22338,-0.6826384071301448,-0.6916384071301445,-0.6736384071301442,length,0.00459183673469393,0.08355086238451769,Gulf of Maine,5.654052596467333,6.624192595080466,-0.9701399986131324,304655559.8866239,Gulf of Maine
1992,Spring,MAB,1,121,2,121,39975,-0.8675152931154911,-0.8745152931154911,-0.8605152931154914,length,0.00357142857142851,0.14924181666124478,Mid-Atlantic Bight,9.671783022561316,8.445150233826018,1.226632788735298,662119581.0722677,Mid-Atlantic Bight
1992,Spring,SNE,1,112,3,112,22827,-0.46273828310945486,-0.473738283109455,-0.45173828310945474,length,0.00561224489795924,0.04624669807411798,Southern New England,7.549765825009469,6.976838513185743,0.5729273118237268,165868040.65697652,Southern New England
1993,Fall,GB,1,129,1,129,21750,-0.9731838478957224,-0.982183847895722,-0.964183847895722,length,0.00459183673469393,0.19265232779045172,Georges Bank,11.76603083264996,11.364273827197954,0.401757005452005,110788664.71723711,Georges Bank
1993,Fall,GoM,1,119,2,119,19761,-0.599725510458833,-0.6107255104588329,-0.5887255104588327,length,0.00561224489795924,0.06933422154493572,Gulf of Maine,7.736252007304145,7.58698901219138,0.14926299511276486,272981481.1330265,Gulf of Maine
1993,Fall,MAB,1,128,1,128,12152,-0.991300965078972,-1.0033009650789722,-0.9793009650789716,length,0.00612244897959195,0.20178037057810308,Mid-Atlantic Bight,13.450395908891766,14.421963910975771,-0.9715680020840072,725662536.1687098,Mid-Atlantic Bight
1993,Fall,SNE,1,141,1,141,44370,-1.0155834099765926,-1.0215834099765924,-1.0095834099765923,length,0.00306122448979592,0.20996266882469636,Southern New England,11.198977260530825,11.91513307981422,-0.7161558192833954,148365722.15065023,Southern New England
1993,Spring,GB,1,116,1,116,16053,-0.24948197847946757,-0.2634819784794673,-0.23548197847946728,length,0.00714285714285715,0.02179621663990332,Georges Bank,5.772696188933958,6.301109876470461,-0.5284136875365029,110788664.71723711,Georges Bank
1993,Spring,GoM,1,130,1,130,13380,-0.5389180316486991,-0.5519180316486993,-0.5259180316486995,length,0.00663265306122443,0.05466868463975846,Gulf of Maine,6.229581513295915,6.624192595080466,-0.39461108178455095,272981481.1330265,Gulf of Maine
1993,Spring,MAB,1,153,2,153,39686,-0.8874761066976015,-0.8934761066976011,-0.8814761066976011,length,0.00306122448979592,0.14780756758327135,Mid-Atlantic Bight,6.968445332534684,8.445150233826018,-1.4767049012913338,725662536.1687098,Mid-Atlantic Bight
1993,Spring,SNE,1,108,2,108,20589,-0.46111222080585507,-0.47211222080585546,-0.4501122208058552,length,0.00561224489795924,0.04699169040895286,Southern New England,5.9939114038161,6.976838513185743,-0.9829271093696424,148365722.15065023,Southern New England
1994,Fall,GB,1,107,2,107,29945,-0.95160288326529,-0.9596028832652896,-0.9436028832652896,length,0.00408163265306122,0.19071588566225692,Georges Bank,12.090673108149968,11.364273827197954,0.7263992809520143,79198781.64260153,Georges Bank
1994,Fall,GoM,1,113,1,113,22420,-0.5096816747013222,-0.5196816747013218,-0.4996816747013222,length,0.00510204081632642,0.05355989044554916,Gulf of Maine,8.317051427349694,7.58698901219138,0.7300624151583142,226413342.28790623,Gulf of Maine
1994,Fall,MAB,1,170,1,170,88401,-1.1429229671831351,-1.146922967183135,-1.1389229671831345,length,0.00204081632653072,0.2748380652313404,Mid-Atlantic Bight,14.541993404767933,14.421963910975771,0.120029493792158,605523336.0493478,Mid-Atlantic Bight
1994,Fall,SNE,1,151,1,151,60678,-1.0960556119822054,-1.101055611982205,-1.0910556119822052,length,0.00255102040816321,0.2511818781193371,Southern New England,12.440602380298715,11.91513307981422,0.525469300484497,133329022.97052623,Southern New England
1994,Spring,GB,1,122,2,122,16612,-0.3727866780052257,-0.3857866780052257,-0.3597866780052259,length,0.00663265306122443,0.0324119064954519,Georges Bank,6.6770291820446745,6.301109876470461,0.3759193055742136,79198781.64260153,Georges Bank
1994,Spring,GoM,1,112,2,112,13505,-0.3971398667717165,-0.41113986677171654,-0.3831398667717165,length,0.00714285714285715,0.037226017802104563,Gulf of Maine,7.425330807684799,6.624192595080466,0.8011382126043332,226413342.28790623,Gulf of Maine
1994,Spring,MAB,1,105,2,105,31050,-0.5327386295166534,-0.5417386295166531,-0.5237386295166528,length,0.00459183673469393,0.05991448483242417,Mid-Atlantic Bight,7.826897354101208,8.445150233826018,-0.6182528797248104,605523336.0493478,Mid-Atlantic Bight
1994,Spring,SNE,1,105,1,105,23915,-0.5138434220095418,-0.5238434220095414,-0.5038434220095418,length,0.00510204081632642,0.05647998608499575,Southern New England,6.751138737457457,6.976838513185743,-0.2256997757282857,133329022.97052623,Southern New England
1995,Fall,GB,1,115,1,115,26766,-0.8295150585576341,-0.8375150585576341,-0.8215150585576341,length,0.00408163265306122,0.13687794442826529,Georges Bank,12.329889863900233,11.364273827197954,0.9656160367022792,70042941.23686618,Georges Bank
1995,Fall,GoM,1,127,1,127,44053,-0.6849463747389868,-0.6919463747389867,-0.6779463747389869,length,0.00357142857142851,0.08750120993088567,Gulf of Maine,8.150950327290795,7.58698901219138,0.5639613150994149,271738806.9395939,Gulf of Maine
1995,Fall,MAB,1,155,1,155,76195,-0.986105404269946,-0.9901054042699458,-0.9821054042699452,length,0.00204081632653072,0.19141178706717987,Mid-Atlantic Bight,15.81638822126143,14.421963910975771,1.3944243102856575,799256281.7229925,Mid-Atlantic Bight
1995,Fall,SNE,1,120,1,120,40029,-1.093188627541494,-1.100188627541494,-1.0861886275414945,length,0.00357142857142851,0.25892511575014937,Southern New England,12.53127635676113,11.91513307981422,0.6161432769469091,175723521.58509308,Southern New England
1995,Spring,GB,1,112,1,112,15851,-0.5688523327418331,-0.5808523327418329,-0.5568523327418324,length,0.00612244897959195,0.06485929133359025,Georges Bank,6.699696724554299,6.301109876470461,0.3985868480838377,70042941.23686618,Georges Bank
1995,Spring,GoM,1,127,3,127,16975,-0.6655956047732436,-0.6765956047732438,-0.6545956047732435,length,0.00561224489795924,0.08251452248206509,Gulf of Maine,7.389617916418949,6.624192595080466,0.7654253213384834,271738806.9395939,Gulf of Maine
1995,Spring,MAB,1,167,1,167,15579,-0.7364801004490168,-0.7474801004490166,-0.7254801004490163,length,0.00561224489795924,0.09238571319754196,Mid-Atlantic Bight,8.864767366558278,8.445150233826018,0.41961713273225953,799256281.7229925,Mid-Atlantic Bight
1995,Spring,SNE,1,102,1,102,19028,-0.6843165691282744,-0.6953165691282743,-0.6733165691282741,length,0.00561224489795924,0.09548580658863048,Southern New England,7.471211287217835,6.976838513185743,0.494372774032092,175723521.58509308,Southern New England
1996,Fall,GB,1,102,2,102,14390,-0.5181599120927521,-0.5311599120927522,-0.50515991209275235,length,0.00663265306122443,0.05815179851517899,Georges Bank,9.532117822194715,11.364273827197954,-1.8321560050032384,87339361.01089016,Georges Bank
1996,Fall,GoM,1,105,2,105,22299,-0.4799388579044036,-0.4909388579044034,-0.4689388579044031,length,0.00561224489795924,0.05073901970917519,Gulf of Maine,7.819386573418667,7.58698901219138,0.2323975612272866,272889403.6635198,Gulf of Maine
1996,Fall,MAB,1,119,1,119,58141,-0.8462441423181736,-0.8512441423181736,-0.8412441423181738,length,0.00255102040816321,0.14169702271187903,Mid-Atlantic Bight,12.680094743927294,14.421963910975771,-1.7418691670484794,695637145.2657586,Mid-Atlantic Bight
1996,Fall,SNE,1,187,1,187,42723,-1.0634523530448825,-1.0694523530448818,-1.0574523530448818,length,0.00306122448979592,0.22464215407542656,Southern New England,9.939460365053447,11.91513307981422,-1.9756727147607729,204531004.14765272,Southern New England
1996,Spring,GB,1,104,3,104,23833,-0.2712210187583414,-0.28322101875834127,-0.2592210187583408,length,0.00612244897959195,0.02556208344716149,Georges Bank,5.889813220719438,6.301109876470461,-0.41129665575102337,87339361.01089016,Georges Bank
1996,Spring,GoM,1,113,2,113,11006,-0.3965001888586834,-0.412500188858683,-0.380500188858683,length,0.00816326530612245,0.03693539475213841,Gulf of Maine,7.400760248599899,6.624192595080466,0.7765676535194332,272889403.6635198,Gulf of Maine
1996,Spring,MAB,1,118,2,118,25505,-0.4059857234940523,-0.4159857234940523,-0.3959857234940527,length,0.00510204081632642,0.03710059933093947,Mid-Atlantic Bight,7.173931620826443,8.445150233826018,-1.2712186129995748,695637145.2657586,Mid-Atlantic Bight
1996,Spring,SNE,1,97,2,97,27246,-0.3759699810396551,-0.3859699810396551,-0.3659699810396555,length,0.00510204081632642,0.03811984174783385,Southern New England,5.848701781229248,6.976838513185743,-1.128136731956495,204531004.14765272,Southern New England
1997,Fall,GB,1,107,1,107,19996,-0.6523226825582347,-0.6623226825582345,-0.6423226825582349,length,0.00510204081632642,0.08528664773122895,Georges Bank,11.397973843364577,11.364273827197954,0.03370001616662144,89213428.05063123,Georges Bank
1997,Fall,GoM,1,126,1,126,21621,-0.5322007764844235,-0.5422007764844237,-0.5222007764844241,length,0.00510204081632642,0.05435605963463714,Gulf of Maine,7.861258130887075,7.58698901219138,0.2742691186956945,273377608.7727549,Gulf of Maine
1997,Fall,MAB,1,175,1,175,13591,-1.1813385383388582,-1.1923385383388585,-1.170338538338858,length,0.00561224489795924,0.29823854270445715,Mid-Atlantic Bight,13.95773388779976,14.421963910975771,-0.4642300231760128,605655844.2214836,Mid-Atlantic Bight
1997,Fall,SNE,1,124,1,124,60349,-1.1608613972918356,-1.1658613972918357,-1.1558613972918357,length,0.00255102040816321,0.2981790607322807,Southern New England,11.793019701376446,11.91513307981422,-0.12211337843777414,212850568.4908976,Southern New England
1997,Spring,GB,1,96,3,96,13195,-0.08545034750826927,-0.10345034750826888,-0.06745034750826928,length,0.00918367346938765,0.01429077034768197,Georges Bank,6.062828551701935,6.301109876470461,-0.2382813247685256,89213428.05063123,Georges Bank
1997,Spring,GoM,1,109,2,109,37241,-0.5992921008900717,-0.6072921008900716,-0.5912921008900716,length,0.00408163265306122,0.0721659642430138,Gulf of Maine,7.240308309389812,6.624192595080466,0.6161157143093465,273377608.7727549,Gulf of Maine
1997,Spring,MAB,1,109,2,109,39036,-0.935832143719878,-0.9428321437198784,-0.9288321437198784,length,0.00357142857142851,0.182681725541541,Mid-Atlantic Bight,9.970389310200888,8.445150233826018,1.52523907637487,605655844.2214836,Mid-Atlantic Bight
1997,Spring,SNE,1,97,2,97,24986,-0.46052309960486826,-0.4705230996048684,-0.4505230996048688,length,0.00510204081632642,0.0499596774433837,Southern New England,7.721582095421138,6.976838513185743,0.7447435822353956,212850568.4908976,Southern New England
1998,Fall,GB,1,122,1,122,26916,-0.7578680914418809,-0.765868091441881,-0.7498680914418809,length,0.00408163265306122,0.1100509981111668,Georges Bank,10.328975356448725,11.364273827197954,-1.035298470749229,145326809.45432845,Georges Bank
1998,Fall,GoM,1,98,2,98,41094,-0.46332768580818656,-0.47132768580818674,-0.4553276858081867,length,0.00408163265306122,0.05009949324974895,Gulf of Maine,6.672216577671119,7.58698901219138,-0.9147724345202616,194628603.59426332,Gulf of Maine
1998,Fall,MAB,1,166,1,166,51838,-1.114622717655264,-1.1196227176552638,-1.109622717655264,length,0.00255102040816321,0.25849514296242154,Mid-Atlantic Bight,13.571624689743023,14.421963910975771,-0.8503392212327476,640898515.3068919,Mid-Atlantic Bight
1998,Fall,SNE,1,110,1,110,37769,-1.016305369283227,-1.0233053692832272,-1.0093053692832274,length,0.00357142857142851,0.22100102939547753,Southern New England,9.913475383774058,11.91513307981422,-2.001657696040162,170627008.27221316,Southern New England
1998,Spring,GB,1,124,2,124,10031,-0.2389694822212928,-0.2569694822212929,-0.2209694822212933,length,0.00918367346938765,0.01992830430637661,Georges Bank,5.835254482021915,6.301109876470461,-0.4658553944485462,145326809.45432845,Georges Bank
1998,Spring,GoM,1,125,1,125,31791,-0.6735917339825015,-0.6815917339825015,-0.6655917339825015,length,0.00408163265306122,0.08510005976767174,Gulf of Maine,6.423215838711141,6.624192595080466,-0.20097675636932433,194628603.59426332,Gulf of Maine
1998,Spring,MAB,1,116,2,116,31562,-0.9425365786571784,-0.9505365786571788,-0.9345365786571788,length,0.00408163265306122,0.1829420267817597,Mid-Atlantic Bight,7.850372840478448,8.445150233826018,-0.5947773933475702,640898515.3068919,Mid-Atlantic Bight
1998,Spring,SNE,1,94,1,94,24516,-0.6342493864312099,-0.64424938643121,-0.6242493864312104,length,0.00510204081632642,0.08568945487153247,Southern New England,6.204928696457503,6.976838513185743,-0.7719098167282397,170627008.27221316,Southern New England
1999,Fall,GB,1,117,1,117,46682,-1.109927140651181,-1.115927140651181,-1.103927140651181,length,0.00306122448979592,0.269725439172137,Georges Bank,13.298922858428636,11.364273827197954,1.9346490312306823,103073858.76425904,Georges Bank
1999,Fall,GoM,1,112,2,112,47146,-0.6052801579228506,-0.6122801579228505,-0.5982801579228507,length,0.00357142857142851,0.07256252345911332,Gulf of Maine,8.253344055637786,7.58698901219138,0.6663550434464058,225252583.668383,Gulf of Maine
1999,Fall,MAB,1,170,1,170,59913,-1.264737829201007,-1.2697378292010066,-1.2597378292010069,length,0.00255102040816321,0.3561909911001476,Mid-Atlantic Bight,16.81115322222474,14.421963910975771,2.389189311248966,502172830.73305845,Mid-Atlantic Bight
1999,Fall,SNE,1,122,1,122,78518,-1.167771251832897,-1.1727712518328968,-1.162771251832897,length,0.00255102040816321,0.3031927485939064,Southern New England,13.128017337249338,11.91513307981422,1.2128842574351175,186439546.32699504,Southern New England
1999,Spring,GB,1,122,4,122,17565,-0.4106336544005902,-0.4226336544005904,-0.3986336544005899,length,0.00612244897959195,0.03690924993428544,Georges Bank,6.873922884295877,6.301109876470461,0.5728130078254159,103073858.76425904,Georges Bank
1999,Spring,GoM,1,155,1,155,15792,-0.681037838697233,-0.6920378386972335,-0.6700378386972332,length,0.00561224489795924,0.07981794733767217,Gulf of Maine,6.599113874358119,6.624192595080466,-0.0250787207223464,225252583.668383,Gulf of Maine
1999,Spring,MAB,1,161,1,161,39522,-1.0602021935181585,-1.066202193518158,-1.054202193518158,length,0.00306122448979592,0.22842941076958104,Mid-Atlantic Bight,8.933112367587439,8.445150233826018,0.48796213376142106,502172830.73305845,Mid-Atlantic Bight
1999,Spring,SNE,1,99,1,99,59440,-0.8094636387365356,-0.8154636387365355,-0.8034636387365355,length,0.00306122448979592,0.1360813788787457,Southern New England,7.752720457335022,6.976838513185743,0.7758819441492797,186439546.32699504,Southern New England
2000,Fall,GB,1,123,2,123,27200,-0.923435863967069,-0.931435863967069,-0.915435863967069,length,0.00408163265306122,0.17186924689440758,Georges Bank,11.387667054411354,11.364273827197954,0.02339322721340053,128304800.6453032,Georges Bank
2000,Fall,GoM,1,114,2,114,33657,-0.455538021947914,-0.4645380219479142,-0.446538021947914,length,0.00459183673469393,0.04470230603564342,Gulf of Maine,7.9370715783503405,7.58698901219138,0.35008256615896016,205750278.2100087,Gulf of Maine
2000,Fall,MAB,1,186,1,186,62450,-1.2539211814070508,-1.2589211814070511,-1.248921181407051,length,0.00255102040816321,0.3456078492064686,Mid-Atlantic Bight,14.69738955677199,14.421963910975771,0.27542564579621676,466140991.6863319,Mid-Atlantic Bight
2000,Fall,SNE,1,112,1,112,77499,-1.1632405196449749,-1.168240519644975,-1.1582405196449752,length,0.00255102040816321,0.30392790688733384,Southern New England,11.632927740445956,11.91513307981422,-0.2822053393682644,196203439.7741671,Southern New England
2000,Spring,GB,1,128,1,128,24217,-0.5944651060309774,-0.6034651060309772,-0.585465106030977,length,0.00459183673469393,0.06589808401675758,Georges Bank,7.492422744037282,6.301109876470461,1.191312867566821,128304800.6453032,Georges Bank
2000,Spring,GoM,1,127,1,127,36242,-0.6264073461114781,-0.6334073461114778,-0.619407346111478,length,0.00357142857142851,0.07312532641985624,Gulf of Maine,7.30425751625657,6.624192595080466,0.6800649211761041,205750278.2100087,Gulf of Maine
2000,Spring,MAB,1,149,1,149,35897,-0.9681442954692686,-0.9751442954692684,-0.9611442954692686,length,0.00357142857142851,0.1843374020711248,Mid-Atlantic Bight,9.616509175786792,8.445150233826018,1.171358941960774,466140991.6863319,Mid-Atlantic Bight
2000,Spring,SNE,1,100,1,100,21340,-0.8733451003305445,-0.8833451003305441,-0.8633451003305446,length,0.00510204081632642,0.15994130523679118,Southern New England,8.257012747440095,6.976838513185743,1.2801742342543525,196203439.7741671,Southern New England
2001,Fall,GB,1,127,1,127,37290,-1.036899684808398,-1.0438996848083986,-1.0298996848083988,length,0.00357142857142851,0.22543218330388912,Georges Bank,11.781847352246311,11.364273827197954,0.4175735250483577,215898517.3685564,Georges Bank
2001,Fall,GoM,1,128,2,128,25904,-0.4791237199466098,-0.4891237199466092,-0.4691237199466096,length,0.00510204081632642,0.04521593232286231,Gulf of Maine,7.56373240841592,7.58698901219138,-0.02325660377546068,181124048.71463323,Gulf of Maine
2001,Fall,MAB,1,138,2,138,23641,-1.0280137447682418,-1.0360137447682414,-1.0200137447682414,length,0.00408163265306122,0.21728181399819657,Mid-Atlantic Bight,15.690889486542684,14.421963910975771,1.2689255755669109,581702070.1784478,Mid-Atlantic Bight
2001,Fall,SNE,1,138,2,138,51025,-1.043925347401966,-1.0499253474019663,-1.0379253474019663,length,0.00306122448979592,0.22570710485693604,Southern New England,12.713857278745891,11.91513307981422,0.7987241989316711,178511672.51195607,Southern New England
2001,Spring,GB,1,116,1,116,23181,-0.5030597162322485,-0.5130597162322488,-0.4930597162322492,length,0.00510204081632642,0.05168486321106804,Georges Bank,6.584225673461316,6.301109876470461,0.2831157969908551,215898517.3685564,Georges Bank
2001,Spring,GoM,1,116,1,116,28987,-0.5417703964855897,-0.5507703964855897,-0.5327703964855894,length,0.00459183673469393,0.05851697142009154,Gulf of Maine,7.049815657765618,6.624192595080466,0.425623062685152,181124048.71463323,Gulf of Maine
2001,Spring,MAB,1,126,1,126,32256,-0.8215992061239306,-0.8285992061239305,-0.8145992061239307,length,0.00357142857142851,0.13024060554354316,Mid-Atlantic Bight,7.553638023181621,8.445150233826018,-0.8915122106443967,581702070.1784478,Mid-Atlantic Bight
2001,Spring,SNE,1,101,1,101,31176,-0.7312615736640005,-0.7392615736640007,-0.7232615736640007,length,0.00408163265306122,0.10939834071404549,Southern New England,6.9607239862543,6.976838513185743,-0.01611452693144244,178511672.51195607,Southern New England
2002,Fall,GB,1,130,1,130,32635,-0.7645682701006327,-0.7715682701006323,-0.7575682701006325,length,0.00357142857142851,0.1097329328436988,Georges Bank,12.5313288053519,11.364273827197954,1.1670549781539457,142183437.92645255,Georges Bank
2002,Fall,GoM,1,130,1,130,44240,-0.5649029905877536,-0.5719029905877542,-0.5579029905877544,length,0.00357142857142851,0.05949440764882901,Gulf of Maine,8.212129466998597,7.58698901219138,0.6251404548072168,196558376.5403216,Gulf of Maine
2002,Fall,MAB,1,162,1,162,66922,-1.0913816828270633,-1.0963816828270634,-1.0863816828270636,length,0.00255102040816321,0.24577500602083763,Mid-Atlantic Bight,15.515063407506204,14.421963910975771,1.0930994965304317,448725723.0988356,Mid-Atlantic Bight
2002,Fall,SNE,1,110,2,110,80384,-1.2968991989305063,-1.3018991989305064,-1.2918991989305066,length,0.00255102040816321,0.3946511755292921,Southern New England,12.229716186731691,11.91513307981422,0.31458310691747293,169748770.80160767,Southern New England
2002,Spring,GB,1,129,1,129,20367,-0.46989813493859217,-0.48089813493859257,-0.45889813493859233,length,0.00561224489795924,0.04364046299400179,Georges Bank,6.983984133052701,6.301109876470461,0.6828742565822399,142183437.92645255,Georges Bank
2002,Spring,GoM,1,134,1,134,29447,-0.5751628653829465,-0.5831628653829464,-0.5671628653829464,length,0.00408163265306122,0.06059796938348228,Gulf of Maine,7.203254483667647,6.624192595080466,0.579061888587181,196558376.5403216,Gulf of Maine
2002,Spring,MAB,1,149,1,149,38650,-1.0249904534444172,-1.0309904534444168,-1.0189904534444167,length,0.00306122448979592,0.2125978543221629,Mid-Atlantic Bight,10.833099570903654,8.445150233826018,2.387949337077636,448725723.0988356,Mid-Atlantic Bight
2002,Spring,SNE,1,121,1,121,64464,-1.03606693139823,-1.0410669313982297,-1.0310669313982297,length,0.00255102040816321,0.2270692754690543,Southern New England,8.571847550276889,6.976838513185743,1.5950090370911465,169748770.80160767,Southern New England
2003,Fall,GB,1,121,1,121,42525,-0.8181415062340424,-0.8241415062340418,-0.8111415062340424,length,0.0033163265306121,0.1306397655272413,Georges Bank,11.21695167789435,11.364273827197954,-0.1473221493036032,157756863.13897887,Georges Bank
2003,Fall,GoM,1,127,1,127,42187,-0.5761720514270844,-0.5831720514270846,-0.5691720514270848,length,0.00357142857142851,0.06240074402381719,Gulf of Maine,7.397220331953322,7.58698901219138,-0.1897686802380587,197558212.31080037,Gulf of Maine
2003,Fall,MAB,1,167,1,167,49633,-1.003506669611682,-1.0085066696116822,-0.9985066696116824,length,0.00255102040816321,0.1971476393090926,Mid-Atlantic Bight,14.158946555205429,14.421963910975771,-0.26301735577034435,466661034.7125041,Mid-Atlantic Bight
2003,Fall,SNE,1,109,1,109,72093,-1.1414268320169398,-1.1464268320169395,-1.13642683201694,length,0.00255102040816321,0.29163451461215567,Southern New England,11.484480543565054,11.91513307981422,-0.4306525362491662,184940882.9749087,Southern New England
2003,Spring,GB,1,111,1,111,7767,-0.2475824335533845,-0.2685824335533846,-0.2265824335533848,length,0.01071428571428566,0.022400770250119,Georges Bank,5.603456308304019,6.301109876470461,-0.6976535681664418,157756863.13897887,Georges Bank
2003,Spring,GoM,1,133,1,133,21172,-0.6683721221358475,-0.6783721221358476,-0.6583721221358481,length,0.00510204081632642,0.08164005657006733,Gulf of Maine,6.5662483052967575,6.624192595080466,-0.05794428978370813,197558212.31080037,Gulf of Maine
2003,Spring,MAB,1,136,2,136,50227,-0.7756271420484696,-0.7816271420484697,-0.7696271420484697,length,0.00306122448979592,0.1115737530675029,Mid-Atlantic Bight,7.500264590141543,8.445150233826018,-0.9448856436844748,466661034.7125041,Mid-Atlantic Bight
2003,Spring,SNE,1,118,2,118,20365,-0.3940934052711735,-0.4050934052711739,-0.3820934052711733,length,0.00586734693877565,0.03563335669278453,Southern New England,5.742899179329209,6.976838513185743,-1.233939333856534,184940882.9749087,Southern New England
2004,Fall,GB,1,127,1,127,29019,-0.6242338903985395,-0.6322338903985392,-0.6162338903985392,length,0.00408163265306122,0.07263152708837087,Georges Bank,9.821495249873408,11.364273827197954,-1.5427785773245457,161967625.96260598,Georges Bank
2004,Fall,GoM,1,129,1,129,22123,-0.4905488088729666,-0.5005488088729662,-0.4805488088729666,length,0.00510204081632642,0.04677443516754249,Gulf of Maine,6.581052144991661,7.58698901219138,-1.0059368671997193,190476392.43012396,Gulf of Maine
2004,Fall,MAB,1,173,1,173,40790,-1.1549567353064594,-1.1609567353064594,-1.1489567353064594,length,0.00306122448979592,0.2817327083834647,Mid-Atlantic Bight,13.24071845681846,14.421963910975771,-1.1812454541573132,510600214.01780987,Mid-Atlantic Bight
2004,Fall,SNE,1,135,1,135,64316,-1.318626815090558,-1.3236268150905577,-1.313626815090558,length,0.00255102040816321,0.403078463424297,Southern New England,10.55183698860258,11.91513307981422,-1.363296091211641,183841913.75465012,Southern New England
2004,Spring,GB,1,108,1,108,15992,-0.4424525742823629,-0.4554525742823632,-0.4294525742823634,length,0.00663265306122443,0.04422876586621374,Georges Bank,5.162019939407165,6.301109876470461,-1.1390899370632956,161967625.96260598,Georges Bank
2004,Spring,GoM,1,125,1,125,25109,-0.6283401350791713,-0.6373401350791714,-0.6193401350791712,length,0.00459183673469393,0.07408884055733221,Gulf of Maine,6.002001214808151,6.624192595080466,-0.6221913802723149,190476392.43012396,Gulf of Maine
2004,Spring,MAB,1,123,2,123,95351,-0.9073264746110824,-0.9113264746110824,-0.9033264746110818,length,0.00204081632653072,0.16490178572886802,Mid-Atlantic Bight,6.642061309440175,8.445150233826018,-1.8030889243858432,510600214.01780987,Mid-Atlantic Bight
2004,Spring,SNE,1,94,2,94,18155,-0.6282216614793901,-0.6392216614793904,-0.6172216614793902,length,0.00561224489795924,0.08421567787202362,Southern New England,5.531359332723925,6.976838513185743,-1.4454791804618177,183841913.75465012,Southern New England
2005,Fall,GB,1,133,1,133,25183,-0.5748413798330537,-0.583841379833054,-0.5658413798330537,length,0.00459183673469393,0.06075551390271322,Georges Bank,11.049019199996216,11.364273827197954,-0.3152546272017389,131012904.80611816,Georges Bank
2005,Fall,GoM,1,130,2,130,24932,-0.4367372448939317,-0.4467372448939315,-0.42673724489393194,length,0.00510204081632642,0.03880997855879423,Gulf of Maine,7.419403331305067,7.58698901219138,-0.16758568088631343,185089071.23765096,Gulf of Maine
2005,Fall,MAB,1,172,1,172,40474,-1.0359230667082877,-1.041923066708287,-1.029923066708287,length,0.00306122448979592,0.21278404510735005,Mid-Atlantic Bight,14.229231357212765,14.421963910975771,-0.19273255376300824,411644854.1729096,Mid-Atlantic Bight
2005,Fall,SNE,1,109,1,109,48759,-1.0297838807411095,-1.0357838807411093,-1.0237838807411093,length,0.00306122448979592,0.2283969830489549,Southern New England,11.296267344163253,11.91513307981422,-0.6188657356509673,245995850.43347627,Southern New England
2005,Spring,GB,1,111,1,111,11111,-0.3990330517283685,-0.41503305172836846,-0.3830330517283684,length,0.00816326530612245,0.03767801204522144,Georges Bank,5.4604721898289394,6.301109876470461,-0.8406376866415215,131012904.80611816,Georges Bank
2005,Spring,GoM,1,123,1,123,14840,-0.5545057783843111,-0.5665057783843115,-0.542505778384311,length,0.00612244897959195,0.05914844254128407,Gulf of Maine,6.0363671868446565,6.624192595080466,-0.5878254082358092,185089071.23765096,Gulf of Maine
2005,Spring,MAB,1,124,2,124,46691,-0.7096169692792353,-0.7156169692792349,-0.7036169692792349,length,0.00306122448979592,0.0950798329469658,Mid-Atlantic Bight,7.21904045339271,8.445150233826018,-1.2261097804333083,411644854.1729096,Mid-Atlantic Bight
2005,Spring,SNE,1,98,1,98,13503,-0.6099547872994115,-0.6229547872994114,-0.5969547872994116,length,0.00663265306122443,0.07832947556006031,Southern New England,5.665460514695768,6.976838513185743,-1.3113779984899745,245995850.43347627,Southern New England
2006,Fall,GB,1,128,1,128,45778,-0.9246510354492846,-0.930651035449284,-0.918651035449284,length,0.00306122448979592,0.17071531491663958,Georges Bank,11.262873753981332,11.364273827197954,-0.10140007321662203,109842634.59707728,Georges Bank
2006,Fall,GoM,1,128,1,128,43260,-0.5117407071471225,-0.5187407071471228,-0.504740707147123,length,0.00357142857142851,0.0504024032391109,Gulf of Maine,8.105191284696756,7.58698901219138,0.5182022725053761,181163926.431085,Gulf of Maine
2006,Fall,MAB,1,175,1,175,46331,-1.190313346260056,-1.1963133462600557,-1.1843133462600557,length,0.00306122448979592,0.30411884886254825,Mid-Atlantic Bight,15.327805103078305,14.421963910975771,0.9058411921025318,484650714.4409709,Mid-Atlantic Bight
2006,Fall,SNE,1,123,1,123,152681,-1.2686663864624503,-1.2716663864624502,-1.26566638646245,length,0.00153061224489801,0.3703093836827947,Southern New England,12.503226470186428,11.91513307981422,0.5880933903722081,177342090.06435284,Southern New England
2006,Spring,GB,1,135,2,135,12852,-0.5977600769216919,-0.6107600769216921,-0.5847600769216923,length,0.00663265306122443,0.06495156684798181,Georges Bank,6.346321791699988,6.301109876470461,0.04521191522952694,109842634.59707728,Georges Bank
2006,Spring,GoM,1,114,2,114,12000,-0.501944408968957,-0.5159444089689571,-0.4879444089689571,length,0.00714285714285715,0.05199342549252087,Gulf of Maine,7.187817332339621,6.624192595080466,0.563624737259155,181163926.431085,Gulf of Maine
2006,Spring,MAB,1,105,2,105,62516,-0.7823285051244705,-0.7873285051244707,-0.7773285051244709,length,0.00255102040816321,0.12410393053240094,Mid-Atlantic Bight,9.690192596652777,8.445150233826018,1.2450423628267568,484650714.4409709,Mid-Atlantic Bight
2006,Spring,SNE,1,113,1,113,31356,-0.8228748782718707,-0.8308748782718709,-0.8148748782718709,length,0.00408163265306122,0.13518817513117937,Southern New England,8.088223172728645,6.976838513185743,1.1113846595429022,177342090.06435284,Southern New England
2007,Fall,GB,1,129,1,129,39621,-0.7734327835631706,-0.7804327835631706,-0.7664327835631708,length,0.00357142857142851,0.11286629978560445,Georges Bank,10.065378292399831,11.364273827197954,-1.298895534798122,97298125.03546272,Georges Bank
2007,Fall,GoM,1,141,1,141,38594,-0.5747459362913191,-0.5817459362913193,-0.5677459362913195,length,0.00357142857142851,0.05903978873385909,Gulf of Maine,6.947087851781201,7.58698901219138,-0.6399011604101794,152483849.78888476,Gulf of Maine
2007,Fall,MAB,1,185,1,185,26474,-1.1630718382310397,-1.1710718382310397,-1.1550718382310396,length,0.00408163265306122,0.28452487580841135,Mid-Atlantic Bight,13.202973826567067,14.421963910975771,-1.2189900844087038,536876827.7380607,Mid-Atlantic Bight
2007,Fall,SNE,1,103,1,103,78286,-1.349365525528209,-1.354365525528209,-1.3443655255282092,length,0.00255102040816321,0.435647305877326,Southern New England,9.854935241881766,11.91513307981422,-2.0601978379324546,164747235.65013993,Southern New England
2007,Spring,GB,1,134,1,134,19908,-0.43573767705133915,-0.4467376770513391,-0.4247376770513389,length,0.00561224489795924,0.03797731358332373,Georges Bank,5.442096077528449,6.301109876470461,-0.8590137989420121,97298125.03546272,Georges Bank
2007,Spring,GoM,1,111,2,111,23030,-0.5536140626534082,-0.5636140626534081,-0.5436140626534085,length,0.00510204081632642,0.06212996740187258,Gulf of Maine,6.716049679533998,6.624192595080466,0.09185708445353225,152483849.78888476,Gulf of Maine
2007,Spring,MAB,1,120,1,120,75020,-0.9490003420471778,-0.954000342047178,-0.944000342047178,length,0.00255102040816321,0.184414461252212,Mid-Atlantic Bight,8.108487761759125,8.445150233826018,-0.3366624720668927,536876827.7380607,Mid-Atlantic Bight
2007,Spring,SNE,1,99,1,99,39424,-0.8815727372970733,-0.8885727372970735,-0.8745727372970737,length,0.00357142857142851,0.16375277976722435,Southern New England,6.360471400307805,6.976838513185743,-0.6163671128779376,164747235.65013993,Southern New England
2008,Fall,GB,1,126,1,126,22317,-0.7060341479735831,-0.7150341479735833,-0.6970341479735831,length,0.00459183673469393,0.09349563172268432,Georges Bank,11.263511963551313,11.364273827197954,-0.10076186364664252,99902516.47608316,Georges Bank
2008,Fall,GoM,1,131,1,131,34285,-0.5435064732556024,-0.5515064732556025,-0.5355064732556025,length,0.00408163265306122,0.05527845051323425,Gulf of Maine,6.992881130390625,7.58698901219138,-0.5941078818007552,168038134.65043786,Gulf of Maine
2008,Fall,MAB,1,163,1,163,45807,-1.0383305709665056,-1.0443305709665052,-1.0323305709665052,length,0.00306122448979592,0.2161075589494062,Mid-Atlantic Bight,15.310508586594558,14.421963910975771,0.8885446756187854,486369748.684804,Mid-Atlantic Bight
2008,Fall,SNE,1,196,1,196,49454,-1.233034821442778,-1.2390348214427775,-1.2270348214427775,length,0.00306122448979592,0.3292834089979464,Southern New England,11.107507137678544,11.91513307981422,-0.807625942135676,154131635.6920381,Southern New England
2008,Spring,GB,1,96,2,96,12835,-0.2451588093413788,-0.2611588093413788,-0.2291588093413788,length,0.00816326530612245,0.0248675160012465,Georges Bank,6.117472859555255,6.301109876470461,-0.18363701691520615,99902516.47608316,Georges Bank
2008,Spring,GoM,1,134,1,134,27209,-0.6297792269590414,-0.6387792269590409,-0.6207792269590406,length,0.00459183673469393,0.07216026522483786,Gulf of Maine,6.488449307654655,6.624192595080466,-0.13574328742581088,168038134.65043786,Gulf of Maine
2008,Spring,MAB,1,117,1,117,50825,-0.9092818597977104,-0.9152818597977102,-0.90328185979771,length,0.00306122448979592,0.16788491647212098,Mid-Atlantic Bight,10.305130722358532,8.445150233826018,1.8599804885325144,486369748.684804,Mid-Atlantic Bight
2008,Spring,SNE,1,101,1,101,31513,-0.7350966057942592,-0.7430966057942596,-0.7270966057942596,length,0.00408163265306122,0.11056650835211886,Southern New England,7.324067380389425,6.976838513185743,0.3472288672036825,154131635.6920381,Southern New England
2009,Fall,GB,1,131,2,131,38441,-0.6715646917183635,-0.6785646917183636,-0.6645646917183639,length,0.00357142857142851,0.0829609428458343,Georges Bank,12.700027656651503,11.364273827197954,1.3357538294535516,131358960.03171998,Georges Bank
2009,Fall,GoM,1,126,1,126,42921,-0.6606911828735017,-0.6676911828735022,-0.6536911828735024,length,0.00357142857142851,0.08155890217064646,Gulf of Maine,7.145660459220375,7.58698901219138,-0.44132855297100537,154248031.37979662,Gulf of Maine
2009,Fall,MAB,1,186,1,186,123796,-1.0499518619742902,-1.0529518619742904,-1.04695186197429,length,0.00153061224489801,0.2174215145546236,Mid-Atlantic Bight,15.533601094785396,14.421963910975771,1.1116371838096235,143701451.77705082,Mid-Atlantic Bight
2009,Fall,SNE,1,117,1,117,97572,-1.0526822329197585,-1.056682232919759,-1.0486822329197585,length,0.00204081632653072,0.2374295113868851,Southern New England,12.68957851901597,11.91513307981422,0.7744454392017506,173918909.38842967,Southern New England
2009,Spring,GB,1,139,1,139,17327,-0.5417949663267656,-0.5527949663267657,-0.5307949663267655,length,0.00561224489795924,0.05332501437547647,Georges Bank,6.333355612436284,6.301109876470461,0.03224573596582303,131358960.03171998,Georges Bank
2009,Spring,GoM,1,108,1,108,32118,-0.6263610156086332,-0.6343610156086337,-0.6183610156086337,length,0.00408163265306122,0.0786392364936267,Gulf of Maine,6.613410577861017,6.624192595080466,-0.01078201721944882,154248031.37979662,Gulf of Maine
2009,Spring,MAB,1,156,1,156,51599,-0.8432233945984998,-0.8492233945984995,-0.8372233945984995,length,0.00306122448979592,0.12987400927982057,Mid-Atlantic Bight,9.134975439128898,8.445150233826018,0.6898252053028795,143701451.77705082,Mid-Atlantic Bight
2009,Spring,SNE,1,112,1,112,84081,-0.68507767406648,-0.6900776740664796,-0.6800776740664798,length,0.00255102040816321,0.09210386350738164,Southern New England,7.828920298699631,6.976838513185743,0.8520817855138887,173918909.38842967,Southern New England
2010,Fall,GB,1,134,1,134,99120,-1.0648851596545128,-1.068885159654513,-1.0608851596545126,length,0.00204081632653072,0.2383296972430645,Georges Bank,12.06146285949158,11.364273827197954,0.6971890322936254,109643448.97375724,Georges Bank
2010,Fall,GoM,1,129,1,129,45926,-0.6190839057779982,-0.6260839057779983,-0.6120839057779985,length,0.00357142857142851,0.07096933756547015,Gulf of Maine,8.218822613533348,7.58698901219138,0.6318336013419676,112599140.0015282,Gulf of Maine
2010,Fall,MAB,1,192,1,192,54940,-1.058949393033798,-1.0639493930337975,-1.0539493930337978,length,0.00255102040816321,0.22119939853205903,Mid-Atlantic Bight,14.17133815557266,14.421963910975771,-0.2506257554031137,64355741.719796054,Mid-Atlantic Bight
2010,Fall,SNE,1,113,2,113,93175,-0.972977341659356,-0.976977341659356,-0.9689773416593556,length,0.00204081632653072,0.19830957513828296,Southern New England,12.032782500468938,11.91513307981422,0.11764942065471828,128408770.4516827,Southern New England
2010,Spring,GB,1,129,1,129,16504,-0.6187837068059646,-0.6297837068059646,-0.6077837068059644,length,0.00561224489795924,0.07090246618304882,Georges Bank,7.6048222205003615,6.301109876470461,1.3037123440299003,109643448.97375724,Georges Bank
2010,Spring,GoM,1,133,1,133,46961,-0.7537090333561196,-0.7597090333561192,-0.7477090333561192,length,0.00306122448979592,0.1054815254468236,Gulf of Maine,7.023003588099646,6.624192595080466,0.3988109930191808,112599140.0015282,Gulf of Maine
2010,Spring,MAB,1,106,1,106,115234,-0.5821402424494084,-0.5861402424494089,-0.5781402424494084,length,0.00204081632653072,0.06941998942109068,Mid-Atlantic Bight,7.18777147454911,8.445150233826018,-1.257378759276908,64355741.719796054,Mid-Atlantic Bight
2010,Spring,SNE,1,140,2,140,62066,-0.7770745459360013,-0.782074545936001,-0.7720745459360012,length,0.00255102040816321,0.11096171598727904,Southern New England,6.833682079580109,6.976838513185743,-0.14315643360563346,128408770.4516827,Southern New England
2011,Fall,GB,1,132,1,132,51347,-0.6483984289051741,-0.6543984289051736,-0.6423984289051736,length,0.00306122448979592,0.07699263213588269,Georges Bank,11.793525657908583,11.364273827197954,0.4292518307106299,148845485.44379002,Georges Bank
2011,Fall,GoM,1,126,1,126,50941,-0.615783925429228,-0.6217839254292277,-0.6097839254292277,length,0.00306122448979592,0.07099285596273543,Gulf of Maine,8.355227882317223,7.58698901219138,0.7682388701258427,118358962.9938558,Gulf of Maine
2011,Fall,MAB,1,188,1,188,166872,-1.0515622597714454,-1.054562259771446,-1.0485622597714457,length,0.00153061224489801,0.21790925116280965,Mid-Atlantic Bight,16.03488120813842,14.421963910975771,1.612917297162646,521514223.0961191,Mid-Atlantic Bight
2011,Fall,SNE,1,915,1,915,90630,-1.3263245838536868,-1.329324583853687,-1.323324583853687,length,0.00153061224489801,0.3658542961094688,Southern New England,11.89025581940245,11.91513307981422,-0.0248772604117704,138956633.166732,Southern New England
2011,Spring,GB,1,125,1,125,32514,-0.6307637786366125,-0.6387637786366129,-0.6227637786366129,length,0.00408163265306122,0.07464725641238579,Georges Bank,6.819724183625359,6.301109876470461,0.5186143071548983,148845485.44379002,Georges Bank
2011,Spring,GoM,1,128,1,128,33489,-0.6383058812862628,-0.6463058812862625,-0.6303058812862625,length,0.00408163265306122,0.07561818379230649,Gulf of Maine,8.042593561590552,6.624192595080466,1.4184009665100863,118358962.9938558,Gulf of Maine
2011,Spring,MAB,1,153,1,153,78395,-0.751379207989741,-0.7563792079897409,-0.7463792079897411,length,0.00255102040816321,0.09974006164068593,Mid-Atlantic Bight,9.089312186641116,8.445150233826018,0.6441619528150966,521514223.0961191,Mid-Atlantic Bight
2011,Spring,SNE,1,128,2,128,61688,-0.68498060783275,-0.6899806078327497,-0.6799806078327499,length,0.00255102040816321,0.0872344935870107,Southern New England,6.647557111832464,6.976838513185743,-0.32928140135327855,138956633.166732,Southern New England
2012,Fall,GB,1,131,1,131,185120,-0.9953795615044716,-0.9983795615044712,-0.992379561504471,length,0.00153061224489801,0.2028183564198915,Georges Bank,13.332908732313816,11.364273827197954,1.968634905115863,146952162.77094746,Georges Bank
2012,Fall,GoM,1,142,1,142,79248,-0.5988994863568248,-0.6038994863568243,-0.5938994863568245,length,0.00255102040816321,0.06367335638432198,Gulf of Maine,8.819582334309011,7.58698901219138,1.2325933221176308,110814838.17403404,Gulf of Maine
2012,Fall,MAB,1,145,0,145,65367,-1.013795535618959,-1.0187955356189589,-1.008795535618959,length,0.00255102040816321,0.20791169237900317,Mid-Atlantic Bight,15.451160151807992,14.421963910975771,1.0291962408322188,578860106.6750504,Mid-Atlantic Bight
2012,Fall,SNE,1,306,1,306,154400,-1.3387867145332677,-1.341786714533268,-1.3357867145332678,length,0.00153061224489801,0.39570352023293137,Southern New England,12.488540925777128,11.91513307981422,0.5734078459629082,158206379.04784018,Southern New England
2012,Spring,GB,1,194,1,194,40788,-0.7674561623936464,-0.773456162393646,-0.761456162393646,length,0.00306122448979592,0.09672427410522633,Georges Bank,8.023089687073329,6.301109876470461,1.7219798106028676,146952162.77094746,Georges Bank
2012,Spring,GoM,1,125,1,125,57685,-0.6808535501213555,-0.6868535501213553,-0.6748535501213553,length,0.00306122448979592,0.08698522107872948,Gulf of Maine,8.106801153402076,6.624192595080466,1.4826085583216102,110814838.17403404,Gulf of Maine
2012,Spring,MAB,1,126,1,126,110801,-0.8923032722411666,-0.8963032722411666,-0.8883032722411661,length,0.00204081632653072,0.15757555002158904,Mid-Atlantic Bight,11.3299369110241,8.445150233826018,2.884786677198081,578860106.6750504,Mid-Atlantic Bight
2012,Spring,SNE,1,117,1,117,113066,-0.84172414085753,-0.8457241408575302,-0.8377241408575298,length,0.00204081632653072,0.14069885622468473,Southern New England,10.413867110107867,6.976838513185743,3.437028596922125,158206379.04784018,Southern New England
2013,Fall,GB,1,121,1,121,210273,-0.8848722405317356,-0.8878722405317356,-0.8818722405317354,length,0.00153061224489801,0.15622270737564367,Georges Bank,12.97748466574476,11.364273827197954,1.6132108385468058,139185404.10651207,Georges Bank
2013,Fall,GoM,1,126,1,126,62611,-0.5318191498018373,-0.537819149801837,-0.525819149801837,length,0.00306122448979592,0.0542884593531566,Gulf of Maine,9.37665897647547,7.58698901219138,1.78966996428409,102686167.12530608,Gulf of Maine
2013,Fall,MAB,1,111,1,111,73023,-1.056543642925103,-1.0615436429251028,-1.051543642925103,length,0.00255102040816321,0.24186051479381335,Mid-Atlantic Bight,14.713050318659253,14.421963910975771,0.29108640768347804,415745934.2645152,Mid-Atlantic Bight
2013,Fall,SNE,1,118,1,118,118999,-1.077893312554262,-1.081893312554262,-1.0738933125542616,length,0.00204081632653072,0.25096676859935885,Southern New England,13.547808806468256,11.91513307981422,1.6326757266540357,161048360.11504495,Southern New England
2013,Spring,GB,1,122,1,122,32700,-0.5164147259066215,-0.5244147259066212,-0.5084147259066212,length,0.00408163265306122,0.05251899073173589,Georges Bank,7.513345343432667,6.301109876470461,1.2122354669622055,139185404.10651207,Georges Bank
2013,Spring,GoM,1,136,1,136,43812,-0.6785996331434352,-0.6855996331434349,-0.6715996331434351,length,0.00357142857142851,0.08348583345295345,Gulf of Maine,7.555670244691998,6.624192595080466,0.9314776496115328,102686167.12530608,Gulf of Maine
2013,Spring,MAB,1,661,1,661,51237,-1.034629060098884,-1.038629060098884,-1.0306290600988834,length,0.00204081632653072,0.17195704516072963,Mid-Atlantic Bight,8.57316129165413,8.445150233826018,0.12801105782811284,415745934.2645152,Mid-Atlantic Bight
2013,Spring,SNE,1,102,1,102,61779,-0.33672532857727017,-0.3437253285772699,-0.3297253285772701,length,0.00357142857142851,0.03236930775158508,Southern New England,7.59059546097067,6.976838513185743,0.6137569477849274,161048360.11504495,Southern New England
2014,Fall,GB,1,137,0,137,97960,-0.7779154610583512,-0.7819154610583507,-0.7739154610583503,length,0.00204081632653072,0.11204103644413366,Georges Bank,13.523275028772586,11.364273827197954,2.1590012015746325,150186980.44952935,Georges Bank
2014,Fall,GoM,1,212,1,212,67445,-0.769099190442958,-0.7740991904429579,-0.7640991904429582,length,0.00255102040816321,0.09444911006368405,Gulf of Maine,8.78756664911225,7.58698901219138,1.2005776369208698,116541855.67046586,Gulf of Maine
2014,Fall,MAB,1,171,2,171,84887,-1.165263240994517,-1.1692632409945172,-1.1612632409945167,length,0.00204081632653072,0.2886851551936009,Mid-Atlantic Bight,17.442660334471263,14.421963910975771,3.0206964234954903,411680659.86440295,Mid-Atlantic Bight
2014,Fall,SNE,1,132,1,132,124293,-1.1909748476837156,-1.194974847683716,-1.1869748476837154,length,0.00204081632653072,0.31491737103904055,Southern New England,13.782449178353104,11.91513307981422,1.8673160985388824,130162759.9440302,Southern New England
2014,Spring,GB,1,134,1,134,143195,-0.6746320026099435,-0.6776320026099434,-0.6716320026099432,length,0.00153061224489801,0.08297164862083654,Georges Bank,6.809495365521912,6.301109876470461,0.5083854890514514,150186980.44952935,Georges Bank
2014,Spring,GoM,1,134,1,134,40553,-0.6771909922957552,-0.6841909922957554,-0.6701909922957556,length,0.00357142857142851,0.08362628968675648,Gulf of Maine,7.939860243246497,6.624192595080466,1.3156676481660314,116541855.67046586,Gulf of Maine
2014,Spring,MAB,1,99,1,99,22106,-0.597537408340009,-0.6075374083400087,-0.5875374083400091,length,0.00510204081632642,0.07514553800973453,Mid-Atlantic Bight,8.485651678101473,8.445150233826018,0.04050144427545454,411680659.86440295,Mid-Atlantic Bight
2014,Spring,SNE,1,124,1,124,84428,-0.8007167558725962,-0.8047167558725961,-0.7967167558725956,length,0.00204081632653072,0.12352771383549972,Southern New England,7.230535496477759,6.976838513185743,0.2536969832920164,130162759.9440302,Southern New England
2015,Fall,GB,1,126,2,126,66593,-0.6581200998160166,-0.6631200998160169,-0.6531200998160172,length,0.00255102040816321,0.08092104377034487,Georges Bank,13.574142974089128,11.364273827197954,2.209869146891174,133005699.69188891,Georges Bank
2015,Fall,GoM,1,146,1,146,63417,-0.6246661722618014,-0.6296661722618015,-0.6196661722618018,length,0.00255102040816321,0.06834632358635445,Gulf of Maine,8.742421874766421,7.58698901219138,1.155432862575041,105581919.60204768,Gulf of Maine
2015,Fall,MAB,1,169,1,169,82160,-1.0612773944638771,-1.0652773944638771,-1.0572773944638767,length,0.00204081632653072,0.22717687867646288,Mid-Atlantic Bight,17.55316154152042,14.421963910975771,3.131197630544648,469751639.5203889,Mid-Atlantic Bight
2015,Fall,SNE,1,150,1,150,123992,-1.1489923110959652,-1.151992311095965,-1.1459923110959649,length,0.00153061224489801,0.2832558100655724,Southern New England,14.046826128763678,11.91513307981422,2.131693048949458,120473227.76705506,Southern New England
2015,Spring,GB,1,123,1,123,86983,-0.5371631738906607,-0.5421631738906605,-0.5321631738906607,length,0.00255102040816321,0.05593611028189895,Georges Bank,7.20306985702142,6.301109876470461,0.9019599805509592,133005699.69188891,Georges Bank
2015,Spring,GoM,1,130,1,130,71229,-0.6975599851424186,-0.7025599851424182,-0.6925599851424185,length,0.00255102040816321,0.090051032354875,Gulf of Maine,7.929472815926759,6.624192595080466,1.305280220846293,105581919.60204768,Gulf of Maine
2015,Spring,MAB,1,123,1,123,64040,-0.7959440462086641,-0.8009440462086639,-0.7909440462086641,length,0.00255102040816321,0.12221334398803498,Mid-Atlantic Bight,9.276128188496877,8.445150233826018,0.8309779546708587,469751639.5203889,Mid-Atlantic Bight
2015,Spring,SNE,1,124,1,124,38422,-0.7359399176026843,-0.7429399176026847,-0.728939917602685,length,0.00357142857142851,0.10270739544360866,Southern New England,7.715797379046342,6.976838513185743,0.7389588658605994,120473227.76705506,Southern New England
2016,Fall,GB,1,145,1,145,129762,-0.8477717139534756,-0.8507717139534758,-0.8447717139534756,length,0.00153061224489801,0.1343408360477754,Georges Bank,13.822184978592132,11.364273827197954,2.4579111513941783,103063288.11424533,Georges Bank
2016,Fall,GoM,1,123,1,123,97260,-0.4001704208648486,-0.4051704208648488,-0.395170420864849,length,0.00255102040816321,0.03542940961949736,Gulf of Maine,9.428459485066982,7.58698901219138,1.841470472875602,110715695.63481437,Gulf of Maine
2016,Fall,MAB,1,211,1,211,61396,-1.0640245538682982,-1.0690245538682983,-1.0590245538682987,length,0.00255102040816321,0.22068787080457483,Mid-Atlantic Bight,16.364331368399327,14.421963910975771,1.942367457423554,399309256.33233947,Mid-Atlantic Bight
2016,Fall,SNE,1,115,2,115,105075,-1.1292067012090137,-1.1332067012090137,-1.125206701209013,length,0.00204081632653072,0.2819146739784622,Southern New England,13.3044247327151,11.91513307981422,1.38929165290088,101808700.4664178,Southern New England
2016,Spring,GB,1,481,1,481,51080,-0.9344839664415994,-0.9384839664415988,-0.9304839664415984,length,0.00204081632653072,0.13136563956473613,Georges Bank,7.985636847899568,6.301109876470461,1.684526971429107,103063288.11424533,Georges Bank
2016,Spring,GoM,1,118,1,118,63034,-0.4495486358502902,-0.4555486358502896,-0.4435486358502896,length,0.00306122448979592,0.04294094907339726,Gulf of Maine,8.218121541706006,6.624192595080466,1.5939289466255406,110715695.63481437,Gulf of Maine
2016,Spring,MAB,1,178,1,178,62780,-1.0546401482868466,-1.0596401482868467,-1.049640148286847,length,0.00255102040816321,0.22159130519923925,Mid-Atlantic Bight,10.186955515638411,8.445150233826018,1.741805281812395,399309256.33233947,Mid-Atlantic Bight
2016,Spring,SNE,1,124,1,124,80373,-0.9792345336877252,-0.9832345336877252,-0.9752345336877246,length,0.00204081632653072,0.19724720940873347,Southern New England,8.489465646619541,6.976838513185743,1.5126271334337984,101808700.4664178,Southern New England
2017,Fall,GB,1,119,1,119,49711,-0.7745438860993444,-0.7805438860993443,-0.7685438860993443,length,0.00306122448979592,0.11637790254778364,Georges Bank,13.034899594286731,11.364273827197954,1.6706257670887794,87910223.93113852,Georges Bank
2017,Fall,GoM,1,128,1,128,54611,-0.4409415451720768,-0.44794154517207696,-0.4339415451720772,length,0.00357142857142851,0.03973992733526366,Gulf of Maine,8.982953993433524,7.58698901219138,1.3959649812421435,116291845.0667924,Gulf of Maine
2017,Spring,GB,1,142,2,142,36861,-0.5562991461245137,-0.5632991461245136,-0.5482991461245135,length,0.00382653061224493,0.05535788492431367,Georges Bank,6.813440471639116,6.301109876470461,0.5123305951686552,87910223.93113852,Georges Bank
2017,Spring,GoM,1,132,1,132,40843,-0.5657792297873708,-0.5727792297873706,-0.5587792297873708,length,0.00357142857142851,0.05921525564034136,Gulf of Maine,7.897124749349599,6.624192595080466,1.2729321542691334,116291845.0667924,Gulf of Maine
2017,Spring,MAB,1,172,1,172,74980,-0.8202435418433027,-0.8242435418433023,-0.8162435418433018,length,0.00204081632653072,0.11805785610046313,Mid-Atlantic Bight,8.870258996008726,8.445150233826018,0.4251087621827079,445180772.17998016,Mid-Atlantic Bight
2017,Spring,SNE,1,136,2,136,50963,-0.8522353756246348,-0.8582353756246346,-0.8462353756246346,length,0.00306122448979592,0.13853481075194962,Southern New England,7.181262447946435,6.976838513185743,0.2044239347606922,89888178.96765272,Southern New England
2018,Fall,GB,1,121,1,121,55272,-0.9769162912653292,-0.9829162912653292,-0.9709162912653292,length,0.00306122448979592,0.1971872539829531,Georges Bank,12.757454045910343,11.364273827197954,1.3931802187123914,75894248.83166532,Georges Bank
2018,Fall,GoM,1,135,1,135,29303,-0.6029516865293562,-0.610951686529356,-0.594951686529356,length,0.00408163265306122,0.06604200888871614,Gulf of Maine,8.846908351331033,7.58698901219138,1.2599193391396524,105156065.04387788,Gulf of Maine
2018,Fall,MAB,1,183,1,183,139560,-1.1190876349603638,-1.122087634960364,-1.1160876349603637,length,0.00153061224489801,0.25761888060858823,Mid-Atlantic Bight,14.752559545046392,14.421963910975771,0.33059563407061887,470350141.3184061,Mid-Atlantic Bight
2018,Fall,SNE,1,137,1,137,89565,-1.1723481724153302,-1.1763481724153304,-1.16834817241533,length,0.00204081632653072,0.30146196639253153,Southern New England,11.970080519733626,11.91513307981422,0.05494743991940609,96283016.67445324,Southern New England
2018,Spring,GB,1,130,1,130,20930,-0.5649025072485119,-0.5749025072485114,-0.5549025072485119,length,0.00510204081632642,0.05949431462977037,Georges Bank,7.510661317398125,6.301109876470461,1.2095514409276644,75894248.83166532,Georges Bank
2018,Spring,GoM,1,134,1,134,19374,-0.6585729287989838,-0.6685729287989837,-0.6485729287989841,length,0.00510204081632642,0.0789579964807113,Gulf of Maine,8.389193560520164,6.624192595080466,1.7650009654396983,105156065.04387788,Gulf of Maine
2018,Spring,MAB,1,124,1,124,52189,-0.5898617342285375,-0.5958617342285373,-0.5838617342285373,length,0.00306122448979592,0.06592891058884988,Mid-Atlantic Bight,8.002249716272166,8.445150233826018,-0.44290051755385207,470350141.3184061,Mid-Atlantic Bight
2018,Spring,SNE,1,121,2,121,53319,-0.902426218040194,-0.908426218040194,-0.8964262180401938,length,0.00306122448979592,0.16352040806651794,Southern New England,6.911561395346451,6.976838513185743,-0.06527711783929124,96283016.67445324,Southern New England
2019,Fall,GB,1,128,1,128,57610,-0.7054888392445104,-0.71148883924451,-0.69948883924451,length,0.00306122448979592,0.09277616892720544,Georges Bank,11.96212747091576,11.364273827197954,0.5978536437178068,49771086.82895124,Georges Bank
2019,Fall,GoM,1,127,1,127,32421,-0.5447478898010281,-0.5527478898010285,-0.5367478898010285,length,0.00408163265306122,0.05639045287668293,Gulf of Maine,9.64186174874866,7.58698901219138,2.0548727365572796,73262855.40843308,Gulf of Maine
2019,Fall,MAB,1,198,1,198,59302,-1.1601846411183807,-1.1651846411183806,-1.1551846411183808,length,0.00255102040816321,0.2803649083169446,Mid-Atlantic Bight,17.620815551043325,14.421963910975771,3.198851640067552,483324961.0644857,Mid-Atlantic Bight
2019,Fall,SNE,1,114,2,114,94019,-1.1247947660906987,-1.128794766090699,-1.1207947660906985,length,0.00204081632653072,0.2796483822530314,Southern New England,14.513056309896688,11.91513307981422,2.5979232300824684,84939608.56115665,Southern New England
2019,Spring,GB,1,192,1,192,30393,-0.7828298425469098,-0.7898298425469101,-0.7758298425469103,length,0.00357142857142851,0.1018473144142886,Georges Bank,6.66164533522968,6.301109876470461,0.36053545875921866,49771086.82895124,Georges Bank
2019,Spring,GoM,1,138,1,138,28805,-0.6423296855921529,-0.650329685592153,-0.634329685592153,length,0.00408163265306122,0.07411304877368564,Gulf of Maine,8.219224170845225,6.624192595080466,1.595031575764759,73262855.40843308,Gulf of Maine
2019,Spring,MAB,1,124,1,124,128634,-0.7813993380950464,-0.7853993380950466,-0.7773993380950461,length,0.00204081632653072,0.11700561716282964,Mid-Atlantic Bight,8.096192176418151,8.445150233826018,-0.34895805740786656,483324961.0644857,Mid-Atlantic Bight
2019,Spring,SNE,1,116,1,116,33711,-0.6442507333121417,-0.6522507333121412,-0.6362507333121412,length,0.00408163265306122,0.08038858045260247,Southern New England,7.077484408767732,6.976838513185743,0.10064589558198912,84939608.56115665,Southern New England
