est_year,season,survey_area,xmin_fit,xmax_fit,xmin_actual,xmax_actual,n,b,confMin,confMax,spectra_type,stdErr,C,area_titles,bot_temp,region,total_weight_lb
1970,Fall,GB,1,13287.759804325087,0.1548757726287886,13287.759804325087,7765,-0.8964241802883273,-0.904424180288327,-0.888424180288327,bodymass,0.00408163265306122,0.06188952542758488,Georges Bank,8.887111014685049,NA,69864352
1970,Fall,GoM,1,25150.7118171556,0.1548757726287886,25150.7118171556,10047,-0.9043504532658831,-0.910350453265883,-0.8983504532658828,bodymass,0.00306122448979597,0.05847303487571223,Gulf of Maine,6.415407591148958,NA,169455791
1970,Fall,MAB,1,132944.8843388418,0.04477530764288502,132944.8843388418,18498,-1.1808890124533054,-1.1848890124533056,-1.1768890124533056,bodymass,0.00204081632653061,0.20517200465672553,Mid-Atlantic Bight,9.175259988497844,NA,8000
1970,Fall,SNE,1,18020.858911787207,0.04477530764288502,18020.858911787207,26473,-1.0928897326106926,-1.0968897326106926,-1.0888897326106926,bodymass,0.00204081632653061,0.1554438009434639,Southern New England,11.19279240890288,NA,121973790
1970,Spring,GB,1,24779.792233673736,0.5006714932400886,24779.792233673736,13273,-0.9444148792976294,-0.9494148792976294,-0.9394148792976296,bodymass,0.00255102040816321,0.07363476443828246,Georges Bank,8.887111014685049,NA,69864352
1970,Spring,GoM,1,17230.573983544396,1.0317521988158551,17230.573983544396,8908,-0.878162462712912,-0.885162462712912,-0.871162462712912,bodymass,0.00357142857142857,0.05339037275867188,Gulf of Maine,6.415407591148958,NA,169455791
1970,Spring,MAB,1,14412.151515804988,0.5981079808461115,14412.151515804988,26802,-1.1326101347415405,-1.1366101347415405,-1.1286101347415405,bodymass,0.00204081632653061,0.18440440226359364,Mid-Atlantic Bight,9.175259988497844,NA,8000
1970,Spring,SNE,1,19683.634697956528,0.5981079808461115,19683.634697956528,24174,-1.011058256483138,-1.015058256483138,-1.007058256483138,bodymass,0.00204081632653061,0.106767228397513,Southern New England,11.19279240890288,NA,121973790
1971,Fall,GB,1,14294.970710969646,0.00536668585061283,14294.970710969646,8660,-1.0240415011888735,-1.0310415011888734,-1.0170415011888734,bodymass,0.00357142857142857,0.11699991307508564,Georges Bank,7.901349592133294,NA,74865651
1971,Fall,GoM,1,25760.488686139448,0.1548757726287886,25760.488686139448,9637,-0.9409929449700716,-0.9469929449700716,-0.9349929449700712,bodymass,0.00306122448979597,0.07188411808310614,Gulf of Maine,6.814628114134578,NA,170155599
1971,Fall,MAB,1,14690.466445421029,0.02414338810073994,14690.466445421029,26151,-1.1614298667899678,-1.1654298667899678,-1.1574298667899678,bodymass,0.00204081632653061,0.20498483908699355,Mid-Atlantic Bight,9.709804525628554,NA,22240
1971,Fall,SNE,1,15173.595604214624,0,15173.595604214624,40604,-1.172173541580355,-1.1751735415803546,-1.1691735415803546,bodymass,0.00153061224489796,0.21271799098041216,Southern New England,10.413958492718647,NA,95497864
1971,Spring,GB,1,21538.107880788662,0.5006714932400886,21538.107880788662,6415,-0.932742436034224,-0.940742436034224,-0.924742436034224,bodymass,0.00408163265306122,0.07032919835908369,Georges Bank,7.901349592133294,NA,74865651
1971,Spring,GoM,1,17899.302803032242,0.5378131793918438,17899.302803032242,11696,-0.857097464206011,-0.863097464206011,-0.8510974642060107,bodymass,0.00306122448979597,0.04681233570662788,Gulf of Maine,6.814628114134578,NA,170155599
1971,Spring,MAB,1,16065.175637711602,0.10259749676006846,16065.175637711602,30453,-1.102204210880566,-1.106204210880566,-1.098204210880566,bodymass,0.00204081632653061,0.16265638169432936,Mid-Atlantic Bight,9.709804525628554,NA,22240
1971,Spring,SNE,1,23621.79913803243,0.12705264994290433,23621.79913803243,20466,-0.9592616845734232,-0.9632616845734234,-0.9552616845734234,bodymass,0.00204081632653061,0.0803252339990281,Southern New England,10.413958492718647,NA,95497864
1972,Fall,GB,1,16457.788619329473,0.12114625991347348,16457.788619329473,10022,-0.9934156351652516,-0.9994156351652516,-0.9874156351652514,bodymass,0.00306122448979597,0.09974483988448514,Georges Bank,8.552153128640587,NA,70431928
1972,Fall,GoM,1,28960.756916286,0.1548757726287886,28960.756916286,13992,-0.9536745067814144,-0.9586745067814144,-0.9486745067814146,bodymass,0.00255102040816321,0.07600362226881145,Gulf of Maine,6.632571032794855,NA,171732809
1972,Fall,MAB,1,93425.68935443416,0.04477530764288502,93425.68935443416,11804,-1.1729069511385766,-1.1789069511385766,-1.167906951138577,bodymass,0.00280612244897956,0.2006393869601524,Mid-Atlantic Bight,10.835669157146352,NA,143855
1972,Fall,SNE,1,15625.91732325342,0.04477530764288502,15625.91732325342,26344,-1.0012775358192467,-1.0052775358192467,-0.9972775358192468,bodymass,0.00204081632653061,0.10419527416247762,Southern New England,11.739781467618466,NA,87231188
1972,Spring,GB,1,19543.715162647062,0.0937943326539252,19543.715162647062,8691,-0.9317856805558924,-0.9387856805558924,-0.9247856805558924,bodymass,0.00357142857142857,0.0709058165809352,Georges Bank,8.552153128640587,NA,70431928
1972,Spring,GoM,1,18138.000880451254,0.2960716094033669,18138.000880451254,14575,-0.9292173702076584,-0.9342173702076586,-0.9242173702076588,bodymass,0.00255102040816321,0.0706510701629078,Gulf of Maine,6.632571032794855,NA,171732809
1972,Spring,MAB,1,16674.537933961186,0.04692062830212058,16674.537933961186,47434,-1.1744920257746152,-1.177492025774615,-1.171492025774615,bodymass,0.00153061224489796,0.2136685476267777,Mid-Atlantic Bight,10.835669157146352,NA,143855
1972,Spring,SNE,1,28719.86499781749,0.07063890151527608,28719.86499781749,22148,-0.9272725236853432,-0.9312725236853434,-0.9232725236853434,bodymass,0.00204081632653061,0.06553461922975844,Southern New England,11.739781467618466,NA,87231188
1973,Fall,GB,1,20886.274607547613,0.00290464319396756,20886.274607547613,13864,-0.9464619252455176,-0.9514619252455176,-0.941461925245518,bodymass,0.00255102040816321,0.07613008178870607,Georges Bank,8.015564837659785,NA,78308866
1973,Fall,GoM,1,25760.488686139448,0.1548757726287886,25760.488686139448,8213,-0.9216937753044218,-0.9286937753044218,-0.9146937753044218,bodymass,0.00357142857142857,0.06444106478621674,Gulf of Maine,6.907363540843382,NA,182400954
1973,Fall,MAB,1,239237.42332289636,0.02511243272327328,239237.42332289636,24062,-1.203805480983185,-1.2078054809831849,-1.1998054809831848,bodymass,0.00204081632653061,0.2215576709194157,Mid-Atlantic Bight,10.237713556374068,NA,673049
1973,Fall,SNE,1,13040.862019983126,0.1548757726287886,13040.862019983126,26941,-1.1205408462452735,-1.1245408462452735,-1.1165408462452735,bodymass,0.00204081632653061,0.17703368632891908,Southern New England,11.370536842053127,NA,100274125
1973,Spring,GB,1,34287.404259591465,0.30976435376605593,34287.404259591465,18045,-0.9339761124656653,-0.9379761124656651,-0.92997611246566525,bodymass,0.00204081632653061,0.0665139264801066,Georges Bank,8.015564837659785,NA,78308866
1973,Spring,GoM,1,24218.154596176933,0.26932279165007506,24218.154596176933,9762,-0.9048531309311014,-0.9108531309311017,-0.8988531309311014,bodymass,0.00306122448979597,0.05898798505343739,Gulf of Maine,6.907363540843382,NA,182400954
1973,Spring,MAB,1,18138.000880451254,0.02511243272327328,18138.000880451254,67928,-0.9814560090917792,-0.9834560090917794,-0.9794560090917792,bodymass,0.00102040816326536,0.09298967962519196,Mid-Atlantic Bight,10.237713556374068,NA,673049
1973,Spring,SNE,1,26604.33787079039,0.2960716094033669,26604.33787079039,57841,-0.9938357928646302,-0.9958357928646302,-0.99183579286463,bodymass,0.00102040816326536,0.09509685695844444,Southern New England,11.370536842053127,NA,100274125
1974,Fall,GB,1,14729.973772314785,0.04477530764288502,14729.973772314785,13323,-1.2209004430216372,-1.2269004430216377,-1.2149004430216372,bodymass,0.00306122448979597,0.25102804626938063,Georges Bank,8.557825799600447,NA,67351418
1974,Fall,GoM,1,22248.49588280608,0.04477530764288502,22248.49588280608,9071,-0.9458420405280814,-0.9528420405280812,-0.9388420405280812,bodymass,0.00357142857142857,0.07525561122270319,Gulf of Maine,6.9470019411232515,NA,196596192
1974,Fall,MAB,1,94587.09724698194,0.04477530764288502,94587.09724698194,10449,-1.1853075676157032,-1.1913075676157032,-1.179307567615703,bodymass,0.00306122448979597,0.21049490650490824,Mid-Atlantic Bight,10.87131314066659,NA,105052
1974,Fall,SNE,1,88809.66431938812,0.04477530764288502,88809.66431938812,11052,-1.1614824008679914,-1.1674824008679916,-1.1554824008679914,bodymass,0.00306122448979597,0.19197174434051076,Southern New England,12.183661707537428,NA,101677878
1974,Spring,GB,1,18132.33020077495,0.5378131793918438,18132.33020077495,8225,-0.91841825112233,-0.92541825112233,-0.91141825112233,bodymass,0.00357142857142857,0.06657449068318141,Georges Bank,8.557825799600447,NA,67351418
1974,Spring,GoM,1,23120.714039517345,0.30976435376605593,23120.714039517345,9979,-0.9989751576094028,-1.004975157609403,-0.9929751576094028,bodymass,0.00306122448979597,0.099005955610612,Gulf of Maine,6.9470019411232515,NA,196596192
1974,Spring,MAB,1,18138.000880451254,0.11958860989804572,18138.000880451254,9240,-1.015506863661126,-1.022506863661126,-1.008506863661126,bodymass,0.00357142857142857,0.10993067925055046,Mid-Atlantic Bight,10.87131314066659,NA,105052
1974,Spring,SNE,1,24835.152438939065,0.11958860989804572,24835.152438939065,22260,-1.0087272485672407,-1.012727248567241,-1.004727248567241,bodymass,0.00204081632653061,0.103241927619417,Southern New England,12.183661707537428,NA,101677878
1975,Fall,GB,1,17035.89202341077,0.12114625991347348,17035.89202341077,16966,-1.062249291118139,-1.0672492911181388,-1.057249291118139,bodymass,0.00255102040816321,0.13688867870788846,Georges Bank,8.947418848421608,NA,74701620
1975,Fall,GoM,1,19077.237380629973,0.1548757726287886,19077.237380629973,16353,-0.934488541696585,-0.9394885416965848,-0.929488541696585,bodymass,0.00255102040816321,0.07220351859623787,Gulf of Maine,8.913660562442521,NA,203238634
1975,Fall,MAB,1,72545.2989020561,0.02511243272327328,72545.2989020561,10507,-1.09472720095912,-1.1007272009591202,-1.08872720095912,bodymass,0.00306122448979597,0.14492972567756396,Mid-Atlantic Bight,11.166808757950774,NA,4489
1975,Fall,SNE,1,18527.079903296795,0.1548757726287886,18527.079903296795,21471,-1.0944013592048034,-1.0984013592048032,-1.0904013592048032,bodymass,0.00204081632653061,0.15615654022010664,Southern New England,10.193350209774648,NA,71482741
1975,Spring,GB,1,17230.573983544396,0.11958860989804572,17230.573983544396,10361,-0.9643106183579684,-0.9703106183579686,-0.9583106183579684,bodymass,0.00306122448979597,0.08570601335643234,Georges Bank,8.947418848421608,NA,74701620
1975,Spring,GoM,1,20217.479820055993,0.3857854553894314,20217.479820055993,14964,-1.0468085693113296,-1.0518085693113297,-1.0418085693113297,bodymass,0.00255102040816321,0.12607242046568795,Gulf of Maine,8.913660562442521,NA,203238634
1975,Spring,MAB,1,18138.000880451254,0.10259749676006846,18138.000880451254,13930,-1.0729229685370023,-1.0779229685370026,-1.0679229685370029,bodymass,0.00255102040816321,0.14275111901756413,Mid-Atlantic Bight,11.166808757950774,NA,4489
1975,Spring,SNE,1,19159.159836646155,0.2960716094033669,19159.159836646155,13882,-0.9979477313961304,-1.00294773139613,-0.9929477313961304,bodymass,0.00255102040816321,0.1003916898036758,Southern New England,10.193350209774648,NA,71482741
1976,Fall,GB,1,17613.640943211125,0.02414338810073994,17613.640943211125,15414,-0.9186570176634862,-0.9236570176634862,-0.9136570176634864,bodymass,0.00255102040816321,0.0669499962206842,Georges Bank,9.044132241734234,NA,72986175
1976,Fall,GoM,1,27941.479563123015,0.00742171793466853,27941.479563123015,13345,-0.9003944832344333,-0.9053944832344332,-0.8953944832344334,bodymass,0.00255102040816321,0.05619505043549835,Gulf of Maine,8.15291618977563,NA,271182082
1976,Fall,MAB,1,429784.5096956938,0.00597695091780766,429784.5096956938,27109,-1.2256069404154963,-1.2286069404154965,-1.2226069404154964,bodymass,0.00153061224489796,0.23838231257300316,Mid-Atlantic Bight,10.99471027576818,NA,189394
1976,Fall,SNE,1,28590.77072549048,0.03949442537340164,28590.77072549048,26324,-1.2087782619768186,-1.2127782619768186,-1.2047782619768186,bodymass,0.00204081632653061,0.23654687036850933,Southern New England,10.698865352305804,NA,63747790
1976,Spring,GB,1,21027.245399745167,0.30976435376605593,21027.245399745167,17008,-0.9428456400787184,-0.947845640078718,-0.9378456400787184,bodymass,0.00255102040816321,0.0745842853966648,Georges Bank,9.044132241734234,NA,72986175
1976,Spring,GoM,1,36824.71886641673,0.5640109368579932,36824.71886641673,17517,-0.9971040764879152,-1.0011040764879149,-0.9931040764879148,bodymass,0.00204081632653061,0.09367134815784388,Gulf of Maine,8.15291618977563,NA,271182082
1976,Spring,MAB,1,12755.497702332865,0.07986327065639552,12755.497702332865,16541,-1.1238159354810875,-1.1288159354810876,-1.1188159354810878,bodymass,0.00255102040816321,0.179496795430976,Mid-Atlantic Bight,10.99471027576818,NA,189394
1976,Spring,SNE,1,20760.775142791827,0.2960716094033669,20760.775142791827,16358,-1.012275724387845,-1.017275724387845,-1.0072757243878452,bodymass,0.00255102040816321,0.10685798219477637,Southern New England,10.698865352305804,NA,63747790
1977,Fall,GB,1,19042.566862467214,0.03949442537340164,19042.566862467214,20503,-0.9161039121367806,-0.9201039121367804,-0.9121039121367804,bodymass,0.00204081632653061,0.06524442459879504,Georges Bank,7.296994403311643,NA,87123260
1977,Fall,GoM,1,26623.708521784974,0.1548757726287886,26623.708521784974,18822,-0.912303768913242,-0.916303768913242,-0.908303768913242,bodymass,0.00204081632653061,0.06073662860012963,Gulf of Maine,8.574716312198316,NA,273898347
1977,Fall,MAB,1,87378.6910476486,0.1548757726287886,87378.6910476486,36954,-1.1785766272042555,-1.1815766272042556,-1.1755766272042556,bodymass,0.00153061224489796,0.20551875746678616,Mid-Atlantic Bight,8.637509712286755,NA,106364
1977,Fall,SNE,1,53350.655779128414,0.03949442537340164,53350.655779128414,16348,-1.14460703089617,-1.1496070308961697,-1.13960703089617,bodymass,0.00255102040816321,0.18240397108578155,Southern New England,7.832060588764626,NA,62775715
1977,Spring,GB,1,26369.099754129373,1.0624182932762734,26369.099754129373,10128,-0.8845780673723184,-0.8905780673723183,-0.878578067372318,bodymass,0.00306122448979597,0.05157120179872589,Georges Bank,7.296994403311643,NA,87123260
1977,Spring,GoM,1,24779.792233673736,0.156153224308877,24779.792233673736,12998,-0.9444342738949604,-0.9494342738949602,-0.9394342738949604,bodymass,0.00255102040816321,0.07364266308184823,Gulf of Maine,8.574716312198316,NA,273898347
1977,Spring,MAB,1,24223.471595281153,0.10259749676006846,24223.471595281153,19885,-1.050757158984325,-1.0547571589843252,-1.0467571589843252,bodymass,0.00204081632653061,0.12659465554001165,Mid-Atlantic Bight,8.637509712286755,NA,106364
1977,Spring,SNE,1,16741.86896811501,0.4178808621621731,16741.86896811501,9214,-0.9138296990817056,-0.9208296990817056,-0.9068296990817056,bodymass,0.00357142857142857,0.06568427931751608,Southern New England,7.832060588764626,NA,62775715
1978,Fall,GB,1,19567.40041770616,0.07774084377386267,19567.40041770616,42683,-1.0500918287577925,-1.0530918287577922,-1.0470918287577922,bodymass,0.00153061224489796,0.128301744810028,Georges Bank,8.345213259834495,NA,100037069
1978,Fall,GoM,1,36932.44203722186,0.05407799053788915,36932.44203722186,28850,-0.9487652630028316,-0.9517652630028316,-0.9457652630028316,bodymass,0.00153061224489796,0.07175767927992538,Gulf of Maine,7.24313302666454,NA,317824988
1978,Fall,MAB,1,81599.35440036407,0.1548757726287886,81599.35440036407,9656,-1.191395553644068,-1.197395553644068,-1.1853955536440677,bodymass,0.00306122448979597,0.21621620929295815,Mid-Atlantic Bight,9.98705104304626,NA,61182770
1978,Fall,SNE,1,16556.9845731957,0.04477530764288502,16556.9845731957,26744,-1.0768152414742411,-1.0808152414742414,-1.0728152414742411,bodymass,0.00204081632653061,0.14607889983914069,Southern New England,10.139462104374864,NA,142840827
1978,Spring,GB,1,16359.512702856282,0.3163249227451163,16359.512702856282,9862,-0.8159682703183075,-0.8229682703183074,-0.8089682703183074,bodymass,0.00357142857142857,0.03708047270708538,Georges Bank,8.345213259834495,NA,100037069
1978,Spring,GoM,1,22553.339900898416,0.7098109415556149,22553.339900898416,8163,-0.9100438299449728,-0.9170438299449726,-0.9030438299449726,bodymass,0.00357142857142857,0.06145559917774992,Gulf of Maine,7.24313302666454,NA,317824988
1978,Spring,MAB,1,16204.602996818949,0.18405706707982925,16204.602996818949,26763,-1.0073591909733437,-1.011359190973344,-1.003359190973344,bodymass,0.00204081632653061,0.10689003323513482,Mid-Atlantic Bight,9.98705104304626,NA,61182770
1978,Spring,SNE,1,15291.080414912112,0.22088083074007553,15291.080414912112,20884,-0.9784921053219848,-0.9824921053219846,-0.9744921053219846,bodymass,0.00204081632653061,0.09340521198116548,Southern New England,10.139462104374864,NA,142840827
1979,Fall,GB,1,16087.019982701133,0.04477530764288502,16087.019982701133,37494,-0.8744600167185331,-0.8774600167185331,-0.8714600167185331,bodymass,0.00153061224489796,0.05289231794989352,Georges Bank,7.899638254555583,NA,113012740
1979,Fall,GoM,1,27650.029160761427,0.02873149093435317,27650.029160761427,25368,-0.9345149363863268,-0.9385149363863268,-0.9305149363863268,bodymass,0.00204081632653061,0.06866200087941196,Gulf of Maine,7.023493355815694,NA,372910185
1979,Fall,MAB,1,136272.62670532314,0.1548757726287886,136272.62670532314,42419,-1.2247237241970557,-1.2277237241970556,-1.2217237241970555,bodymass,0.00153061224489796,0.241683645589848,Mid-Atlantic Bight,10.827249079678966,NA,28960657
1979,Fall,SNE,1,20645.42953945469,0.10259749676006846,20645.42953945469,55238,-1.1155515831962026,-1.1185515831962023,-1.1125515831962025,bodymass,0.00153061224489796,0.1692468235999657,Southern New England,9.4172613184217,NA,155807000
1979,Spring,GB,1,21829.58213677949,0.10332291977366956,21829.58213677949,12294,-0.949703130312711,-0.9557031303127111,-0.943703130312711,bodymass,0.00306122448979597,0.07703887417300487,Georges Bank,7.899638254555583,NA,113012740
1979,Spring,GoM,1,24779.792233673736,0.22088083074007553,24779.792233673736,15664,-1.0060857628366535,-1.0110857628366534,-1.0010857628366536,bodymass,0.00255102040816321,0.10190998053808134,Gulf of Maine,7.023493355815694,NA,372910185
1979,Spring,MAB,1,20760.775142791827,0.11958860989804572,20760.775142791827,15190,-1.070256808387362,-1.075256808387362,-1.065256808387362,bodymass,0.00255102040816321,0.13977986659092165,Mid-Atlantic Bight,10.827249079678966,NA,28960657
1979,Spring,SNE,1,101165.79260853164,0.11958860989804572,101165.79260853164,10875,-1.080186465011295,-1.0851864650112946,-1.0751864650112948,bodymass,0.00255102040816321,0.1329537264922571,Southern New England,9.4172613184217,NA,155807000
1980,Fall,GB,1,21696.787983446247,0.1548757726287886,21696.787983446247,27693,-1.15594142548732,-1.15994142548732,-1.15194142548732,bodymass,0.00204081632653061,0.1975828476268293,Georges Bank,7.686518379701109,NA,139172791
1980,Fall,GoM,1,23960.748469815637,0.1830452139612061,23960.748469815637,11846,-0.9145498956247322,-0.9205498956247322,-0.908549895624732,bodymass,0.00306122448979597,0.06250161813550348,Gulf of Maine,7.320415281643302,NA,431264688
1980,Fall,MAB,1,49143.884011129136,0.1548757726287886,49143.884011129136,21655,-1.1957563658995023,-1.199756365899502,-1.191756365899502,bodymass,0.00204081632653061,0.22262101293244324,Mid-Atlantic Bight,9.66314458678254,NA,39936336
1980,Fall,SNE,1,18020.858911787207,0.1548757726287886,18020.858911787207,35530,-1.114284023874374,-1.117284023874374,-1.111284023874374,bodymass,0.00153061224489796,0.169639357314938,Southern New England,9.000286974613859,NA,171241940
1980,Spring,GB,1,65035.356043142965,0.3857854553894314,65035.356043142965,15370,-0.9627337472601544,-0.9667337472601544,-0.9587337472601544,bodymass,0.00204081632653061,0.07287668497472967,Georges Bank,7.686518379701109,NA,139172791
1980,Spring,GoM,1,20524.60487861279,0.156153224308877,20524.60487861279,11086,-0.9699355822961616,-0.9759355822961616,-0.9639355822961612,bodymass,0.00306122448979597,0.08642581359097333,Gulf of Maine,7.320415281643302,NA,431264688
1980,Spring,MAB,1,19543.715162647062,0.11958860989804572,19543.715162647062,39719,-1.1187154484593278,-1.1217154484593277,-1.1157154484593277,bodymass,0.00153061224489796,0.17191446165052163,Mid-Atlantic Bight,9.66314458678254,NA,39936336
1980,Spring,SNE,1,18594.889957599364,0.00422580830779147,18594.889957599364,34551,-0.9739667165337118,-0.9769667165337116,-0.9709667165337116,bodymass,0.00153061224489796,0.0892607200740774,Southern New England,9.000286974613859,NA,171241940
1981,Fall,GB,1,16556.9845731957,0.02414338810073994,16556.9845731957,17051,-0.87313755028036,-0.8781375502803597,-0.8681375502803599,bodymass,0.00255102040816321,0.05221760054702616,Georges Bank,7.168920363185901,NA,111449342
1981,Fall,GoM,1,32088.209364044113,0.3735691319226485,32088.209364044113,7902,-0.9086318970596762,-0.915631897059676,-0.901631897059676,bodymass,0.00357142857142857,0.05780258361820743,Gulf of Maine,7.215746103302907,NA,371209571
1981,Fall,MAB,1,179362.7042543249,0.13068486344424823,179362.7042543249,34649,-1.22047966412572,-1.2234796641257195,-1.2174796641257195,bodymass,0.00153061224489796,0.23693424144077477,Mid-Atlantic Bight,8.547000889229563,NA,41838565
1981,Fall,SNE,1,23818.110688988538,0.04477530764288502,23818.110688988538,41313,-1.0835146174407098,-1.0865146174407097,-1.0805146174407096,bodymass,0.00153061224489796,0.14677104132168184,Southern New England,7.522345648457209,NA,143445273
1981,Spring,GB,1,17677.5810243435,0.22088083074007553,17677.5810243435,20285,-0.8874733742221936,-0.8924733742221935,-0.8824733742221937,bodymass,0.00255102040816321,0.05610292861385615,Georges Bank,7.168920363185901,NA,111449342
1981,Spring,GoM,1,26731.04052711372,0.156153224308877,26731.04052711372,11320,-0.9358774154659592,-0.941877415465959,-0.9298774154659588,bodymass,0.00306122448979597,0.06950779210165488,Gulf of Maine,7.215746103302907,NA,371209571
1981,Spring,MAB,1,18138.000880451254,0.2960716094033669,18138.000880451254,22675,-1.055648143476546,-1.059648143476546,-1.051648143476546,bodymass,0.00204081632653061,0.13232290411136738,Mid-Atlantic Bight,8.547000889229563,NA,41838565
1981,Spring,SNE,1,21313.60055530081,0.0333266025471368,21313.60055530081,29289,-0.9931827395154436,-0.9961827395154434,-0.9901827395154434,bodymass,0.00153061224489796,0.09696004779357822,Southern New England,7.522345648457209,NA,143445273
1982,Fall,GB,1,16087.019982701133,0.12114625991347348,16087.019982701133,12252,-0.97341612894103,-0.9794161289410296,-0.9674161289410296,bodymass,0.00306122448979597,0.09052211301761584,Georges Bank,7.822002438093327,NA,112501235
1982,Fall,GoM,1,19238.84596347229,0.3735691319226485,19238.84596347229,8044,-0.8812344004532049,-0.8882344004532048,-0.8742344004532048,bodymass,0.00357142857142857,0.05332734746887264,Gulf of Maine,7.366200123196942,NA,288232824
1982,Fall,MAB,1,130449.93144195284,0.04835555390003871,130449.93144195284,10669,-1.2048579845100338,-1.210857984510034,-1.1988579845100338,bodymass,0.00306122448979597,0.22500713659335608,Mid-Atlantic Bight,8.689046790958505,NA,27884157
1982,Fall,SNE,1,10069.000645058371,0.00536668585061283,10069.000645058371,28959,-1.0919167896619588,-1.0959167896619588,-1.0879167896619588,bodymass,0.00204081632653061,0.16086414129072574,Southern New England,8.318843196204622,NA,126411906
1982,Spring,GB,1,17641.156647788477,0.5327770689848076,17641.156647788477,8197,-0.8008342471461972,-0.8088342471461973,-0.7928342471461973,bodymass,0.00408163265306122,0.03313507868143775,Georges Bank,7.822002438093327,NA,112501235
1982,Spring,GoM,1,24218.154596176933,0.2960716094033669,24218.154596176933,9083,-0.90747749562689,-0.9144774956268896,-0.9004774956268897,bodymass,0.00357142857142857,0.05989785542895027,Gulf of Maine,7.366200123196942,NA,288232824
1982,Spring,MAB,1,17153.36239931357,0.10259749676006846,17153.36239931357,16424,-0.969321996397348,-0.974321996397348,-0.9643219963973482,bodymass,0.00255102040816321,0.08798916651271184,Mid-Atlantic Bight,8.689046790958505,NA,27884157
1982,Spring,SNE,1,58363.34624539164,0.20508926478290912,58363.34624539164,23362,-0.9971990333336616,-1.0011990333336611,-0.9931990333336612,bodymass,0.00204081632653061,0.08972748631730165,Southern New England,8.318843196204622,NA,126411906
1983,Fall,GB,1,13868.505239584783,0.1548757726287886,13868.505239584783,12363,-0.910912561046022,-0.9169125610460218,-0.9049125610460216,bodymass,0.00306122448979597,0.06654014990721778,Georges Bank,9.244328955273998,NA,99140729
1983,Fall,GoM,1,22248.49588280608,0.3735691319226485,22248.49588280608,11742,-0.940754705093703,-0.9467547050937032,-0.9347547050937028,bodymass,0.00306122448979597,0.07318807365399764,Gulf of Maine,6.64636038440769,NA,285561100
1983,Fall,MAB,1,160905.35229428712,0.05436969075107158,160905.35229428712,31753,-1.219292653396282,-1.222292653396282,-1.216292653396282,bodymass,0.00153061224489796,0.2363449834779115,Mid-Atlantic Bight,12.05511034737646,NA,28312851
1983,Fall,SNE,1,16087.019982701133,0.04477530764288502,16087.019982701133,72814,-1.153030860943811,-1.155030860943811,-1.1510308609438105,bodymass,0.00102040816326536,0.1980040240213072,Southern New England,10.60108952577227,NA,121555804
1983,Spring,GB,1,31979.931762689223,0.5327770689848076,31979.931762689223,12591,-0.9531121546036498,-0.9581121546036496,-0.94811215460365,bodymass,0.00255102040816321,0.07485438777077309,Georges Bank,9.244328955273998,NA,99140729
1983,Spring,GoM,1,25929.246581947384,1.0547470274609427,25929.246581947384,7843,-0.9784513049568248,-0.9854513049568248,-0.9714513049568247,bodymass,0.00357142857142857,0.0880135209836148,Gulf of Maine,6.64636038440769,NA,285561100
1983,Spring,MAB,1,21876.03589649733,0.10259749676006846,21876.03589649733,11715,-0.880182409333771,-0.8861824093337709,-0.8741824093337707,bodymass,0.00306122448979597,0.05183887737360843,Mid-Atlantic Bight,12.05511034737646,NA,28312851
1983,Spring,SNE,1,23818.110688988538,0.22088083074007553,23818.110688988538,21330,-1.019161157651868,-1.023161157651868,-1.015161157651868,bodymass,0.00204081632653061,0.10911279108032489,Southern New England,10.60108952577227,NA,121555804
1984,Fall,GB,1,15347.204118754207,0.10259749676006846,15347.204118754207,11732,-0.9900305033773884,-0.9960305033773886,-0.9840305033773884,bodymass,0.00306122448979597,0.09884362610949624,Georges Bank,7.489345413380304,NA,83114541
1984,Fall,GoM,1,23843.05470005078,0.3735691319226485,23843.05470005078,6941,-0.918702089872508,-0.9267020898725082,-0.9107020898725082,bodymass,0.00408163265306122,0.0640550848542436,Gulf of Maine,7.11705236738011,NA,283694725
1984,Fall,MAB,1,77892.13994264649,0.04477530764288502,77892.13994264649,26636,-1.217154301217138,-1.2211543012171382,-1.2131543012171382,bodymass,0.00204081632653061,0.23775701645639463,Mid-Atlantic Bight,9.961026811177751,NA,34371738
1984,Fall,SNE,1,13040.862019983126,0.04477530764288502,13040.862019983126,39978,-1.114967846865531,-1.117967846865531,-1.111967846865531,bodymass,0.00153061224489796,0.1732519720286664,Southern New England,9.26020322322235,NA,118775980
1984,Spring,GB,1,14707.288069312795,0.12705264994290433,14707.288069312795,5547,-0.8076364526748414,-0.8176364526748412,-0.797636452674841,bodymass,0.00510204081632659,0.03606333222695983,Georges Bank,7.489345413380304,NA,83114541
1984,Spring,GoM,1,16034.618311247175,1.0317521988158551,16034.618311247175,5595,-0.9188113562536064,-0.9278113562536064,-0.9098113562536064,bodymass,0.00459183673469382,0.06794934514803048,Gulf of Maine,7.11705236738011,NA,283694725
1984,Spring,MAB,1,14412.151515804988,0.0937943326539252,14412.151515804988,19922,-0.9738762697182874,-0.9788762697182872,-0.9688762697182876,bodymass,0.00255102040816321,0.09191177520358094,Mid-Atlantic Bight,9.961026811177751,NA,34371738
1984,Spring,SNE,1,10867.778284465468,0.31445495060104983,10867.778284465468,10791,-0.9471589884247826,-0.9541589884247828,-0.9401589884247828,bodymass,0.00357142857142857,0.0833347078461808,Southern New England,9.26020322322235,NA,118775980
1985,Fall,GB,1,17143.289593382335,0.10259749676006846,17143.289593382335,24293,-1.0890753345011144,-1.0930753345011142,-1.0850753345011142,bodymass,0.00204081632653061,0.1534751728995617,Georges Bank,8.729448946455578,NA,98469380
1985,Fall,GoM,1,24550.826962877225,0.3735691319226485,24550.826962877225,14496,-1.0061175186912104,-1.0111175186912105,-1.001117518691211,bodymass,0.00255102040816321,0.1020169203021879,Gulf of Maine,7.210847227654215,NA,231018806
1985,Fall,MAB,1,49458.90755505918,0.04477530764288502,49458.90755505918,43221,-1.189353198430409,-1.1923531984304094,-1.1863531984304094,bodymass,0.00153061224489796,0.217437544871644,Mid-Atlantic Bight,12.586301166399393,NA,25109791
1985,Fall,SNE,1,11861.395839602656,0.1548757726287886,11861.395839602656,45891,-1.098891969386127,-1.1018919693861269,-1.0958919693861269,bodymass,0.00153061224489796,0.1635817152385474,Southern New England,10.548466909557543,NA,102383967
1985,Spring,GB,1,20524.60487861279,0.22088083074007553,20524.60487861279,13935,-0.9072052029694908,-0.9122052029694908,-0.9022052029694908,bodymass,0.00255102040816321,0.06134006051145757,Georges Bank,8.729448946455578,NA,98469380
1985,Spring,GoM,1,18138.000880451254,1.1039330978000497,18138.000880451254,9556,-0.9313774878703942,-0.938377487870394,-0.924377487870394,bodymass,0.00357142857142857,0.07148882993122908,Gulf of Maine,7.210847227654215,NA,231018806
1985,Spring,MAB,1,10167.57737987444,0.10259749676006846,10167.57737987444,26823,-1.012560708126893,-1.0165607081268928,-1.0085607081268928,bodymass,0.00204081632653061,0.1147797056032138,Mid-Atlantic Bight,12.586301166399393,NA,25109791
1985,Spring,SNE,1,11921.973536597729,0.12705264994290433,11921.973536597729,26178,-0.8333723150021851,-0.837372315002185,-0.829372315002185,bodymass,0.00204081632653061,0.04410649222705546,Southern New England,10.548466909557543,NA,102383967
1986,Fall,GB,1,11265.059257754445,0.12114625991347348,11265.059257754445,14287,-0.8604133462673582,-0.8664133462673582,-0.854413346267358,bodymass,0.00306122448979597,0.05213069189825257,Georges Bank,8.74814479664653,NA,78898342
1986,Fall,GoM,1,24550.826962877225,0.3735691319226485,24550.826962877225,15411,-0.9694928454192016,-0.9744928454192014,-0.9644928454192015,bodymass,0.00255102040816321,0.08445580788648245,Gulf of Maine,7.450692636077687,NA,223447807
1986,Fall,MAB,1,113233.9386382856,0.04477530764288502,113233.9386382856,19003,-1.2124818473853292,-1.2164818473853294,-1.2084818473853294,bodymass,0.00204081632653061,0.23205755277923176,Mid-Atlantic Bight,12.732097623200543,NA,26844088
1986,Fall,SNE,1,10593.328832117006,0.04477530764288502,10593.328832117006,29624,-1.131232497888773,-1.135232497888773,-1.1272324978887729,bodymass,0.00204081632653061,0.18649890344940465,Southern New England,11.192259696931142,NA,113701246
1986,Spring,GB,1,21538.107880788662,0.2103228749702038,21538.107880788662,13599,-0.9528884199223456,-0.9578884199223454,-0.9478884199223456,bodymass,0.00255102040816321,0.07850759950546746,Georges Bank,8.74814479664653,NA,78898342
1986,Spring,GoM,1,27383.54992163039,0.12705264994290433,27383.54992163039,10162,-1.06672513131728,-1.0727251313172796,-1.0607251313172794,bodymass,0.00306122448979597,0.1349938963001784,Gulf of Maine,7.450692636077687,NA,223447807
1986,Spring,MAB,1,16674.537933961186,0.10259749676006846,16674.537933961186,12514,-1.0044521565660562,-1.0104521565660562,-0.998452156566056,bodymass,0.00306122448979597,0.10510545842824735,Mid-Atlantic Bight,12.732097623200543,NA,26844088
1986,Spring,SNE,1,22084.400461264424,0.12705264994290433,22084.400461264424,25615,-1.0443313893289143,-1.0483313893289146,-1.0403313893289146,bodymass,0.00204081632653061,0.12377224720688929,Southern New England,11.192259696931142,NA,113701246
1987,Fall,GB,1,29631.689217068655,0.04477530764288502,29631.689217068655,15229,-0.933725488821776,-0.9387254888217758,-0.928725488821776,bodymass,0.00255102040816321,0.06772207734401048,Georges Bank,8.102833639045148,NA,79978084
1987,Fall,GoM,1,14294.970710969646,0.3735691319226485,14294.970710969646,9098,-0.9051537517994278,-0.9121537517994278,-0.8981537517994278,bodymass,0.00357142857142857,0.06417146644307027,Gulf of Maine,7.615934296381676,NA,207887469
1987,Fall,MAB,1,69120.74809504367,0.1548757726287886,69120.74809504367,16268,-1.2104590407147078,-1.2154590407147077,-1.205459040714708,bodymass,0.00255102040816321,0.2327625816652601,Mid-Atlantic Bight,12.64730410111689,NA,28711299
1987,Fall,SNE,1,9334.682531662373,0.06007531511912517,9334.682531662373,18723,-1.081350399296848,-1.086350399296848,-1.0763503992968482,bodymass,0.00255102040816321,0.15506211486791516,Southern New England,10.409261114923964,NA,110981323
1987,Spring,GB,1,29007.865050636843,0.3163249227451163,29007.865050636843,13037,-0.9325235436310187,-0.937523543631019,-0.9275235436310192,bodymass,0.00255102040816321,0.06745012734068334,Georges Bank,8.102833639045148,NA,79978084
1987,Spring,GoM,1,26517.201128035013,0.3857854553894314,26517.201128035013,7873,-0.9661224214411528,-0.9731224214411528,-0.9591224214411528,bodymass,0.00357142857142857,0.08221174988878152,Gulf of Maine,7.615934296381676,NA,207887469
1987,Spring,MAB,1,17153.36239931357,0.10259749676006846,17153.36239931357,24843,-0.941168162860468,-0.945168162860468,-0.937168162860468,bodymass,0.00204081632653061,0.07594561201768299,Mid-Atlantic Bight,12.64730410111689,NA,28711299
1987,Spring,SNE,1,10775.603063607989,3.463819117381418,10775.603063607989,20704,-0.8595436833905623,-0.8645436833905622,-0.8545436833905624,bodymass,0.00255102040816321,0.05232066976246024,Southern New England,10.409261114923964,NA,110981323
1988,Fall,GB,1,17613.640943211125,0.04835555390003871,17613.640943211125,12824,-1.0309819605938142,-1.036981960593814,-1.0249819605938135,bodymass,0.00306122448979597,0.11855864295800332,Georges Bank,6.964983553213854,NA,93821241
1988,Fall,GoM,1,24623.949007870226,0.3735691319226485,24623.949007870226,13208,-1.0063157095611637,-1.0113157095611631,-1.0013157095611636,bodymass,0.00255102040816321,0.10208900497314148,Gulf of Maine,7.169807018061816,NA,201818385
1988,Fall,MAB,1,113233.9386382856,0.02414338810073994,113233.9386382856,3468,-1.1882815976063672,-1.1992815976063669,-1.1772815976063669,bodymass,0.00561224489795918,0.21198030885821828,Mid-Atlantic Bight,11.173018501923147,NA,35305694
1988,Fall,SNE,1,41245.274748513046,0.04477530764288502,41245.274748513046,33895,-1.1931723592169003,-1.1961723592169002,-1.1901723592169002,bodymass,0.00153061224489796,0.22161999790485096,Southern New England,9.431534353200057,NA,98435828
1988,Spring,GB,1,18132.33020077495,0.22088083074007553,18132.33020077495,12081,-0.7982552593082278,-0.8042552593082279,-0.7922552593082277,bodymass,0.00306122448979597,0.03238431302201286,Georges Bank,6.964983553213854,NA,93821241
1988,Spring,GoM,1,20760.775142791827,0.3857854553894314,20760.775142791827,7728,-0.9720399724344102,-0.97903997243441,-0.96503997243441,bodymass,0.00357142857142857,0.08726208413066086,Gulf of Maine,7.169807018061816,NA,201818385
1988,Spring,MAB,1,8890.986356695474,0.02511243272327328,8890.986356695474,22899,-1.030038993178835,-1.034038993178835,-1.026038993178835,bodymass,0.00204081632653061,0.12567958748195324,Mid-Atlantic Bight,11.173018501923147,NA,35305694
1988,Spring,SNE,1,9801.754015806418,0.22088083074007553,9801.754015806418,21014,-0.8233340983425771,-0.8283340983425771,-0.8183340983425773,bodymass,0.00255102040816321,0.04339200188248759,Southern New England,9.431534353200057,NA,98435828
1989,Fall,GB,1,10593.328832117006,0.04477530764288502,10593.328832117006,14735,-0.9922024258465888,-0.9982024258465888,-0.9862024258465888,bodymass,0.00306122448979597,0.1040465484471009,Georges Bank,7.71267467293233,NA,85965225
1989,Fall,GoM,1,16228.351397034832,0.1548757726287886,16228.351397034832,16689,-0.9530489212663557,-0.9580489212663554,-0.9480489212663556,bodymass,0.00255102040816321,0.08145033787020965,Gulf of Maine,7.269814081111197,NA,166158339
1989,Fall,MAB,1,15760.083465598094,0.04477530764288502,15760.083465598094,33989,-1.1820229417844113,-1.1860229417844113,-1.1780229417844112,bodymass,0.00204081632653061,0.21987862235565947,Mid-Atlantic Bight,11.044759173941824,NA,643458662
1989,Fall,SNE,1,8184.469462537976,0.04477530764288502,8184.469462537976,42764,-1.141826515930631,-1.1448265159306306,-1.1388265159306306,bodymass,0.00153061224489796,0.19660827589818256,Southern New England,9.676988125457958,NA,127981815
1989,Spring,GB,1,18132.33020077495,0.3163249227451163,18132.33020077495,9856,-0.9092927093201874,-0.9162927093201872,-0.9022927093201872,bodymass,0.00357142857142857,0.0632665500073907,Georges Bank,7.71267467293233,NA,85965225
1989,Spring,GoM,1,20524.60487861279,0.5327770689848076,20524.60487861279,13738,-1.091911382789162,-1.0969113827891617,-1.086911382789162,bodymass,0.00255102040816321,0.15356180802693284,Gulf of Maine,7.269814081111197,NA,166158339
1989,Spring,MAB,1,10119.243352627174,1.137816128693455,10119.243352627174,15426,-0.8393610338688219,-0.8453610338688218,-0.8333610338688215,bodymass,0.00306122448979597,0.04725658799134628,Mid-Atlantic Bight,11.044759173941824,NA,643458662
1989,Spring,SNE,1,23120.714039517345,0.5981079808461115,23120.714039517345,15533,-0.9229191658231964,-0.9279191658231962,-0.9179191658231964,bodymass,0.00255102040816321,0.0659032527290542,Southern New England,9.676988125457958,NA,127981815
1990,Fall,GB,1,13679.366483886304,0.04477530764288502,13679.366483886304,26176,-1.097703830576791,-1.101703830576791,-1.093703830576791,bodymass,0.00204081632653061,0.16132271084364727,Georges Bank,6.313384505723811,NA,100810359
1990,Fall,GoM,1,19582.899017593823,0.1548757726287886,19582.899017593823,22789,-0.8893828071635969,-0.8933828071635967,-0.8853828071635967,bodymass,0.00204081632653061,0.0557630210357169,Gulf of Maine,6.826634211459402,NA,223046313
1990,Fall,MAB,1,108610.68095280114,0.1548757726287886,108610.68095280114,41504,-1.2195322742899144,-1.2225322742899143,-1.2165322742899145,bodymass,0.00153061224489796,0.23821464132027775,Mid-Atlantic Bight,9.582346891723905,NA,757381407
1990,Fall,SNE,1,45870.563903403316,0.1548757726287886,45870.563903403316,32424,-1.2127372150708606,-1.2157372150708603,-1.2097372150708603,bodymass,0.00153061224489796,0.23688366791242305,Southern New England,8.179611263751372,NA,144379682
1990,Spring,GB,1,28958.81130252075,0.5030669608807974,28958.81130252075,19877,-0.8339710953008765,-0.8389710953008764,-0.8289710953008766,bodymass,0.00255102040816321,0.03685153781511521,Georges Bank,6.313384505723811,NA,100810359
1990,Spring,GoM,1,19159.159836646155,0.22088083074007553,19159.159836646155,9727,-0.9645332723618428,-0.9715332723618426,-0.9575332723618426,bodymass,0.00357142857142857,0.08471252006982748,Gulf of Maine,6.826634211459402,NA,223046313
1990,Spring,MAB,1,8601.00383587234,0.10259749676006846,8601.00383587234,9121,-0.8673965019310093,-0.875396501931009,-0.859396501931009,bodymass,0.00408163265306122,0.05704440707053125,Mid-Atlantic Bight,9.582346891723905,NA,757381407
1990,Spring,SNE,1,18898.4222154685,0.22088083074007553,18898.4222154685,15572,-0.8898411437193091,-0.8948411437193089,-0.8848411437193091,bodymass,0.00255102040816321,0.05624369281926449,Southern New England,8.179611263751372,NA,144379682
1991,Fall,GB,1,19660.80339560248,0.1548757726287886,19660.80339560248,11928,-1.0809341218605597,-1.0869341218605597,-1.0749341218605593,bodymass,0.00306122448979597,0.14695616565069816,Georges Bank,8.565999351477283,NA,95771293
1991,Fall,GoM,1,19238.84596347229,0.04477530764288502,19238.84596347229,19618,-0.9448117851288438,-0.9488117851288438,-0.9408117851288438,bodymass,0.00204081632653061,0.07626907633616521,Gulf of Maine,7.564222832453453,NA,226304244
1991,Fall,MAB,1,120412.88264078255,0.1548757726287886,120412.88264078255,14629,-1.2208642002100278,-1.2258642002100275,-1.215864200210028,bodymass,0.00255102040816321,0.2388973937373796,Mid-Atlantic Bight,12.029844230888164,NA,688103286
1991,Fall,SNE,1,9950.103632948398,0.04477530764288502,9950.103632948398,12524,-1.0482016203222722,-1.0542016203222724,-1.042201620322272,bodymass,0.00306122448979597,0.13450991182610408,Southern New England,10.238907741370792,NA,137638091
1991,Spring,GB,1,21538.107880788662,0.22088083074007553,21538.107880788662,12113,-0.912217935779744,-0.918217935779744,-0.9062179357797436,bodymass,0.00306122448979597,0.06266024478723307,Georges Bank,8.565999351477283,NA,95771293
1991,Spring,GoM,1,22553.339900898416,0.5030669608807974,22553.339900898416,8074,-1.077414447382713,-1.084414447382713,-1.070414447382713,bodymass,0.00357142857142857,0.1434278376423525,Gulf of Maine,7.564222832453453,NA,226304244
1991,Spring,MAB,1,16204.602996818949,0.10259749676006846,16204.602996818949,17227,-1.0339392440139537,-1.0389392440139535,-1.0289392440139538,bodymass,0.00255102040816321,0.12106507311636014,Mid-Atlantic Bight,12.029844230888164,NA,688103286
1991,Spring,SNE,1,13157.212242333835,0.5981079808461115,13157.212242333835,20800,-0.9048434753796212,-0.909843475379621,-0.8998434753796212,bodymass,0.00255102040816321,0.06491593054573205,Southern New England,10.238907741370792,NA,137638091
1992,Fall,GB,1,10401.080119427454,0.12114625991347348,10401.080119427454,18516,-1.038306691923875,-1.043306691923875,-1.0333066919238751,bodymass,0.00255102040816321,0.12839409245839065,Georges Bank,8.463022620477691,NA,87813581
1992,Fall,GoM,1,14527.03347319682,0.08663253492930399,14527.03347319682,21895,-0.9346335659017414,-0.9386335659017412,-0.9306335659017412,bodymass,0.00204081632653061,0.0750502148603899,Gulf of Maine,7.773506254664922,NA,221048557
1992,Fall,MAB,1,101915.3065776182,0.1548757726287886,101915.3065776182,21613,-1.252116214939693,-1.2561162149396927,-1.2481162149396927,bodymass,0.00204081632653061,0.26668205114307775,Mid-Atlantic Bight,12.148832546504195,NA,653303650
1992,Fall,SNE,1,6740.42183278629,0.04477530764288502,6740.42183278629,27338,-1.106977227117575,-1.110977227117575,-1.102977227117575,bodymass,0.00204081632653061,0.1752057651620378,Southern New England,10.510568671891996,NA,141775112
1992,Spring,GB,1,13171.288254883188,1.4631212965119875,13171.288254883188,11772,-0.8743044627832647,-0.8803044627832646,-0.8683044627832643,bodymass,0.00306122448979597,0.05477591237801044,Georges Bank,8.463022620477691,NA,87813581
1992,Spring,GoM,1,28334.801911173607,0.7098109415556149,28334.801911173607,21527,-1.0882231956649329,-1.0922231956649329,-1.0842231956649329,bodymass,0.00204081632653061,0.14821553834365606,Gulf of Maine,7.773506254664922,NA,221048557
1992,Spring,MAB,1,9828.913975961326,0.02511243272327328,9828.913975961326,18037,-0.8692560777538676,-0.8742560777538673,-0.8642560777538675,bodymass,0.00255102040816321,0.05619615185378827,Mid-Atlantic Bight,12.148832546504195,NA,653303650
1992,Spring,SNE,1,8890.986356695474,0.08663253492930399,8890.986356695474,19871,-0.8930908383179468,-0.8980908383179464,-0.8880908383179467,bodymass,0.00255102040816321,0.06504978083677292,Southern New England,10.510568671891996,NA,141775112
1993,Fall,GB,1,14521.298792536803,0.00597695091780766,14521.298792536803,11006,-0.956789152875876,-0.962789152875876,-0.9507891528758758,bodymass,0.00306122448979597,0.08422889445539508,Georges Bank,7.495930441963692,NA,85059835
1993,Fall,GoM,1,19077.237380629973,0.04477530764288502,19077.237380629973,17978,-1.0208845198519545,-1.0258845198519544,-1.0158845198519546,bodymass,0.00255102040816321,0.1122587053439196,Gulf of Maine,7.559793104963788,NA,204454521
1993,Fall,MAB,1,76081.5555004674,0.1548757726287886,76081.5555004674,7669,-1.1815701384206283,-1.1885701384206284,-1.1745701384206284,bodymass,0.00357142857142857,0.2086842299548384,Mid-Atlantic Bight,10.235142846234076,NA,721136213
1993,Fall,SNE,1,101915.3065776182,0.1548757726287886,101915.3065776182,31931,-1.1977102834853548,-1.200710283485355,-1.194710283485355,bodymass,0.00153061224489796,0.22023769072688,Southern New England,9.638732260534308,NA,124683539
1993,Spring,GB,1,15935.321747324617,0.06385767754978434,15935.321747324617,15138,-0.8800105868992141,-0.885010586899214,-0.8750105868992142,bodymass,0.00255102040816321,0.05470741776239187,Georges Bank,7.495930441963692,NA,85059835
1993,Spring,GoM,1,22584.773472632663,0.2103228749702038,22584.773472632663,13189,-1.00597303986532,-1.0109730398653198,-1.00097303986532,bodymass,0.00255102040816321,0.10276663639329114,Gulf of Maine,7.559793104963788,NA,204454521
1993,Spring,MAB,1,26456.621667411993,0.10259749676006846,26456.621667411993,27350,-1.0671072225366365,-1.0711072225366365,-1.0631072225366365,bodymass,0.00204081632653061,0.13554614757469555,Mid-Atlantic Bight,10.235142846234076,NA,721136213
1993,Spring,SNE,1,26604.33787079039,0.5327770689848076,26604.33787079039,19301,-1.0223536824718882,-1.0263536824718882,-1.0183536824718882,bodymass,0.00204081632653061,0.10974744397592454,Southern New England,9.638732260534308,NA,124683539
1994,Fall,GB,1,10593.328832117006,0.12114625991347348,10593.328832117006,13759,-1.004011374532667,-1.010011374532667,-0.9980113745326672,bodymass,0.00306122448979597,0.10991649484215278,Georges Bank,9.078356963518871,NA,14829618
1994,Fall,GoM,1,16228.351397034832,0.09922006857520468,16228.351397034832,20092,-0.9663821360236662,-0.9703821360236664,-0.9623821360236664,bodymass,0.00204081632653061,0.08725359674023056,Gulf of Maine,7.826515035710092,NA,99216852
1994,Fall,MAB,1,91379.90492248315,0.1548757726287886,91379.90492248315,58284,-1.2759565903804349,-1.278956590380435,-1.272956590380435,bodymass,0.00153061224489796,0.28828308871741454,Mid-Atlantic Bight,11.46377055581692,NA,572731588
1994,Fall,SNE,1,125364.2027361537,0.04477530764288502,125364.2027361537,29909,-1.2074040503012256,-1.2104040503012257,-1.2044040503012257,bodymass,0.00153061224489796,0.2273227537778971,Southern New England,10.159636135443224,NA,64729511
1994,Spring,GB,1,14707.288069312795,0.11958860989804572,14707.288069312795,16322,-0.9341643698147236,-0.9391643698147236,-0.9291643698147238,bodymass,0.00255102040816321,0.07473441872150309,Georges Bank,9.078356963518871,NA,14829618
1994,Spring,GoM,1,14312.562462338115,0.3857854553894314,14312.562462338115,13366,-0.9652268088349422,-0.971226808834942,-0.9592268088349418,bodymass,0.00306122448979597,0.08808113254821935,Gulf of Maine,7.826515035710092,NA,99216852
1994,Spring,MAB,1,12755.497702332865,0.10259749676006846,12755.497702332865,25028,-0.939548687136212,-0.9435486871362122,-0.9355486871362122,bodymass,0.00204081632653061,0.07841622732397892,Mid-Atlantic Bight,11.46377055581692,NA,572731588
1994,Spring,SNE,1,6841.705580272728,0.227428270542598,6841.705580272728,21521,-0.923281560267421,-0.928281560267421,-0.9182815602674212,bodymass,0.00255102040816321,0.07917942346226696,Southern New England,10.159636135443224,NA,64729511
1995,Fall,GB,1,9948.701830468395,0.02511243272327328,9948.701830468395,18882,-1.0045764821953962,-1.009576482195396,-0.9995764821953964,bodymass,0.00255102040816321,0.1109385883579748,Georges Bank,8.854677207874232,NA,932608
1995,Fall,GoM,1,19362.52205313396,0.1548757726287886,19362.52205313396,43061,-1.0805967310038884,-1.0835967310038883,-1.0775967310038883,bodymass,0.00153061224489796,0.14689213625189446,Gulf of Maine,8.421378495733617,NA,96331430
1995,Fall,MAB,1,135671.888791369,0.10259749676006846,135671.888791369,50431,-1.196188107464445,-1.1981881074644447,-1.1941881074644445,bodymass,0.00102040816326536,0.21760384800340488,Mid-Atlantic Bight,10.655590514799137,NA,751355573
1995,Fall,SNE,1,6375.459301042671,0.1548757726287886,6375.459301042671,22646,-1.2085733622915094,-1.213573362291509,-1.2035733622915092,bodymass,0.00255102040816321,0.24855962711646976,Southern New England,10.578382053692728,NA,29500423
1995,Spring,GB,1,14312.562462338115,0.08825890271680295,14312.562462338115,14038,-0.9646272095400894,-0.9706272095400894,-0.9586272095400892,bodymass,0.00306122448979597,0.08781474603304702,Georges Bank,8.854677207874232,NA,932608
1995,Spring,GoM,1,21027.245399745167,0.5327770689848076,21027.245399745167,16573,-1.0936781290285882,-1.0986781290285883,-1.0886781290285883,bodymass,0.00255102040816321,0.15448118934023353,Gulf of Maine,8.421378495733617,NA,96331430
1995,Spring,MAB,1,29693.65016393269,0.10259749676006846,29693.65016393269,9945,-0.9088210963530604,-0.9148210963530604,-0.90282109635306,bodymass,0.00306122448979597,0.05854251396426777,Mid-Atlantic Bight,10.655590514799137,NA,751355573
1995,Spring,SNE,1,6842.237744141651,0.5981079808461115,6842.237744141651,13310,-0.9200001810243226,-0.9260001810243226,-0.9140001810243223,bodymass,0.00306122448979597,0.0779102736369946,Southern New England,10.578382053692728,NA,29500423
1996,Fall,GB,1,9037.180578258223,0.12114625991347348,9037.180578258223,11812,-0.9370437477666256,-0.9430437477666256,-0.9310437477666254,bodymass,0.00306122448979597,0.081294462856649,Georges Bank,8.296399137675289,NA,65037667
1996,Fall,GoM,1,21253.368406458776,0.24909556679963837,21253.368406458776,20501,-0.973928875655256,-0.9779288756552558,-0.9699288756552558,bodymass,0.00204081632653061,0.08788677427352237,Gulf of Maine,8.144236464823706,NA,216349582
1996,Fall,MAB,1,17076.547234131507,0.02414338810073994,17076.547234131507,45609,-1.1856033799207428,-1.1886033799207427,-1.1826033799207427,bodymass,0.00153061224489796,0.22197436515415617,Mid-Atlantic Bight,8.761816338733235,NA,686730013
1996,Fall,SNE,1,49986.50058122153,0.04477530764288502,49986.50058122153,21476,-1.0683119408327624,-1.0723119408327624,-1.0643119408327624,bodymass,0.00204081632653061,0.13075125279897257,Southern New England,8.749011095293659,NA,151515507
1996,Spring,GB,1,11408.090377273553,0.3857854553894314,11408.090377273553,23612,-0.9090669861518812,-0.9130669861518812,-0.9050669861518812,bodymass,0.00204081632653061,0.0679372641772328,Georges Bank,8.296399137675289,NA,65037667
1996,Spring,GoM,1,10621.983197316762,0.3857854553894314,10621.983197316762,10840,-0.92191763935468,-0.92891763935468,-0.9149176393546798,bodymass,0.00357142857142857,0.0734952982553684,Gulf of Maine,8.144236464823706,NA,216349582
1996,Spring,MAB,1,12128.182164048876,0.2784992995500704,12128.182164048876,19613,-0.7646237234122446,-0.7696237234122445,-0.7596237234122447,bodymass,0.00255102040816321,0.02889489802726703,Mid-Atlantic Bight,8.761816338733235,NA,686730013
1996,Spring,SNE,1,8548.61035648475,0.37134895124436296,8548.61035648475,25779,-0.9352163402539933,-0.939216340253993,-0.931216340253993,bodymass,0.00204081632653061,0.08121080207789032,Southern New England,8.749011095293659,NA,151515507
1997,Fall,GB,1,13683.592704257164,0.10259749676006846,13683.592704257164,17709,-1.028190466178585,-1.033190466178585,-1.0231904661785851,bodymass,0.00255102040816321,0.11972362290818755,Georges Bank,7.986192258904362,NA,66174593
1997,Fall,GoM,1,20097.599973746102,0.265048474310724,20097.599973746102,20627,-0.9780627219520966,-0.9820627219520968,-0.9740627219520968,bodymass,0.00204081632653061,0.09035332949733278,Gulf of Maine,7.930992157984588,NA,212246569
1997,Fall,MAB,1,117987.05720776557,0.1830452139612061,117987.05720776557,6005,-1.205300676471626,-1.213300676471626,-1.197300676471626,bodymass,0.00408163265306122,0.22583811170921708,Mid-Atlantic Bight,10.176361906844958,NA,588979627
1997,Fall,SNE,1,7044.071786852887,0.04477530764288502,7044.071786852887,18420,-1.11738613841641,-1.12238613841641,-1.1123861384164102,bodymass,0.00255102040816321,0.1815556182091398,Southern New England,9.351229540669811,NA,170607552
1997,Spring,GB,1,8398.027706516858,0.4178808621621731,8398.027706516858,12946,-0.8075348815126401,-0.8145348815126401,-0.8005348815126401,bodymass,0.00357142857142857,0.04101957601888646,Georges Bank,7.986192258904362,NA,66174593
1997,Spring,GoM,1,13171.288254883188,0.3857854553894314,13171.288254883188,36992,-1.0110672894206074,-1.014067289420607,-1.008067289420607,bodymass,0.00153061224489796,0.1110512432247125,Gulf of Maine,7.930992157984588,NA,212246569
1997,Spring,MAB,1,6842.237744141651,0.02511243272327328,6842.237744141651,18096,-1.0390211053140634,-1.0440211053140631,-1.034021105314063,bodymass,0.00255102040816321,0.13386799040172415,Mid-Atlantic Bight,10.176361906844958,NA,588979627
1997,Spring,SNE,1,5661.320912519365,0.5640109368579932,5661.320912519365,23036,-0.8996076694903367,-0.9046076694903364,-0.8946076694903367,bodymass,0.00255102040816321,0.07269401231743787,Southern New England,9.351229540669811,NA,170607552
1998,Fall,GB,1,12084.901664778785,0.02511243272327328,12084.901664778785,22955,-1.029391453939083,-1.0333914539390832,-1.0253914539390832,bodymass,0.00204081632653061,0.12175777189812176,Georges Bank,8.0049978965058,NA,96628479
1998,Fall,GoM,1,8801.24133403362,0.1548757726287886,8801.24133403362,39996,-0.9784355626705048,-0.9814355626705048,-0.9754355626705048,bodymass,0.00153061224489796,0.09966957750048594,Gulf of Maine,7.795678037910138,NA,110951265
1998,Fall,MAB,1,138334.52211243767,0.1548757726287886,138334.52211243767,37998,-1.2532087395155562,-1.256208739515556,-1.2502087395155559,bodymass,0.00153061224489796,0.26651297123776185,Mid-Atlantic Bight,10.734140930344571,NA,624574215
1998,Fall,SNE,1,6228.439430003005,0.06007531511912517,6228.439430003005,16316,-0.9950105657615644,-1.0010105657615644,-0.9890105657615642,bodymass,0.00306122448979597,0.11198072793256338,Southern New England,9.745839612279443,NA,129003342
1998,Spring,GB,1,13544.630660073282,0.227428270542598,13544.630660073282,9803,-0.8443205451698892,-0.8513205451698893,-0.8373205451698893,bodymass,0.00357142857142857,0.04581829725264597,Georges Bank,8.0049978965058,NA,96628479
1998,Spring,GoM,1,20030.117670780863,1.0624182932762734,20030.117670780863,29700,-1.1058484200095668,-1.1098484200095666,-1.1018484200095666,bodymass,0.00204081632653061,0.1629661630882655,Gulf of Maine,7.795678037910138,NA,110951265
1998,Spring,MAB,1,6581.769764106598,0.44553939300000783,6581.769764106598,18030,-1.031474712136636,-1.036474712136636,-1.0264747121366362,bodymass,0.00255102040816321,0.13020125879347644,Mid-Atlantic Bight,10.734140930344571,NA,624574215
1998,Spring,SNE,1,7383.355454887532,0.7494190538229101,7383.355454887532,20004,-0.977412438893036,-0.9824124388930358,-0.972412438893036,bodymass,0.00255102040816321,0.10135611345438784,Southern New England,9.745839612279443,NA,129003342
1999,Fall,GB,1,11966.000243735183,0.04835555390003871,11966.000243735183,17824,-1.0359982534226806,-1.0409982534226805,-1.0309982534226805,bodymass,0.00255102040816321,0.12550946570477164,Georges Bank,8.012809531246614,NA,76491774
1999,Fall,GoM,1,12327.646250585389,0.1548757726287886,12327.646250585389,41813,-0.9928225314482176,-0.9958225314482176,-0.9898225314482176,bodymass,0.00153061224489796,0.10261332506543946,Gulf of Maine,6.752699152493881,NA,62178708
1999,Fall,MAB,1,110906.1908311642,0.10259749676006846,110906.1908311642,17380,-1.1686970914625636,-1.1726970914625636,-1.1646970914625636,bodymass,0.00204081632653061,0.1963663632067322,Mid-Atlantic Bight,10.995275865402895,NA,483065585
1999,Fall,SNE,1,12084.901664778785,0.14143983068389182,12084.901664778785,35061,-1.174093243217315,-1.1780932432173148,-1.1700932432173148,bodymass,0.00204081632653061,0.2161774860114693,Southern New England,10.5375302219513,NA,99128337
1999,Spring,GB,1,14412.151515804988,0.5327770689848076,14412.151515804988,17222,-0.9277860935498662,-0.9327860935498662,-0.9227860935498664,bodymass,0.00255102040816321,0.07245125146894421,Georges Bank,8.012809531246614,NA,76491774
1999,Spring,GoM,1,49027.787392648585,1.0317521988158551,49027.787392648585,15141,-1.056067883355427,-1.0610678833554266,-1.0510678833554268,bodymass,0.00255102040816321,0.12343745553235808,Gulf of Maine,6.752699152493881,NA,62178708
1999,Spring,MAB,1,13157.212242333835,0.2784992995500704,13157.212242333835,16250,-0.9632131063050444,-0.9682131063050444,-0.9582131063050444,bodymass,0.00255102040816321,0.08810668842140484,Mid-Atlantic Bight,10.995275865402895,NA,483065585
1999,Spring,SNE,1,6842.237744141651,0.10259749676006846,6842.237744141651,37325,-0.9622676741140168,-0.9652676741140168,-0.9592676741140168,bodymass,0.00153061224489796,0.09541875791642523,Southern New England,10.5375302219513,NA,99128337
2000,Fall,GB,1,12414.059729595714,0.1097870419143184,12414.059729595714,13688,-0.9818800303635556,-0.9878800303635557,-0.9758800303635552,bodymass,0.00306122448979597,0.09728076794101316,Georges Bank,9.78630914703224,NA,75285194
2000,Fall,GoM,1,32889.421143969324,0.3735691319226485,32889.421143969324,32276,-1.0000842620078738,-1.0030842620078737,-0.9970842620078736,bodymass,0.00153061224489796,0.09618760442589278,Gulf of Maine,8.427753861475798,NA,51591865
2000,Fall,MAB,1,130449.93144195284,0.02414338810073994,130449.93144195284,24969,-1.220172739091199,-1.2241727390911987,-1.2161727390911987,bodymass,0.00204081632653061,0.23796502930116345,Mid-Atlantic Bight,12.99261127741991,NA,446289148
2000,Fall,SNE,1,5742.728676918521,0.04477530764288502,5742.728676918521,27061,-1.0798444341715814,-1.0838444341715814,-1.0758444341715814,bodymass,0.00204081632653061,0.16001539718241203,Southern New England,12.202781338392544,NA,101639935
2000,Spring,GB,1,14154.01636406306,0.30976435376605593,14154.01636406306,23332,-0.9995754895081084,-1.0035754895081084,-0.9955754895081084,bodymass,0.00204081632653061,0.10441498277878766,Georges Bank,9.78630914703224,NA,75285194
2000,Spring,GoM,1,13793.25176343917,1.0547470274609427,13793.25176343917,35635,-1.0234327656439743,-1.0264327656439745,-1.0204327656439744,bodymass,0.00153061224489796,0.11706267742502877,Gulf of Maine,8.427753861475798,NA,51591865
2000,Spring,MAB,1,20024.03502241317,0.10259749676006846,20024.03502241317,14867,-0.9393923351686618,-0.9443923351686618,-0.934392335168662,bodymass,0.00255102040816321,0.07367229736351387,Mid-Atlantic Bight,12.99261127741991,NA,446289148
2000,Spring,SNE,1,8890.986356695474,0.12127264015183566,8890.986356695474,12617,-1.0253199465817544,-1.0313199465817544,-1.0193199465817542,bodymass,0.00306122448979597,0.12312253304331287,Southern New England,12.202781338392544,NA,101639935
2001,Fall,GB,1,13793.25176343917,0.12114625991347348,13793.25176343917,17739,-0.967171961452938,-0.972171961452938,-0.9621719614529384,bodymass,0.00255102040816321,0.08935111412633749,Georges Bank,8.148858550233433,NA,87003817
2001,Fall,GoM,1,27075.177642963394,0.1548757726287886,27075.177642963394,24927,-0.96536572083324,-0.96936572083324,-0.96136572083324,bodymass,0.00204081632653061,0.08167898446197042,Gulf of Maine,8.020425956128006,NA,47084145
2001,Fall,MAB,1,95501.89471925804,0.14143983068389182,95501.89471925804,12156,-1.1575935595580216,-1.1625935595580217,-1.1525935595580217,bodymass,0.00255102040816321,0.1885378675401988,Mid-Atlantic Bight,10.904898793718456,NA,565070811
2001,Fall,SNE,1,95501.89471925804,0.04477530764288502,95501.89471925804,19412,-1.122701940916447,-1.1267019409164472,-1.1187019409164471,bodymass,0.00204081632653061,0.16249203195997977,Southern New England,9.06974587092479,NA,105223362
2001,Spring,GB,1,10430.538043671728,0.3857854553894314,10430.538043671728,21942,-0.9370379873432808,-0.941037987343281,-0.933037987343281,bodymass,0.00204081632653061,0.07963739416832755,Georges Bank,8.148858550233433,NA,87003817
2001,Spring,GoM,1,15935.321747324617,0.18405706707982925,15935.321747324617,28110,-0.9985139477872872,-1.0025139477872873,-0.9945139477872872,bodymass,0.00204081632653061,0.1026041118455598,Gulf of Maine,8.020425956128006,NA,47084145
2001,Spring,MAB,1,7938.683690383154,0.10259749676006846,7938.683690383154,18837,-0.8840926876916845,-0.8890926876916843,-0.8790926876916845,bodymass,0.00255102040816321,0.0632870776167156,Mid-Atlantic Bight,10.904898793718456,NA,565070811
2001,Spring,SNE,1,9187.713673190014,0.4178808621621731,9187.713673190014,21785,-0.9843164359638216,-0.9893164359638216,-0.9793164359638218,bodymass,0.00255102040816321,0.1019267765068704,Southern New England,9.06974587092479,NA,105223362
2002,Fall,GB,1,14895.164907769751,0.02511243272327328,14895.164907769751,20157,-0.8807000354737494,-0.8857000354737492,-0.8757000354737494,bodymass,0.00255102040816321,0.0555757521759531,Georges Bank,9.282579963067445,NA,77171856
2002,Fall,GoM,1,18092.69299746476,0.1548757726287886,18092.69299746476,42082,-0.9630065254354508,-0.9660065254354506,-0.9600065254354506,bodymass,0.00153061224489796,0.08462566193640204,Gulf of Maine,7.68403359348491,NA,46678647
2002,Fall,MAB,1,93425.68935443416,0.14143983068389182,93425.68935443416,35842,-1.224337355660872,-1.2273373556608715,-1.2213373556608715,bodymass,0.00153061224489796,0.2429800811239605,Mid-Atlantic Bight,13.170991789556185,NA,422833318
2002,Fall,SNE,1,5164.4888269271,0.14143983068389182,5164.4888269271,14391,-1.081281198282352,-1.087281198282352,-1.0752811982823518,bodymass,0.00306122448979597,0.16227519422745745,Southern New England,11.716135379141638,NA,96710733
2002,Spring,GB,1,14521.298792536803,0.34967652272968747,14521.298792536803,19528,-0.9307661292786268,-0.9357661292786266,-0.9257661292786268,bodymass,0.00255102040816321,0.0735306983644741,Georges Bank,9.282579963067445,NA,77171856
2002,Spring,GoM,1,18851.654649308508,0.259207492206367,18851.654649308508,27866,-0.9760166221566376,-0.9800166221566378,-0.9720166221566378,bodymass,0.00204081632653061,0.0900607964206901,Gulf of Maine,7.68403359348491,NA,46678647
2002,Spring,MAB,1,7190.8545341507,0.10259749676006846,7190.8545341507,15013,-0.963354708958541,-0.969354708958541,-0.9573547089585408,bodymass,0.00306122448979597,0.09527484149877471,Mid-Atlantic Bight,13.170991789556185,NA,422833318
2002,Spring,SNE,1,20445.64467744209,0.2960716094033669,20445.64467744209,30452,-1.0384773085203325,-1.0414773085203322,-1.0354773085203322,bodymass,0.00153061224489796,0.12121058862554308,Southern New England,11.716135379141638,NA,96710733
2003,Fall,GB,1,11761.869454429365,0.04477530764288502,11761.869454429365,36978,-1.1273817738224543,-1.1303817738224542,-1.1243817738224542,bodymass,0.00153061224489796,0.18276688129637905,Georges Bank,8.85891158456092,NA,99492870
2003,Fall,GoM,1,23380.390768237135,0.265048474310724,23380.390768237135,41220,-0.9908941353791304,-0.9938941353791304,-0.9878941353791304,bodymass,0.00153061224489796,0.09492357535141288,Gulf of Maine,8.197342406289053,NA,50683689
2003,Fall,MAB,1,95501.89471925804,0.04835555390003871,95501.89471925804,34281,-1.1916733923187055,-1.1946733923187056,-1.1886733923187056,bodymass,0.00153061224489796,0.215614371768048,Mid-Atlantic Bight,10.671219283078624,NA,431035590
2003,Fall,SNE,1,5809.315148078213,0.04477530764288502,5809.315148078213,23575,-1.1655422695925552,-1.1705422695925551,-1.1605422695925554,bodymass,0.00255102040816321,0.21729416794866316,Southern New England,10.726971626281738,NA,110779078
2003,Spring,GB,1,10117.6747658145,0.3163249227451163,10117.6747658145,7588,-0.8179962558071018,-0.8269962558071016,-0.8089962558071018,bodymass,0.00459183673469382,0.04177058741151849,Georges Bank,8.85891158456092,NA,99492870
2003,Spring,GoM,1,19543.715162647062,0.3857854553894314,19543.715162647062,20758,-1.0547472477413902,-1.05874724774139,-1.05074724774139,bodymass,0.00204081632653061,0.1310399041219648,Gulf of Maine,8.197342406289053,NA,50683689
2003,Spring,MAB,1,71404.15821271448,0.10259749676006846,71404.15821271448,40485,-1.106703246557082,-1.1097032465570815,-1.1037032465570815,bodymass,0.00153061224489796,0.15318894637184424,Mid-Atlantic Bight,10.671219283078624,NA,431035590
2003,Spring,SNE,1,10828.88082352875,0.7494190538229101,10828.88082352875,19424,-0.8875883923766391,-0.8925883923766391,-0.8825883923766393,bodymass,0.00255102040816321,0.06104645856253513,Southern New England,10.726971626281738,NA,110779078
2004,Fall,GB,1,13793.25176343917,0.01654709500412145,13793.25176343917,24539,-0.9314211418215044,-0.9354211418215042,-0.927421141821504,bodymass,0.00204081632653061,0.07433050055917242,Georges Bank,8.454760333815392,NA,29790477
2004,Fall,GoM,1,18580.530273685425,0.4721723133863658,18580.530273685425,21209,-0.9254574302327908,-0.9294574302327904,-0.9214574302327904,bodymass,0.00204081632653061,0.06897096418598805,Gulf of Maine,7.893397815752838,NA,16709740
2004,Fall,MAB,1,173060.96626139086,0.02511243272327328,173060.96626139086,22647,-1.215357062965985,-1.2193570629659845,-1.2113570629659844,bodymass,0.00204081632653061,0.23268234242611077,Mid-Atlantic Bight,11.448259723291988,NA,453571681
2004,Fall,SNE,1,13438.93928177621,0.1548757726287886,13438.93928177621,13122,-1.029557100798948,-1.035557100798948,-1.0235571007989477,bodymass,0.00306122448979597,0.12066738469412294,Southern New England,10.645717326565986,NA,69732936
2004,Spring,GB,1,12201.420323913444,0.3857854553894314,12201.420323913444,15583,-0.9403977570700552,-0.9453977570700554,-0.9353977570700556,bodymass,0.00255102040816321,0.07924762107340168,Georges Bank,8.454760333815392,NA,29790477
2004,Spring,GoM,1,24277.070529365377,1.0317521988158551,24277.070529365377,24940,-1.0436824607008577,-1.0476824607008577,-1.0396824607008577,bodymass,0.00204081632653061,0.12247814726105152,Gulf of Maine,7.893397815752838,NA,16709740
2004,Spring,MAB,1,8874.465603268913,0.1835639696746532,8874.465603268913,82596,-1.125442432240785,-1.127442432240785,-1.1234424322407848,bodymass,0.00102040816326536,0.18439137911894013,Mid-Atlantic Bight,11.448259723291988,NA,453571681
2004,Spring,SNE,1,7249.209838569195,0.3163249227451163,7249.209838569195,14248,-1.0236516502753157,-1.0296516502753157,-1.0176516502753152,bodymass,0.00306122448979597,0.1247429317227642,Southern New England,10.645717326565986,NA,69732936
2005,Fall,GB,1,16056.92619618659,0.06007531511912517,16056.92619618659,20037,-0.8937070695800138,-0.8987070695800137,-0.8887070695800139,bodymass,0.00255102040816321,0.05907825467466793,Georges Bank,7.902021440575504,NA,15957365
2005,Fall,GoM,1,25150.7118171556,0.24909556679963837,25150.7118171556,22890,-0.9050276093162628,-0.9090276093162628,-0.9010276093162628,bodymass,0.00204081632653061,0.05870589789753666,Gulf of Maine,6.475676816196765,NA,22063270
2005,Fall,MAB,1,135671.888791369,0.1548757726287886,135671.888791369,22507,-1.2379912422544015,-1.2419912422544015,-1.2339912422544017,bodymass,0.00204081632653061,0.2531956161783689,Mid-Atlantic Bight,10.063250480921925,NA,98587323
2005,Fall,SNE,1,5849.150952542525,0.04835555390003871,5849.150952542525,20077,-1.0871359076056415,-1.0921359076056412,-1.0821359076056414,bodymass,0.00255102040816321,0.1642910417542578,Southern New England,9.670652870026808,NA,7970493
2005,Spring,GB,1,12445.5101924181,0.06291893637690142,12445.5101924181,10606,-0.9021406274549236,-0.9091406274549236,-0.8951406274549236,bodymass,0.00357142857142857,0.06454493560834924,Georges Bank,7.902021440575504,NA,15957365
2005,Spring,GoM,1,21829.58213677949,0.5327770689848076,21829.58213677949,14117,-0.97608178764357,-0.98108178764357,-0.9710817876435702,bodymass,0.00255102040816321,0.08860661474628075,Gulf of Maine,6.475676816196765,NA,22063270
2005,Spring,MAB,1,7004.714119346985,0.8863226379115952,7004.714119346985,29158,-0.8152843513470414,-0.8192843513470414,-0.8112843513470414,bodymass,0.00204081632653061,0.04470149953347917,Mid-Atlantic Bight,10.063250480921925,NA,98587323
2005,Spring,SNE,1,8317.678607482125,0.7494190538229101,8317.678607482125,11561,-1.011250368730538,-1.017250368730538,-1.005250368730538,bodymass,0.00306122448979597,0.11650972010021844,Southern New England,9.670652870026808,NA,7970493
2006,Fall,GB,1,14154.01636406306,0.03949442537340164,14154.01636406306,26277,-0.9744517869262562,-0.9784517869262565,-0.9704517869262564,bodymass,0.00204081632653061,0.09237234312751572,Georges Bank,8.566480712920852,NA,10065656
2006,Fall,GoM,1,22809.668372734308,0.1548757726287886,22809.668372734308,37881,-0.92708962855654,-0.9300896285565396,-0.9240896285565396,bodymass,0.00153061224489796,0.06760288370545482,Gulf of Maine,7.610001467850249,NA,13187691
2006,Fall,MAB,1,101915.3065776182,0.02511243272327328,101915.3065776182,17273,-1.1437871353545164,-1.1477871353545166,-1.1397871353545166,bodymass,0.00204081632653061,0.17762314660201078,Mid-Atlantic Bight,10.579670134687843,NA,416587799
2006,Fall,SNE,1,9881.6129639136,0.1548757726287886,9881.6129639136,34842,-1.1336766459017606,-1.1376766459017609,-1.1296766459017609,bodymass,0.00204081632653061,0.18891689214419297,Southern New England,11.641609017888657,NA,21245890
2006,Spring,GB,1,16865.56624560445,0.5030669608807974,16865.56624560445,9608,-0.8772141429104126,-0.8842141429104127,-0.8702141429104127,bodymass,0.00357142857142857,0.05329671501680017,Georges Bank,8.566480712920852,NA,10065656
2006,Spring,GoM,1,18138.000880451254,0.2103228749702038,18138.000880451254,11080,-0.9767859434171416,-0.9827859434171418,-0.9707859434171416,bodymass,0.00306122448979597,0.09081377585105732,Gulf of Maine,7.610001467850249,NA,13187691
2006,Spring,MAB,1,6842.237744141651,0.2784992995500704,6842.237744141651,31931,-0.8761926987060255,-0.8801926987060256,-0.8721926987060256,bodymass,0.00204081632653061,0.06239710050222855,Mid-Atlantic Bight,10.579670134687843,NA,416587799
2006,Spring,SNE,1,18898.4222154685,0.5327770689848076,18898.4222154685,21168,-1.0487917646216869,-1.0527917646216864,-1.0447917646216864,bodymass,0.00204081632653061,0.12789737326234246,Southern New England,11.641609017888657,NA,21245890
2007,Fall,GB,1,16741.86896811501,0.04835555390003871,16741.86896811501,24566,-0.8988800743156309,-0.9028800743156312,-0.8948800743156311,bodymass,0.00204081632653061,0.06041742586474317,Georges Bank,9.630886931049089,NA,5983687
2007,Fall,GoM,1,67478.95776965658,0.1548757726287886,67478.95776965658,31652,-1.0020548312171362,-1.005054831217136,-0.999054831217136,bodymass,0.00153061224489796,0.09096285441179731,Gulf of Maine,8.204533846095456,NA,4121953
2007,Fall,MAB,1,64990.75709048082,0.10259749676006846,64990.75709048082,8077,-1.183827908735851,-1.1908279087358509,-1.1768279087358509,bodymass,0.00357142857142857,0.21139261487451955,Mid-Atlantic Bight,12.473151345379584,NA,85699080
2007,Fall,SNE,1,11861.395839602656,0.14143983068389182,11861.395839602656,7170,-0.998151167318276,-1.006151167318276,-0.990151167318276,bodymass,0.00408163265306122,0.1056761954296928,Southern New England,12.003823746181784,NA,2444368
2007,Spring,GB,1,16457.788619329473,1.0757262786880752,16457.788619329473,19162,-0.8899769469865403,-0.8949769469865401,-0.8849769469865403,bodymass,0.00255102040816321,0.05760266735319047,Georges Bank,9.630886931049089,NA,5983687
2007,Spring,GoM,1,12753.00871455139,0.2103228749702038,12753.00871455139,21129,-0.9869816796710827,-0.9909816796710832,-0.9829816796710832,bodymass,0.00204081632653061,0.0994049946954256,Gulf of Maine,8.204533846095456,NA,4121953
2007,Spring,MAB,1,6327.919670609321,0.44553939300000783,6327.919670609321,23107,-0.761120060644132,-0.7661200606441319,-0.7561200606441321,bodymass,0.00255102040816321,0.03368397803371888,Mid-Atlantic Bight,12.473151345379584,NA,85699080
2007,Spring,SNE,1,8317.678607482125,0.2784992995500704,8317.678607482125,25607,-1.042480971985086,-1.046480971985086,-1.038480971985086,bodymass,0.00204081632653061,0.1333839252691679,Southern New England,12.003823746181784,NA,2444368
2008,Fall,GB,1,13438.93928177621,0.02511243272327328,13438.93928177621,15410,-0.8581958016718061,-0.8641958016718061,-0.8521958016718059,bodymass,0.00306122448979597,0.04976224235515892,Georges Bank,8.053490061389663,NA,2814592
2008,Fall,GoM,1,20621.425127474493,0.33433487961593183,20621.425127474493,32108,-0.95272316407701,-0.95572316407701,-0.94972316407701,bodymass,0.00153061224489796,0.07886863587407662,Gulf of Maine,7.126769552392474,NA,2015977
2008,Fall,MAB,1,33158.72563233707,0.02511243272327328,33158.72563233707,32943,-1.1801564306729315,-1.1831564306729316,-1.1771564306729316,bodymass,0.00153061224489796,0.2127786301346833,Mid-Atlantic Bight,10.461364241405926,NA,66071110
2008,Fall,SNE,1,58020.14852344247,0.1548757726287886,58020.14852344247,17075,-1.160411586564776,-1.165411586564776,-1.1554115865647765,bodymass,0.00255102040816321,0.19376516763117935,Southern New England,9.567150570213718,NA,20669953
2008,Spring,GB,1,7770.651337682637,0.5030669608807974,7770.651337682637,11118,-0.7813609985211427,-0.7883609985211424,-0.7743609985211424,bodymass,0.00357142857142857,0.03590521268654136,Georges Bank,8.053490061389663,NA,2814592
2008,Spring,GoM,1,16457.788619329473,0.22088083074007553,16457.788619329473,18585,-0.94183358690210806,-0.946833586902108,-0.9368335869021084,bodymass,0.00255102040816321,0.07664157539273904,Gulf of Maine,7.126769552392474,NA,2015977
2008,Spring,MAB,1,6303.900549241653,0.10259749676006846,6303.900549241653,26709,-0.912474718486166,-0.916474718486166,-0.908474718486166,bodymass,0.00204081632653061,0.07606851984844457,Mid-Atlantic Bight,10.461364241405926,NA,66071110
2008,Spring,SNE,1,9497.76693752568,0.3163249227451163,9497.76693752568,22835,-0.9561682591036748,-0.9601682591036748,-0.9521682591036748,bodymass,0.00204081632653061,0.08873101463219453,Southern New England,9.567150570213718,NA,20669953
2009,Fall,GB,1,15275.68071786731,0.6327978382946629,15275.68071786731,32193,-0.9907228277184632,-0.9937228277184628,-0.9877228277184628,bodymass,0.00153061224489796,0.09922935952593376,Georges Bank,8.794136083636156,NA,2300
2009,Fall,GoM,1,15347.204118754207,0.5086850416679954,15347.204118754207,39848,-1.016841454783879,-1.0198414547838792,-1.0138414547838792,bodymass,0.00153061224489796,0.112397003103652,Gulf of Maine,7.081327646061525,NA,3011286
2009,Fall,MAB,1,89364.31446175581,0.2784992995500704,89364.31446175581,93156,-1.2184867551091283,-1.2204867551091283,-1.2164867551091283,bodymass,0.00102040816326536,0.238220789229616,Mid-Atlantic Bight,11.997552670841724,NA,65995660
2009,Fall,SNE,1,16741.86896811501,0.3735691319226485,16741.86896811501,34872,-1.116851828272888,-1.119851828272888,-1.113851828272888,bodymass,0.00153061224489796,0.17208196982436327,Southern New England,12.118012060734436,NA,4684950
2009,Spring,GB,1,18567.165786366775,0.2103228749702038,18567.165786366775,15335,-0.9237073454570284,-0.9287073454570284,-0.9187073454570288,bodymass,0.00255102040816321,0.06831538012608526,Georges Bank,8.794136083636156,NA,2300
2009,Spring,GoM,1,15057.791599892826,1.1857738200557766,15057.791599892826,30929,-1.0596417735187569,-1.0636417735187569,-1.0556417735187569,bodymass,0.00204081632653061,0.13661077922788145,Gulf of Maine,7.081327646061525,NA,3011286
2009,Spring,MAB,1,18158.08233136836,0.10259749676006846,18158.08233136836,32351,-0.9423380475291016,-0.9453380475291012,-0.9393380475291012,bodymass,0.00153061224489796,0.07584121382028822,Mid-Atlantic Bight,11.997552670841724,NA,65995660
2009,Spring,SNE,1,12361.947876980392,0.5030669608807974,12361.947876980392,71432,-1.039684902523727,-1.0416849025237271,-1.037684902523727,bodymass,0.00102040816326536,0.12720649834395636,Southern New England,12.118012060734436,NA,4684950
2010,Fall,GB,1,16457.788619329473,0.2784992995500704,16457.788619329473,36728,-1.0280093411248297,-1.0310093411248296,-1.0250093411248296,bodymass,0.00153061224489796,0.11764055459512604,Georges Bank,9.85012920307093,NA,657494
2010,Fall,GoM,1,23960.748469815637,0.5086850416679954,23960.748469815637,43983,-1.0202983652554585,-1.023298365255458,-1.017298365255458,bodymass,0.00153061224489796,0.10966048712553574,Gulf of Maine,7.3836129576472915,NA,2674587
2010,Fall,MAB,1,79731.33067709455,0.1548757726287886,79731.33067709455,29281,-1.1803049059855182,-1.183304905985518,-1.177304905985518,bodymass,0.00153061224489796,0.20740935495847007,Mid-Atlantic Bight,11.845048754194142,NA,56061528
2010,Fall,SNE,1,28974.675452319803,0.02511243272327328,28974.675452319803,36976,-1.1064008594828814,-1.109400859482881,-1.103400859482881,bodymass,0.00153061224489796,0.16003705012016103,Southern New England,11.733599435046754,NA,5619863
2010,Spring,GB,1,14521.298792536803,1.8953706669767365,14521.298792536803,14688,-0.9785828310518327,-0.9835828310518328,-0.9735828310518332,bodymass,0.00255102040816321,0.09400488705173744,Georges Bank,9.85012920307093,NA,657494
2010,Spring,GoM,1,23621.79913803243,0.7780746034195162,23621.79913803243,45603,-1.1306195524793994,-1.1336195524793993,-1.1276195524793993,bodymass,0.00153061224489796,0.17853615151934712,Gulf of Maine,7.3836129576472915,NA,2674587
2010,Spring,MAB,1,9538.732228714056,0.2784992995500704,9538.732228714056,104099,-0.9640621244654798,-0.96606212446548,-0.9620621244654796,bodymass,0.00102040816326536,0.092148671288845,Mid-Atlantic Bight,11.845048754194142,NA,56061528
2010,Spring,SNE,1,79756.97045310438,0.7494190538229101,79756.97045310438,56330,-1.1513485298594452,-1.1533485298594452,-1.149348529859445,bodymass,0.00102040816326536,0.1848387068515686,Southern New England,11.733599435046754,NA,5619863
2011,Fall,GB,1,15662.91237931715,0.2784992995500704,15662.91237931715,42113,-0.9811019252452318,-0.9841019252452315,-0.9781019252452317,bodymass,0.00153061224489796,0.0943681106312946,Georges Bank,9.390143681630468,NA,NA
2011,Fall,GoM,1,14772.59279538599,0.24909556679963837,14772.59279538599,48798,-0.9975506988831688,-1.0005506988831685,-0.9945506988831684,bodymass,0.00153061224489796,0.10294107692066262,Gulf of Maine,8.459004984467716,NA,3579719
2011,Fall,MAB,1,85422.80779287241,0.3735691319226485,85422.80779287241,135211,-1.219178868447289,-1.220178868447289,-1.2181788684472892,bodymass,5.102040816325968e-4,0.23901855677577585,Mid-Atlantic Bight,9.306757583449372,NA,55069291
2011,Fall,SNE,1,7279.339328070608,0.39121278142220733,7279.339328070608,38837,-1.110180876719799,-1.1131808767197986,-1.1071808767197986,bodymass,0.00153061224489796,0.17639669863423538,Southern New England,9.05500598936777,NA,5475353
2011,Spring,GB,1,13091.013361041223,1.0757262786880752,13091.013361041223,30794,-1.0208371674977526,-1.0248371674977528,-1.0168371674977528,bodymass,0.00204081632653061,0.11625013626612728,Georges Bank,9.390143681630468,NA,NA
2011,Spring,GoM,1,14154.01636406306,0.5327770689848076,14154.01636406306,31532,-1.0030056773183764,-1.0070056773183764,-0.9990056773183764,bodymass,0.00204081632653061,0.10613712852425182,Gulf of Maine,8.459004984467716,NA,3579719
2011,Spring,MAB,1,12979.766787286277,0.3163249227451163,12979.766787286277,61614,-0.9562870826635133,-0.958287082663513,-0.9542870826635128,bodymass,0.00102040816326536,0.08523122028377668,Mid-Atlantic Bight,9.306757583449372,NA,55069291
2011,Spring,SNE,1,14154.01636406306,0.5981079808461115,14154.01636406306,58921,-1.055862148067361,-1.0578621480673605,-1.0538621480673602,bodymass,0.00102040816326536,0.1350319169068443,Southern New England,9.05500598936777,NA,5475353
2012,Fall,GB,1,20445.64467744209,0.164275507653426,20445.64467744209,67187,-0.936367317547898,-0.938367317547898,-0.9343673175478976,bodymass,0.00102040816326536,0.07226107373894664,Georges Bank,10.027537684433057,NA,6437
2012,Fall,GoM,1,84193.55569491685,0.1830452139612061,84193.55569491685,75267,-1.0539519203879226,-1.0559519203879228,-1.0519519203879226,bodymass,0.00102040816326536,0.11788650240945202,Gulf of Maine,8.605874793004181,NA,2593605
2012,Fall,MAB,1,110906.1908311642,0,110906.1908311642,27713,-1.1506626497040633,-1.1536626497040634,-1.1476626497040634,bodymass,0.00153061224489796,0.18234412247328977,Mid-Atlantic Bight,13.46212485490647,NA,70441540
2012,Fall,SNE,1,10845.64151499612,0.2784992995500704,10845.64151499612,18988,-1.0191035347407578,-1.0241035347407577,-1.014103534740758,bodymass,0.00255102040816321,0.11745922729787656,Southern New England,13.464490020473544,NA,5487127
2012,Spring,GB,1,102074.17439194131,0.5030669608807974,102074.17439194131,39631,-1.0894224617749937,-1.0924224617749936,-1.0864224617749936,bodymass,0.00153061224489796,0.13896811846937843,Georges Bank,10.027537684433057,NA,6437
2012,Spring,GoM,1,14412.151515804988,0.30976435376605593,14412.151515804988,56648,-1.0725206823777875,-1.075520682377788,-1.069520682377788,bodymass,0.00153061224489796,0.14485341972331406,Gulf of Maine,8.605874793004181,NA,2593605
2012,Spring,MAB,1,9881.6129639136,0.2784992995500704,9881.6129639136,44329,-0.8412531383704402,-0.8442531383704404,-0.8382531383704404,bodymass,0.00153061224489796,0.04800450655583587,Mid-Atlantic Bight,13.46212485490647,NA,70441540
2012,Spring,SNE,1,18898.4222154685,0.2960716094033669,18898.4222154685,67796,-1.018322492372175,-1.020322492372175,-1.0163224923721748,bodymass,0.00102040816326536,0.11099206094621172,Southern New England,13.464490020473544,NA,5487127
2013,Fall,GB,1,17439.368484171795,0.10259749676006846,17439.368484171795,148515,-1.1065984508866138,-1.1075984508866137,-1.105598450886614,bodymass,5.102040816325968e-4,0.16477557069444654,Georges Bank,10.56327811360548,NA,40077
2013,Fall,GoM,1,13438.93928177621,0.24909556679963837,13438.93928177621,60298,-0.9636199847256705,-0.9656199847256705,-0.96161998472567,bodymass,0.00102040816326536,0.08805403088371022,Gulf of Maine,8.97906823885643,NA,1255988
2013,Fall,MAB,1,17696.118110327185,0.164275507653426,17696.118110327185,18392,-1.255678159428067,-1.2606781594280667,-1.250678159428067,bodymass,0.00255102040816321,0.2785220431983778,Mid-Atlantic Bight,10.973897593844251,NA,37031620
2013,Fall,SNE,1,6057.742980913018,0.1548757726287886,6057.742980913018,54602,-1.1593102046626749,-1.1623102046626748,-1.1563102046626748,bodymass,0.00153061224489796,0.21233204994904883,Southern New England,11.236614973993827,NA,6257916
2013,Spring,GB,1,12084.901664778785,1.0317521988158551,12084.901664778785,31505,-0.9477732604897934,-0.9517732604897936,-0.9437732604897936,bodymass,0.00204081632653061,0.08240091364484911,Georges Bank,10.56327811360548,NA,40077
2013,Spring,GoM,1,17280.32581710188,0.5640109368579932,17280.32581710188,41935,-1.0451125127761265,-1.0481125127761264,-1.0421125127761264,bodymass,0.00153061224489796,0.12669284695240943,Gulf of Maine,8.97906823885643,NA,1255988
2013,Spring,MAB,1,35597.345043896035,0.2784992995500704,35597.345043896035,38081,-0.962868487792506,-0.965868487792506,-0.959868487792506,bodymass,0.00153061224489796,0.07805493404519481,Mid-Atlantic Bight,10.973897593844251,NA,37031620
2013,Spring,SNE,1,7770.651337682637,0.5981079808461115,7770.651337682637,55234,-0.8808058866748806,-0.8838058866748806,-0.8778058866748806,bodymass,0.00153061224489796,0.06244326472687916,Southern New England,11.236614973993827,NA,6257916
2014,Fall,GB,1,22628.047047981367,0,22628.047047981367,73097,-1.00402855967063,-1.0060285596706298,-1.0020285596706295,bodymass,0.00102040816326536,0.10175911006833832,Georges Bank,9.343141021516924,NA,211876
2014,Fall,GoM,1,18710.17567784214,0.3735691319226485,18710.17567784214,64731,-0.989122411478904,-0.991122411478904,-0.9871224114789036,bodymass,0.00102040816326536,0.09631702029741045,Gulf of Maine,9.150568721253991,NA,1669306
2014,Fall,MAB,1,182570.35406508503,0.04835555390003871,182570.35406508503,16203,-1.1660459733682786,-1.1700459733682789,-1.1620459733682789,bodymass,0.00204081632653061,0.1916882229394086,Mid-Atlantic Bight,12.972368633641606,NA,45652752
2014,Fall,SNE,1,83496.4378477243,0.1548757726287886,83496.4378477243,26987,-1.1971409354594496,-1.2011409354594496,-1.1931409354594495,bodymass,0.00204081632653061,0.2207840979337944,Southern New England,11.493494091204887,NA,5502584
2014,Spring,GB,1,16457.788619329473,1.8953706669767365,16457.788619329473,138814,-1.033436995755847,-1.0344369957558466,-1.0324369957558468,bodymass,5.102040816325968e-4,0.12062340264449142,Georges Bank,9.343141021516924,NA,211876
2014,Spring,GoM,1,16457.788619329473,1.0317521988158551,16457.788619329473,39121,-1.0507626625628346,-1.0537626625628345,-1.0477626625628345,bodymass,0.00153061224489796,0.1304596788106714,Gulf of Maine,9.150568721253991,NA,1669306
2014,Spring,MAB,1,4334.661157859791,0.2784992995500704,4334.661157859791,15345,-0.8234106419437878,-0.8294106419437879,-0.8174106419437877,bodymass,0.00306122448979597,0.05212496663041234,Mid-Atlantic Bight,12.972368633641606,NA,45652752
2014,Spring,SNE,1,12749.408594904036,0.7494190538229101,12749.408594904036,72460,-1.0684528588498736,-1.0704528588498736,-1.0664528588498734,bodymass,0.00102040816326536,0.14367608496974835,Southern New England,11.493494091204887,NA,5502584
2015,Fall,GB,1,13438.93928177621,0.10259749676006846,13438.93928177621,53002,-0.9312154514729204,-0.9342154514729202,-0.9282154514729202,bodymass,0.00153061224489796,0.07452693816636544,Georges Bank,11.922310336456055,NA,11869
2015,Fall,GoM,1,41198.3647856146,0.3735691319226485,41198.3647856146,60839,-1.0209132442996505,-1.0229132442996505,-1.0189132442996502,bodymass,0.00102040816326536,0.10495102225093823,Gulf of Maine,9.307692442101947,NA,1679206
2015,Fall,MAB,1,176192.98433818508,0.4178808621621731,176192.98433818508,45607,-1.1947787129041831,-1.1967787129041831,-1.192778712904183,bodymass,0.00102040816326536,0.21524953647010153,Mid-Atlantic Bight,11.345508578815291,NA,360987821
2015,Fall,SNE,1,93425.68935443416,0.7395606049587955,93425.68935443416,58271,-1.2496991121513874,-1.2516991121513874,-1.2476991121513872,bodymass,0.00102040816326536,0.26490341576629717,Southern New England,12.68743705505293,NA,2224431
2015,Spring,GB,1,23030.770341309355,0.6183707934231416,23030.770341309355,86153,-0.998650597164431,-1.0006505971644313,-0.996650597164431,bodymass,0.00102040816326536,0.09888293745910672,Georges Bank,11.922310336456055,NA,11869
2015,Spring,GoM,1,27596.3098699027,0.5981079808461115,27596.3098699027,55016,-1.0070504081041585,-1.0090504081041585,-1.0050504081041582,bodymass,0.00102040816326536,0.10136288588320154,Gulf of Maine,9.307692442101947,NA,1679206
2015,Spring,MAB,1,9666.745266183812,0.10259749676006846,9666.745266183812,39282,-0.936434229668308,-0.939434229668308,-0.933434229668308,bodymass,0.00153061224489796,0.08026424133173908,Mid-Atlantic Bight,11.345508578815291,NA,360987821
2015,Spring,SNE,1,22939.170247030812,0.2784992995500704,22939.170247030812,33154,-1.053561547397709,-1.0565615473977086,-1.0505615473977086,bodymass,0.00153061224489796,0.12876531771437394,Southern New England,12.68743705505293,NA,2224431
2016,Fall,GB,1,14154.01636406306,0.10259749676006846,14154.01636406306,107972,-1.056435266060744,-1.058435266060744,-1.054435266060744,bodymass,0.00102040816326536,0.13536924995414013,Georges Bank,11.43797105239046,NA,1825
2016,Fall,GoM,1,48663.06745218172,0.3735691319226485,48663.06745218172,94328,-0.9908403552195658,-0.9928403552195656,-0.9888403552195656,bodymass,0.00102040816326536,0.08815105297568698,Gulf of Maine,8.555611304509437,NA,1620685
2016,Fall,MAB,1,152173.34091746304,0.5986666734931362,152173.34091746304,31523,-1.2189970985039102,-1.22199709850391,-1.21599709850391,bodymass,0.00153061224489796,0.23631839590885328,Mid-Atlantic Bight,15.313659323633244,NA,329654465
2016,Fall,SNE,1,10355.350423392856,0.164275507653426,10355.350423392856,34986,-1.140951820584889,-1.1449518205848892,-1.1369518205848892,bodymass,0.00204081632653061,0.1935296615771209,Southern New England,13.320391764866711,NA,2966675
2016,Spring,GB,1,53350.655779128414,1.0545898888206695,53350.655779128414,43358,-0.976858303433444,-0.9788583034334442,-0.973858303433444,bodymass,0.00127551020408166,0.08078697119917377,Georges Bank,11.43797105239046,NA,1825
2016,Spring,GoM,1,15057.791599892826,1.437996140351584,15057.791599892826,61053,-0.9388336434032328,-0.9408336434032328,-0.9368336434032324,bodymass,0.00102040816326536,0.07635271925707204,Gulf of Maine,8.555611304509437,NA,1620685
2016,Spring,MAB,1,55044.05575609829,0.2784992995500704,55044.05575609829,28357,-1.0933067907177891,-1.096306790717789,-1.090306790717789,bodymass,0.00153061224489796,0.14604896092036254,Mid-Atlantic Bight,15.313659323633244,NA,329654465
2016,Spring,SNE,1,50190.3394515875,0.5307991968618184,50190.3394515875,39943,-1.1045618553942569,-1.107561855394257,-1.101561855394257,bodymass,0.00153061224489796,0.1543288741189617,Southern New England,13.320391764866711,NA,2966675
2017,Fall,GB,1,11133.923589986489,0.164275507653426,11133.923589986489,36495,-1.0072437140831054,-1.010243714083105,-1.0042437140831053,bodymass,0.00153061224489796,0.11098462157940996,Georges Bank,9.789108675368803,NA,13727
2017,Fall,GoM,1,14154.01636406306,0.5086850416679954,14154.01636406306,53369,-0.921851995362445,-0.924851995362445,-0.918851995362445,bodymass,0.00153061224489796,0.07037264502891273,Gulf of Maine,9.327574429673664,NA,1323988
2017,Spring,GB,1,84193.55569491685,0.6042520665517852,84193.55569491685,35458,-1.025990505141818,-1.0289905051418182,-1.0229905051418182,bodymass,0.00153061224489796,0.10180936092595448,Georges Bank,9.789108675368803,NA,13727
2017,Spring,GoM,1,20217.479820055993,1.0624182932762734,20217.479820055993,40051,-0.9823612597192324,-0.9853612597192324,-0.9793612597192324,bodymass,0.00153061224489796,0.09230192703996416,Gulf of Maine,9.327574429673664,NA,1323988
2017,Spring,MAB,1,120412.88264078255,0.10259749676006846,120412.88264078255,53324,-1.0572443606825448,-1.059244360682545,-1.0552443606825448,bodymass,0.00102040816326536,0.11727290396657349,Mid-Atlantic Bight,12.009475432876991,NA,326466360
2017,Spring,SNE,1,71404.15821271448,0.2784992995500704,71404.15821271448,30580,-1.0561941840143123,-1.0591941840143126,-1.0531941840143126,bodymass,0.00153061224489796,0.12049547941912186,Southern New England,12.107921764578924,NA,3573375
2018,Fall,GB,1,11761.869454429365,0.10259749676006846,11761.869454429365,36047,-1.105215671693167,-1.108215671693167,-1.102215671693167,bodymass,0.00153061224489796,0.16781113792856764,Georges Bank,9.91526584428766,NA,45170
2018,Fall,GoM,1,16865.56624560445,0.2799258889858744,16865.56624560445,27516,-0.9793507699683206,-0.9833507699683204,-0.9753507699683204,bodymass,0.00204081632653061,0.09276392692025208,Gulf of Maine,9.55779863333298,NA,625011
2018,Fall,MAB,1,141031.89534586307,0.1548757726287886,141031.89534586307,107255,-1.2616557516709284,-1.2636557516709284,-1.259655751670928,bodymass,0.00102040816326536,0.2739684147873416,Mid-Atlantic Bight,11.815476047887213,NA,358632164
2018,Fall,SNE,1,93425.68935443416,0.2784992995500704,93425.68935443416,33690,-1.200823748680648,-1.2038237486806478,-1.1978237486806478,bodymass,0.00153061224489796,0.22324122500191224,Southern New England,12.011656577394806,NA,2639683
2018,Spring,GB,1,23030.770341309355,0.7708110198665078,23030.770341309355,17477,-0.943512769150369,-0.9485127691503688,-0.938512769150369,bodymass,0.00255102040816321,0.07396913924031416,Georges Bank,9.91526584428766,NA,45170
2018,Spring,GoM,1,30468.755915858343,1.7192405415894274,30468.755915858343,18677,-1.0813900946455814,-1.0853900946455814,-1.0773900946455814,bodymass,0.00204081632653061,0.14318587419077958,Gulf of Maine,9.55779863333298,NA,625011
2018,Spring,MAB,1,12771.054994268132,0.10259749676006846,12771.054994268132,37928,-0.8797408881882367,-0.8827408881882366,-0.8767408881882366,bodymass,0.00153061224489796,0.05679205973458764,Mid-Atlantic Bight,11.815476047887213,NA,358632164
2018,Spring,SNE,1,20445.64467744209,1.0624182932762734,20445.64467744209,36477,-1.0663699469762211,-1.0693699469762212,-1.0633699469762212,bodymass,0.00153061224489796,0.13755269723483424,Southern New England,12.011656577394806,NA,2639683
2019,Fall,GB,1,14154.01636406306,0.10259749676006846,14154.01636406306,45569,-1.0233645198713437,-1.0263645198713436,-1.0203645198713436,bodymass,0.00153061224489796,0.11674379225137364,Georges Bank,8.76360090561034,NA,404746
2019,Fall,GoM,1,16695.054853658054,0.3735691319226485,16695.054853658054,30796,-0.9697565068243116,-0.9727565068243116,-0.9667565068243116,bodymass,0.00153061224489796,0.0884686009335723,Gulf of Maine,8.858960250676688,NA,853112
2019,Fall,MAB,1,182570.35406508503,0.1830452139612061,182570.35406508503,21791,-1.1599119012455683,-1.1639119012455683,-1.1559119012455683,bodymass,0.00204081632653061,0.18683267340172713,Mid-Atlantic Bight,11.026102129337009,NA,400015938
2019,Fall,SNE,1,38305.47499792809,0.1548757726287886,38305.47499792809,21854,-1.092231836542845,-1.0962318365428447,-1.0882318365428447,bodymass,0.00204081632653061,0.1482382399344084,Southern New England,10.792466036030945,NA,15094930
2019,Spring,GB,1,98675.86410220525,0.5030669608807974,98675.86410220525,22164,-1.0394547910388838,-1.0424547910388835,-1.0364547910388835,bodymass,0.00153061224489796,0.1081736479635707,Georges Bank,8.76360090561034,NA,404746
2019,Spring,GoM,1,21829.58213677949,0.7035529732182146,21829.58213677949,27886,-1.0335699415983726,-1.0375699415983726,-1.0295699415983726,bodymass,0.00204081632653061,0.11781135825170926,Gulf of Maine,8.858960250676688,NA,853112
2019,Spring,MAB,1,44286.65929667563,0.00150412383308235,44286.65929667563,87361,-1.0453454634168833,-1.0473454634168833,-1.043345463416883,bodymass,0.00102040816326536,0.11797035085498578,Mid-Atlantic Bight,11.026102129337009,NA,400015938
2019,Spring,SNE,1,10236.334024610967,0.11958860989804572,10236.334024610967,23527,-0.9026474930833328,-0.9066474930833328,-0.8986474930833328,bodymass,0.00204081632653061,0.0668190512589832,Southern New England,10.792466036030945,NA,15094930
