est_year,season,survey_area,xmin_fit,xmax_fit,xmin_actual,xmax_actual,n,b,confMin,confMax,spectra_type,stdErr,C,area_titles,bot_temp,total_weight_lb
1970,Fall,GB,1,109,3,109,7859,-0.302052172492494,-0.32205217249249407,-0.28205217249249404,length,0.01020408163265307,0.02745108419016377,Georges Bank,10.944702190996676,74995068.16510703
1970,Fall,GoM,1,133,3,133,10064,-0.38951357282372834,-0.40551357282372846,-0.3735135728237284,length,0.00816326530612245,0.03247918681212169,Gulf of Maine,7.225850052113284,205627805.2759761
1970,Fall,MAB,1,157,2,157,18584,-0.8405462831647823,-0.8505462831647823,-0.8305462831647823,length,0.00510204081632653,0.1286471682782949,Mid-Atlantic Bight,13.839641797124068,8818.48
1970,Fall,SNE,1,109,2,109,27270,-0.612348660102285,-0.621348660102285,-0.6033486601022848,length,0.00459183673469391,0.07507866663320499,Southern New England,10.304601875508656,122955039.21029358
1970,Spring,GB,1,137,4,137,13275,-0.4427797980409733,-0.45677979804097335,-0.4287797980409733,length,0.00714285714285715,0.03840135431393961,Georges Bank,5.7250537959495444,74995068.16510703
1970,Spring,GoM,1,122,6,122,8908,-0.31153126291551964,-0.3295312629155196,-0.29253126291551945,length,0.00943877551020411,0.02616307757401803,Gulf of Maine,6.097260028330434,205627805.2759761
1970,Spring,MAB,1,107,5,107,26808,-0.7483135809857484,-0.7573135809857484,-0.7393135809857483,length,0.00459183673469391,0.11227647672650284,Mid-Atlantic Bight,8.150002995694127,8818.48
1970,Spring,SNE,1,112,5,112,24180,-0.4545195114162476,-0.4645195114162477,-0.4445195114162477,length,0.00510204081632653,0.04502070949286718,Southern New England,6.615302982361779,122955039.21029358
1971,Fall,GB,1,110,1,110,10167,-0.6551975829087929,-0.670197582908793,-0.6401975829087929,length,0.00765306122448983,0.0849933633335545,Georges Bank,11.144823553465791,80274755.90552185
1971,Fall,GoM,1,134,3,134,9753,-0.4399445424538925,-0.4559445424538926,-0.42394454245389257,length,0.00816326530612245,0.03853289233055668,Gulf of Maine,6.854390709070237,201270622.11918563
1971,Fall,MAB,1,139,1,139,26559,-0.8786858626228607,-0.8866858626228606,-0.8706858626228606,length,0.00408163265306122,0.14801471151541515,Mid-Atlantic Bight,13.118718570138672,22569.97315861396
1971,Fall,SNE,1,105,0,105,44142,-0.8145245831013507,-0.8215245831013508,-0.8075245831013507,length,0.0035714285714286,0.13531204490444326,Southern New England,11.614243421465869,96596742.72150476
1971,Spring,GB,1,131,4,131,6437,-0.40087013206889743,-0.42087013206889745,-0.3798701320688973,length,0.01045918367346942,0.03412378790511055,Georges Bank,5.557278757094916,80274755.90552185
1971,Spring,GoM,1,125,4,125,11700,-0.36297254362018366,-0.3779725436201836,-0.3469725436201836,length,0.00790816326530612,0.03082412125178936,Gulf of Maine,5.842094320914239,201270622.11918563
1971,Spring,MAB,1,108,2,108,30568,-0.7081293560446731,-0.7161293560446731,-0.7001293560446731,length,0.00408163265306122,0.09989064548056936,Mid-Atlantic Bight,7.692081767598131,22569.97315861396
1971,Spring,SNE,1,122,3,122,20490,-0.33002704451692816,-0.3420270445169282,-0.3180270445169282,length,0.00612244897959184,0.02792460363690029,Southern New England,6.053179846095699,96596742.72150476
1972,Fall,GB,1,137,2,137,10820,-0.6361871812298183,-0.6501871812298183,-0.6221871812298183,length,0.00714285714285715,0.07292057167005406,Georges Bank,10.92275889646741,74814568.4980859
1972,Fall,GoM,1,139,3,139,14019,-0.4530787422230305,-0.4660787422230305,-0.44007874222303034,length,0.00663265306122452,0.03945636169103815,Gulf of Maine,7.163878515699674,194843754.0329508
1972,Fall,MAB,1,140,2,140,11920,-0.8554602472860375,-0.8674602472860375,-0.8434602472860375,length,0.00612244897959184,0.13862301041418104,Mid-Atlantic Bight,13.83053682551337,143854.82892035495
1972,Fall,SNE,1,114,2,114,30161,-0.612982955978025,-0.6209829559780249,-0.6049829559780249,length,0.00408163265306122,0.07368173138884522,Southern New England,12.355877414278858,89089872.99419564
1972,Spring,GB,1,128,2,128,8697,-0.3933093363397264,-0.4113093363397264,-0.3753093363397264,length,0.00918367346938776,0.03373199885049574,Georges Bank,6.169319392217805,74814568.4980859
1972,Spring,GoM,1,116,4,116,14577,-0.37970038773530657,-0.3937003877353067,-0.36570038773530666,length,0.00714285714285715,0.03430826340871669,Gulf of Maine,6.1098683208929945,194843754.0329508
1972,Spring,MAB,1,123,3,123,48743,-0.8681542162017722,-0.8741542162017721,-0.8621542162017721,length,0.00306122448979592,0.14880759488135067,Mid-Atlantic Bight,8.373492366582349,143854.82892035495
1972,Spring,SNE,1,127,3,127,22177,-0.2401789198737389,-0.25217891987373897,-0.22817891987373895,length,0.00612244897959184,0.01964642799342155,Southern New England,7.159681788987614,89089872.99419564
1973,Fall,GB,1,123,1,123,14474,-0.4265784151520325,-0.4395784151520325,-0.4135784151520323,length,0.00663265306122452,0.03876950948899194,Georges Bank,11.111330181666982,83058537.08720696
1973,Fall,GoM,1,134,3,134,8251,-0.4018682552217816,-0.4198682552217816,-0.3838682552217816,length,0.00918367346938776,0.0337560040961835,Gulf of Maine,6.859311343766963,215848774.6783184
1973,Fall,MAB,1,190,2,190,24225,-0.9430748500683837,-0.9510748500683834,-0.9350748500683834,length,0.00408163265306122,0.16353644776925982,Mid-Atlantic Bight,13.559520145780924,680625.1905651211
1973,Fall,SNE,1,119,2,119,27677,-0.7562810918985008,-0.7642810918985008,-0.7482810918985008,length,0.00408163265306122,0.11052197710060714,Southern New England,12.452633367303546,107269619.14165306
1973,Spring,GB,1,152,3,152,18051,-0.4400123494244719,-0.4510123494244719,-0.42801234942447186,length,0.00586734693877551,0.03574768268674206,Georges Bank,6.11895856749009,83058537.08720696
1973,Spring,GoM,1,136,4,136,9766,-0.3468232922987878,-0.36382329229878774,-0.3298232922987876,length,0.00867346938775513,0.02750199788840441,Gulf of Maine,6.025237694943795,215848774.6783184
1973,Spring,MAB,1,113,2,113,67980,-0.4419066345515419,-0.4479066345515419,-0.4359066345515419,length,0.00306122448979592,0.04296418724816604,Mid-Atlantic Bight,8.165143340631099,680625.1905651211
1973,Spring,SNE,1,118,3,118,57849,-0.4551150927420484,-0.4611150927420484,-0.4491150927420484,length,0.00306122448979592,0.04374246122752449,Southern New England,6.7793031693639705,107269619.14165306
1974,Fall,GB,1,108,2,108,19946,-0.9380727229022388,-0.9480727229022388,-0.9280727229022387,length,0.00510204081632653,0.1841085475971843,Georges Bank,11.947451697553316,72658611.83584319
1974,Fall,GoM,1,134,2,134,9158,-0.4731974341076623,-0.4891974341076624,-0.45719743410766234,length,0.00816326530612245,0.04318157798363087,Gulf of Maine,7.83618224452252,241404157.37841457
1974,Fall,MAB,1,125,2,125,11180,-0.8625920723164482,-0.8755920723164482,-0.8495920723164481,length,0.00663265306122452,0.14594945177580945,Mid-Atlantic Bight,14.425368031024425,128052.84771289292
1974,Fall,SNE,1,147,2,147,16036,-0.9936793196071848,-1.0036793196071847,-0.9836793196071848,length,0.00510204081632653,0.19723970414195371,Southern New England,12.398973753137264,107401333.18111634
1974,Spring,GB,1,124,4,124,8235,-0.34929289171580746,-0.3682928917158076,-0.33029289171580745,length,0.00969387755102044,0.02954368653584595,Georges Bank,6.652356167125405,72658611.83584319
1974,Spring,GoM,1,134,4,134,10025,-0.4956645333374047,-0.5106645333374046,-0.4806645333374045,length,0.00765306122448983,0.04659301729259536,Gulf of Maine,6.676917287050119,241404157.37841457
1974,Spring,MAB,1,130,3,130,9498,-0.6098514422724121,-0.624851442272412,-0.5948514422724118,length,0.00765306122448983,0.06869268598280824,Mid-Atlantic Bight,9.757143502883975,128052.84771289292
1974,Spring,SNE,1,121,3,121,22409,-0.4559575363526895,-0.4669575363526895,-0.4449575363526894,length,0.00561224489795921,0.04322255633929549,Southern New England,7.925970824137234,107401333.18111634
1975,Fall,GB,1,107,2,107,18857,-0.5939641210530768,-0.6049641210530768,-0.5829641210530767,length,0.00561224489795921,0.07163516966397061,Georges Bank,12.16569640892588,80273120.78027312
1975,Fall,GoM,1,122,3,122,16409,-0.4040524630807464,-0.4170524630807463,-0.39105246308074615,length,0.00663265306122452,0.03608955825185107,Gulf of Maine,8.141670059340695,236489528.70292068
1975,Fall,MAB,1,190,2,190,11394,-0.8343184594864125,-0.8463184594864126,-0.8223184594864126,length,0.00612244897959184,0.11959766909252152,Mid-Atlantic Bight,13.871879704777836,5093.993941957444
1975,Fall,SNE,1,109,3,109,23684,-0.7066839237438274,-0.7156839237438274,-0.6976839237438273,length,0.00459183673469391,0.09911929321922185,Southern New England,13.157127762721082,78856572.87250248
1975,Spring,GB,1,122,3,122,10380,-0.41626846442625687,-0.4322684644262569,-0.40026846442625685,length,0.00816326530612245,0.03762410865899018,Georges Bank,6.7033215006239075,80273120.78027312
1975,Spring,GoM,1,124,4,124,14966,-0.5397061054610531,-0.551706105461053,-0.527706105461053,length,0.00612244897959184,0.05616221083019023,Gulf of Maine,7.395399289334972,236489528.70292068
1975,Spring,MAB,1,109,3,109,13970,-0.6465472520243103,-0.6595472520243103,-0.6335472520243102,length,0.00663265306122452,0.0831713396205604,Mid-Atlantic Bight,8.601184106033644,5093.993941957444
1975,Spring,SNE,1,111,4,111,13894,-0.33844965460364607,-0.3534496546036462,-0.32344965460364605,length,0.00765306122448983,0.03070300943469361,Southern New England,7.140910018418152,78856572.87250248
1976,Fall,GB,1,119,1,119,15901,-0.37502478300141706,-0.3880247830014171,-0.36202478300141694,length,0.00663265306122452,0.03320306174121425,Georges Bank,11.342460574593217,79143183.17070922
1976,Fall,GoM,1,138,1,138,13420,-0.305737585624076,-0.32073758562407606,-0.2907375856240759,length,0.00765306122448983,0.02345949074336229,Gulf of Maine,8.747236982149483,321534609.56247854
1976,Fall,MAB,1,230,1,230,27469,-1.0227146925765516,-1.0297146925765517,-1.0157146925765512,length,0.00357142857142863,0.1954795594698422,Mid-Atlantic Bight,12.960008870156072,198862.7635020579
1976,Fall,SNE,1,110,2,110,28136,-0.8222874104625519,-0.830287410462552,-0.8142874104625519,length,0.00408163265306122,0.13611718802615003,Southern New England,11.386408320026248,65188055.29577135
1976,Spring,GB,1,130,4,130,17066,-0.41697475779055887,-0.42897475779055894,-0.4049747577905589,length,0.00612244897959184,0.03625827921114231,Georges Bank,6.876086495744321,79143183.17070922
1976,Spring,GoM,1,145,5,145,17523,-0.5085649498481852,-0.5195649498481852,-0.4975649498481851,length,0.00561224489795921,0.04662969146834869,Gulf of Maine,7.752861579108431,321534609.56247854
1976,Spring,MAB,1,124,2,124,17611,-0.7821879969282836,-0.7921879969282835,-0.7721879969282834,length,0.00510204081632653,0.11726659675870704,Mid-Atlantic Bight,9.84756949147888,198862.7635020579
1976,Spring,SNE,1,114,4,114,16369,-0.45402059264979655,-0.4670205926497967,-0.44102059264979654,length,0.00663265306122452,0.04447973151194999,Southern New England,8.098629838439594,65188055.29577135
1977,Fall,GB,1,127,2,127,21326,-0.44089881314985874,-0.4518988131498588,-0.4298988131498586,length,0.00561224489795921,0.03992123039564319,Georges Bank,11.672692993388477,96097409.71596192
1977,Fall,GoM,1,130,3,130,18933,-0.3512274571380356,-0.3632274571380356,-0.3392274571380356,length,0.00612244897959184,0.02880657387120575,Gulf of Maine,7.296577942830976,346309447.7715057
1977,Fall,MAB,1,151,2,151,38848,-0.8562577507786938,-0.8622577507786937,-0.8502577507786937,length,0.00306122448979592,0.13600494062281487,Mid-Atlantic Bight,13.267140324765183,121519.85548226708
1977,Fall,SNE,1,129,2,129,19666,-0.8562094769145567,-0.8662094769145567,-0.8462094769145567,length,0.00510204081632653,0.14217997487659934,Southern New England,12.662296861532168,67223725.34618175
1977,Spring,GB,1,141,5,141,10128,-0.3330976715167993,-0.35009767151679927,-0.31609767151679913,length,0.00867346938775513,0.02553044499399905,Georges Bank,6.545249123993613,96097409.71596192
1977,Spring,GoM,1,137,3,137,13007,-0.4293220242024146,-0.44332202420241473,-0.4153220242024147,length,0.00714285714285715,0.03664730040979418,Gulf of Maine,5.846221043761372,346309447.7715057
1977,Spring,MAB,1,120,3,120,19923,-0.6237867123576019,-0.6337867123576018,-0.6137867123576017,length,0.00510204081632653,0.07440316951878652,Mid-Atlantic Bight,7.952035135242883,121519.85548226708
1977,Spring,SNE,1,123,3,123,9221,-0.30788875223638995,-0.32588875223639,-0.28988875223639,length,0.00918367346938776,0.02567732056309289,Southern New England,6.415052871515496,67223725.34618175
1978,Fall,GB,1,114,2,114,43504,-0.5566801723019225,-0.5636801723019226,-0.5496801723019225,length,0.0035714285714286,0.06188749958715622,Georges Bank,11.513106505662924,111622558.8752688
1978,Fall,GoM,1,150,2,150,28948,-0.46704226862663767,-0.4760422686266376,-0.45804226862663744,length,0.00459183673469391,0.03963522624786442,Gulf of Maine,6.8328676893049884,357083259.2527962
1978,Fall,MAB,1,134,2,134,9729,-0.8340701699715704,-0.8480701699715703,-0.8200701699715702,length,0.00714285714285715,0.13232250548953645,Mid-Atlantic Bight,14.265659562936031,61870304.43310472
1978,Fall,SNE,1,110,2,110,31486,-0.7010334576127338,-0.7090334576127337,-0.6930334576127337,length,0.00408163265306122,0.09717136111016415,Southern New England,12.077970094506746,165595099.55721912
1978,Spring,GB,1,120,3,120,9923,-0.13768854294735966,-0.1566885429473598,-0.11768854294735975,length,0.00994897959183674,0.01411938704687757,Georges Bank,6.087481248698419,111622558.8752688
1978,Spring,GoM,1,135,5,135,8170,-0.3727220402257007,-0.3907220402257008,-0.35472204022570075,length,0.00918367346938776,0.03031413378611697,Gulf of Maine,5.723111102901889,357083259.2527962
1978,Spring,MAB,1,120,4,120,26770,-0.5492501618406663,-0.5582501618406664,-0.5402501618406663,length,0.00459183673469391,0.05889478436113724,Mid-Atlantic Bight,8.967039063239199,61870304.43310472
1978,Spring,SNE,1,114,3,114,20952,-0.39445744426629303,-0.4054574442662931,-0.383457444266293,length,0.00561224489795921,0.03647572864320717,Southern New England,6.906781934961168,165595099.55721912
1979,Fall,GB,1,115,2,115,39713,-0.29704632445391155,-0.30604632445391167,-0.28804632445391154,length,0.00459183673469391,0.02594737665164113,Georges Bank,10.478005349475184,127397840.6049707
1979,Fall,GoM,1,137,2,137,25405,-0.4044210278589269,-0.41442102785892687,-0.39442102785892685,length,0.00510204081632653,0.03358766770716386,Gulf of Maine,6.901917830759596,405438329.4088628
1979,Fall,MAB,1,184,3,184,42584,-0.99093972460851,-0.99693972460851,-0.98493972460851,length,0.00306122448979592,0.1872624512508845,Mid-Atlantic Bight,13.272415983770813,29571722.680609576
1979,Fall,SNE,1,116,3,116,56465,-0.7500564714942675,-0.7560564714942675,-0.7440564714942675,length,0.00306122448979592,0.10957931298134636,Southern New England,10.930881338388817,159358828.83794615
1979,Spring,GB,1,130,2,130,12327,-0.42487927656932634,-0.4388792765693263,-0.4098792765693262,length,0.0073979591836735,0.03726055093872275,Georges Bank,5.4664409649467,127397840.6049707
1979,Spring,GoM,1,137,3,137,15670,-0.5513903652310063,-0.5633903652310064,-0.5393903652310064,length,0.00612244897959184,0.05545386448484242,Gulf of Maine,5.67686030238142,405438329.4088628
1979,Spring,MAB,1,114,3,114,15237,-0.6640160723971864,-0.6760160723971864,-0.6520160723971864,length,0.00612244897959184,0.08592803204730921,Mid-Atlantic Bight,8.119956387210783,29571722.680609576
1979,Spring,SNE,1,152,3,152,10896,-0.604780458005494,-0.6187804580054939,-0.5907804580054938,length,0.00714285714285715,0.06290351707352318,Southern New England,6.235113574251137,159358828.83794615
1980,Fall,GB,1,127,2,127,29988,-0.8166046439588606,-0.8246046439588606,-0.8086046439588606,length,0.00408163265306122,0.12813738854657442,Georges Bank,10.916423133891884,156379801.38023305
1980,Fall,GoM,1,131,2,131,11887,-0.3643561807464699,-0.37935618074646993,-0.3493561807464698,length,0.00765306122448983,0.03002100272105416,Gulf of Maine,7.374583509514998,475976960.04513747
1980,Fall,MAB,1,189,3,189,22019,-0.9791506745173792,-0.987150674517379,-0.971150674517379,length,0.00408163265306122,0.18054126924193067,Mid-Atlantic Bight,11.94383073284806,40552651.13368314
1980,Fall,SNE,1,114,2,114,36475,-0.7734249199199901,-0.7804249199199901,-0.76642491991999,length,0.0035714285714286,0.11773531631523625,Southern New England,11.12429868844356,175582275.56066886
1980,Spring,GB,1,172,4,172,15345,-0.44849002038568697,-0.460490020385687,-0.43649002038568696,length,0.00612244897959184,0.03426196936963492,Georges Bank,6.081413030324581,156379801.38023305
1980,Spring,GoM,1,129,3,129,11077,-0.4527090590628244,-0.4677090590628245,-0.4377090590628243,length,0.00765306122448983,0.04117307290056356,Gulf of Maine,5.859807022604419,475976960.04513747
1980,Spring,MAB,1,127,3,127,39833,-0.7202100271872965,-0.7272100271872967,-0.7132100271872965,length,0.0035714285714286,0.09721216851657928,Mid-Atlantic Bight,7.125228766534548,40552651.13368314
1980,Spring,SNE,1,125,1,125,34719,-0.4553078529590635,-0.4633078529590635,-0.4473078529590635,length,0.00408163265306122,0.0423127557934015,Southern New England,6.07381566210545,175582275.56066886
1981,Fall,GB,1,112,1,112,18515,-0.3036700340360552,-0.3166700340360552,-0.29067003403605507,length,0.00663265306122452,0.02706730068598698,Georges Bank,10.809737317703815,127144361.8683703
1981,Fall,GoM,1,138,4,138,7917,-0.3434443392624344,-0.36244433926243447,-0.3244443392624343,length,0.00969387755102044,0.02690053758120574,Gulf of Maine,7.039715994241452,406571779.3097132
1981,Fall,MAB,1,173,3,173,34807,-0.9563663586787948,-0.9633663586787948,-0.9493663586787948,length,0.0035714285714286,0.17305083235863422,Mid-Atlantic Bight,12.52003527015004,42214045.992978424
1981,Fall,SNE,1,112,2,112,42935,-0.6188622596993638,-0.6258622596993638,-0.6118622596993637,length,0.0035714285714286,0.07562311260135829,Southern New England,11.270916120098676,147646185.99679235
1981,Spring,GB,1,123,3,123,20247,-0.17269588908198166,-0.18569588908198165,-0.1596958890819815,length,0.00663265306122452,0.01573477426529159,Georges Bank,5.9987348082333485,127144361.8683703
1981,Spring,GoM,1,128,3,128,11304,-0.3385899676298907,-0.3545899676298907,-0.3225899676298907,length,0.00816326530612245,0.02783851369175511,Gulf of Maine,5.510634351656247,406571779.3097132
1981,Spring,MAB,1,117,4,117,22635,-0.6168719725585073,-0.6268719725585072,-0.6068719725585072,length,0.00510204081632653,0.07368083751688566,Mid-Atlantic Bight,7.529529646017222,42214045.992978424
1981,Spring,SNE,1,117,2,117,29422,-0.47680492435774985,-0.4858049243577499,-0.4678049243577498,length,0.00459183673469391,0.04722004195781573,Southern New England,6.142726950003577,147646185.99679235
1982,Fall,GB,1,116,2,116,12397,-0.4067009302862676,-0.4217009302862677,-0.3917009302862675,length,0.00765306122448983,0.03759365161688821,Georges Bank,10.90921616441738,128731073.52893344
1982,Fall,GoM,1,118,4,118,8051,-0.20813354995102765,-0.22913354995102775,-0.1871335499510276,length,0.01071428571428575,0.01853734864207598,Gulf of Maine,6.6083745794070685,321051100.1190889
1982,Fall,MAB,1,162,2,162,11558,-0.904079671201108,-0.916079671201108,-0.8920796712011079,length,0.00612244897959184,0.15248170607120393,Mid-Atlantic Bight,14.19465429949109,28834238.95406694
1982,Fall,SNE,1,113,1,113,29894,-0.7193780097217466,-0.7273780097217466,-0.7113780097217466,length,0.00408163265306122,0.10137185908579384,Southern New England,12.48830587702127,131951989.27613623
1982,Spring,GB,1,116,4,116,8174,0.00581933937317791,-0.01818066062682211,0.02981933937317793,length,0.01224489795918368,0.00850560746315153,Georges Bank,5.76736758871152,128731073.52893344
1982,Spring,GoM,1,136,4,136,9102,-0.3317208755157159,-0.34972087551571596,-0.3137208755157159,length,0.00918367346938776,0.02604739147914392,Gulf of Maine,5.625268474791142,321051100.1190889
1982,Spring,MAB,1,114,3,114,16535,-0.4305537614928816,-0.4435537614928816,-0.4175537614928815,length,0.00663265306122452,0.04115889641966466,Mid-Atlantic Bight,8.215907637735384,28834238.95406694
1982,Spring,SNE,1,132,3,132,23342,-0.3623400740745584,-0.3733400740745584,-0.35134007407455825,length,0.00561224489795921,0.02965699338446393,Southern New England,6.300852650934224,131951989.27613623
1983,Fall,GB,1,113,2,113,12424,-0.3550116481803284,-0.3700116481803283,-0.34001164818032814,length,0.00765306122448983,0.03209446269527904,Georges Bank,10.780322021593593,112567879.99628754
1983,Fall,GoM,1,128,4,128,11748,-0.3785682401111113,-0.3935682401111112,-0.3635682401111111,length,0.00765306122448983,0.03204365546807435,Gulf of Maine,7.0370769267109745,324817281.56114334
1983,Fall,MAB,1,199,2,199,32073,-0.9999581947456418,-1.006958194745642,-0.9929581947456416,length,0.00357142857142863,0.18889699218402567,Mid-Atlantic Bight,14.87771059770036,29545042.486120556
1983,Fall,SNE,1,122,2,122,73457,-0.8333803008390402,-0.8383803008390404,-0.8283803008390402,length,0.00255102040816329,0.13584635693317135,Southern New England,12.376451109194722,128189910.8176726
1983,Spring,GB,1,139,4,139,12595,-0.3438886516226182,-0.3588886516226183,-0.32888865162261816,length,0.00765306122448983,0.02681112737325658,Georges Bank,6.820475126240676,112567879.99628754
1983,Spring,GoM,1,139,5,139,7843,-0.4789298804210621,-0.496929880421062,-0.460929880421062,length,0.00918367346938776,0.04312921906559475,Gulf of Maine,5.81736746498479,324817281.56114334
1983,Spring,MAB,1,116,3,116,11740,-0.07685799880536594,-0.09585799880536594,-0.05785799880536579,length,0.00969387755102044,0.01161206568433166,Mid-Atlantic Bight,9.083805835169066,29545042.486120556
1983,Spring,SNE,1,114,3,114,21350,-0.5136046903249778,-0.5246046903249778,-0.5026046903249777,length,0.00561224489795921,0.05397913627880262,Southern New England,7.253228833360422,128189910.8176726
1984,Fall,GB,1,114,2,114,12330,-0.4874472729558843,-0.5014472729558843,-0.4734472729558843,length,0.00714285714285715,0.04961258468725384,Georges Bank,10.885247101017024,95159057.90225664
1984,Fall,GoM,1,127,4,127,6964,-0.3217684096615354,-0.34276840966153543,-0.3007684096615353,length,0.01071428571428575,0.02636794026180227,Gulf of Maine,7.752150464053482,332888187.0161219
1984,Fall,MAB,1,157,2,157,26889,-0.9507472903320084,-0.9587472903320085,-0.9427472903320084,length,0.00408163265306122,0.17416991767376422,Mid-Atlantic Bight,12.886608774212446,36133946.650253
1984,Fall,SNE,1,122,2,122,40476,-0.7798448980224899,-0.7868448980224899,-0.7728448980224898,length,0.0035714285714286,0.117132584174565,Southern New England,11.29176072932372,123937224.57805964
1984,Spring,GB,1,116,3,116,5559,-0.05090171660360194,-0.0789017166036019,-0.02290171660360185,length,0.0142857142857143,0.01053738500137375,Georges Bank,6.30968040241289,95159057.90225664
1984,Spring,GoM,1,122,6,122,5595,-0.34271201761575015,-0.3657120176157501,-0.31971201761574997,length,0.01173469387755105,0.02919373993752537,Gulf of Maine,6.572373585344766,332888187.0161219
1984,Spring,MAB,1,115,2,115,19944,-0.441857660282203,-0.4528576602822031,-0.43085766028220296,length,0.00561224489795921,0.04250677195232856,Mid-Atlantic Bight,7.3520358453717956,36133946.650253
1984,Spring,SNE,1,115,3,115,10793,-0.4266312293911995,-0.4426312293911996,-0.4106312293911995,length,0.00816326530612245,0.04040832917891564,Southern New England,6.396140704167976,123937224.57805964
1985,Fall,GB,1,118,2,118,33784,-0.8239245257923523,-0.8309245257923522,-0.8169245257923521,length,0.0035714285714286,0.13375852217969664,Georges Bank,11.88135897152659,112621113.92985287
1985,Fall,GoM,1,132,4,132,14592,-0.5032042579449286,-0.5162042579449287,-0.4902042579449286,length,0.00663265306122452,0.04818222420064627,Gulf of Maine,7.969396140438193,261594478.1839432
1985,Fall,MAB,1,140,2,140,43479,-0.9008124903384044,-0.9068124903384044,-0.8948124903384045,length,0.00306122448979592,0.15680337483768442,Mid-Atlantic Bight,15.090057952401937,27006304.127942126
1985,Fall,SNE,1,112,3,112,48449,-0.7812153121501835,-0.7872153121501835,-0.7752153121501835,length,0.00306122448979592,0.1210350158736979,Southern New England,13.402488434957649,108033623.63077857
1985,Spring,GB,1,129,3,129,13946,-0.293562084415406,-0.3085620844154059,-0.27856208441540575,length,0.00765306122448983,0.02356817128082172,Georges Bank,6.569108702395873,112621113.92985287
1985,Spring,GoM,1,121,6,121,9556,-0.3197905088584177,-0.33779050885841766,-0.30179050885841763,length,0.00918367346938776,0.02709414909584701,Gulf of Maine,6.5699187830013654,261594478.1839432
1985,Spring,MAB,1,115,3,115,28271,-0.6133572509048653,-0.6223572509048653,-0.6043572509048651,length,0.00459183673469391,0.0734700703088753,Mid-Atlantic Bight,9.061416349988022,27006304.127942126
1985,Spring,SNE,1,113,3,113,26182,-0.0218590675077883,-0.03485906750778833,-0.00885906750778819,length,0.00663265306122452,0.00969357849511027,Southern New England,7.799711910987334,108033623.63077857
1986,Fall,GB,1,112,2,112,14581,-0.23474144078275144,-0.2497414407827515,-0.21974144078275137,length,0.00765306122448983,0.0212581930011995,Georges Bank,12.05019731854274,90766286.92387594
1986,Fall,GoM,1,132,4,132,15448,-0.4282500088508653,-0.4412500088508652,-0.41525000885086505,length,0.00663265306122452,0.03734632263735278,Gulf of Maine,8.0012623181177,257476520.8265104
1986,Fall,MAB,1,149,2,149,19158,-0.8710196697178136,-0.8800196697178136,-0.8620196697178135,length,0.00459183673469391,0.1422415249591939,Mid-Atlantic Bight,15.46742348194725,28070688.975229505
1986,Fall,SNE,1,116,2,116,30011,-0.8081855080297065,-0.8161855080297065,-0.8001855080297064,length,0.00408163265306122,0.12883685171543308,Southern New England,13.290434967595797,119418126.6679708
1986,Spring,GB,1,131,3,131,13630,-0.36193626459299216,-0.37593626459299223,-0.3479362645929922,length,0.00714285714285715,0.02976537182107723,Georges Bank,6.985415411112122,90766286.92387594
1986,Spring,GoM,1,126,3,126,10165,-0.5435195159448003,-0.5585195159448003,-0.5285195159448002,length,0.00765306122448983,0.05639400437175055,Gulf of Maine,6.869493492447833,257476520.8265104
1986,Spring,MAB,1,115,3,115,12943,-0.4810644665545179,-0.49506446655451786,-0.46706446655451783,length,0.00714285714285715,0.04835436899459552,Mid-Atlantic Bight,9.399867887187805,28070688.975229505
1986,Spring,SNE,1,115,3,115,25622,-0.5578587253520206,-0.5668587253520206,-0.5488587253520205,length,0.00459183673469391,0.06184411462981232,Southern New England,8.564411173994742,119418126.6679708
1987,Fall,GB,1,140,2,140,15428,-0.32016197420712045,-0.33416197420712046,-0.30616197420712044,length,0.00714285714285715,0.02447637634714702,Georges Bank,10.438199629714456,91635392.87126482
1987,Fall,GoM,1,117,4,117,9109,-0.3173068688317967,-0.3353068688317966,-0.2993068688317966,length,0.00918367346938776,0.02750708163245864,Gulf of Maine,7.507331337163203,245696337.1722183
1987,Fall,MAB,1,127,2,127,16394,-0.8763272133310985,-0.8873272133310984,-0.8653272133310983,length,0.00561224489795921,0.15073427364404846,Mid-Atlantic Bight,14.001507225396464,30011501.043750457
1987,Fall,SNE,1,109,2,109,18742,-0.6917072960843818,-0.7027072960843818,-0.6807072960843816,length,0.00561224489795921,0.0949350812051695,Southern New England,12.106903689174418,117108837.53340524
1987,Spring,GB,1,135,3,135,13042,-0.25882732546346515,-0.2738273254634652,-0.2428273254634652,length,0.00790816326530612,0.02007145137317166,Georges Bank,5.941884493968278,91635392.87126482
1987,Spring,GoM,1,140,4,140,7879,-0.4655186231645693,-0.4835186231645694,-0.44751862316456936,length,0.00918367346938776,0.04101849928611908,Gulf of Maine,6.252062685915057,245696337.1722183
1987,Spring,MAB,1,115,3,115,24909,-0.3355668531697291,-0.34656685316972913,-0.324566853169729,length,0.00561224489795921,0.0296636144083568,Mid-Atlantic Bight,8.232620639489586,30011501.043750457
1987,Spring,SNE,1,118,6,118,20704,-0.2268427379486723,-0.2398427379486724,-0.21384273794867223,length,0.00663265306122452,0.01983247645694063,Southern New England,6.648202809052179,117108837.53340524
1988,Fall,GB,1,119,2,119,12922,-0.5349680101929917,-0.5489680101929917,-0.5209680101929917,length,0.00714285714285715,0.05650536528437999,Georges Bank,10.486163212412176,110580907.09503016
1988,Fall,GoM,1,140,4,140,13243,-0.5131835020554725,-0.5261835020554725,-0.5001835020554724,length,0.00663265306122452,0.04826708753880822,Gulf of Maine,7.7497880925810705,241494780.76732755
1988,Fall,MAB,1,178,1,178,3651,-0.914929700926636,-0.9359297009266362,-0.893929700926636,length,0.01071428571428575,0.1535635503161021,Mid-Atlantic Bight,14.332391811750352,36493947.93785411
1988,Fall,SNE,1,179,2,179,36039,-0.978492538835844,-0.984492538835844,-0.972492538835844,length,0.00306122448979592,0.18222151704911332,Southern New England,11.558896916679268,104757911.38963044
1988,Spring,GB,1,124,3,124,12127,0.08413499560336507,0.064134995603365,0.10513499560336514,length,0.01045918367346942,0.00585966327989893,Georges Bank,5.851621881738271,110580907.09503016
1988,Spring,GoM,1,114,4,114,7732,-0.40148026042285606,-0.420480260422856,-0.3824802604228559,length,0.00969387755102044,0.03734811746985713,Gulf of Maine,6.765043658748895,241494780.76732755
1988,Spring,MAB,1,113,2,113,23233,-0.6260361633297312,-0.6360361633297311,-0.6160361633297311,length,0.00510204081632653,0.07697304462987788,Mid-Atlantic Bight,8.164068876983753,36493947.93785411
1988,Spring,SNE,1,115,3,115,21017,-0.11880628084190643,-0.13180628084190638,-0.10480628084190637,length,0.00688775510204082,0.01367365699736391,Southern New England,7.289908805914434,104757911.38963044
1989,Fall,GB,1,110,2,110,14811,-0.45669375815041646,-0.4696937581504165,-0.44369375815041634,length,0.00663265306122452,0.04582593737198728,Georges Bank,11.286745345446551,106721378.5718729
1989,Fall,GoM,1,116,3,116,16690,-0.37086603821231534,-0.38386603821231546,-0.35786603821231533,length,0.00663265306122452,0.03329012952891811,Gulf of Maine,7.435120972563022,212814340.74506608
1989,Fall,MAB,1,129,2,129,34160,-0.8961338815947338,-0.903133881594734,-0.8891338815947338,length,0.0035714285714286,0.1581867992920927,Mid-Atlantic Bight,14.138351171902157,642117992.6992118
1989,Fall,SNE,1,121,2,121,42941,-0.8737728457281723,-0.8797728457281722,-0.8677728457281721,length,0.00306122448979592,0.1517317915087666,Southern New England,12.263214109771566,138240606.1218275
1989,Spring,GB,1,124,3,124,9833,-0.2612361867441953,-0.27923618674419526,-0.24323618674419523,length,0.00918367346938776,0.02160120310162748,Georges Bank,6.028483347820314,106721378.5718729
1989,Spring,GoM,1,129,4,129,13734,-0.6223517252427938,-0.6343517252427939,-0.6103517252427939,length,0.00612244897959184,0.07170066006280251,Gulf of Maine,6.023735901448731,212814340.74506608
1989,Spring,MAB,1,113,5,113,15388,-0.1627586810427936,-0.1777586810427937,-0.14675868104279366,length,0.00790816326530612,0.01630439475817402,Mid-Atlantic Bight,8.536482872546475,642117992.6992118
1989,Spring,SNE,1,134,5,134,15498,-0.28061652280041177,-0.29461652280041184,-0.2666165228004118,length,0.00714285714285715,0.02186553361997354,Southern New England,7.258212551863629,138240606.1218275
1990,Fall,GB,1,115,2,115,26600,-0.6641613407723173,-0.6731613407723173,-0.6551613407723171,length,0.00459183673469391,0.08564914031950074,Georges Bank,10.99407268352339,125737601.91874053
1990,Fall,GoM,1,123,2,123,22912,-0.21948469983155824,-0.23148469983155828,-0.20748469983155823,length,0.00612244897959184,0.01868322122957061,Gulf of Maine,7.734164384069068,241576898.15481943
1990,Fall,MAB,1,196,2,196,41608,-1.006330226706999,-1.0123302267069991,-1.0003302267069991,length,0.00306122448979592,0.19264432915367985,Mid-Atlantic Bight,14.569145903308648,559568060.4158727
1990,Fall,SNE,1,185,3,185,33022,-0.9994412022683916,-1.006441202268392,-0.9924412022683916,length,0.00357142857142863,0.19127856052268497,Southern New England,11.6984211851687,153283476.19027758
1990,Spring,GB,1,144,4,144,19870,-0.04179904024930371,-0.05579904024930382,-0.02779904024930379,length,0.00714285714285715,0.00826113681696215,Georges Bank,6.356982731033898,125737601.91874053
1990,Spring,GoM,1,123,3,123,9704,-0.4026346113461069,-0.419634611346107,-0.3856346113461069,length,0.00867346938775513,0.03572992631109869,Gulf of Maine,6.372984212051113,241576898.15481943
1990,Spring,MAB,1,116,3,116,10412,-0.4263566526397442,-0.4423566526397442,-0.4103566526397442,length,0.00816326530612245,0.04015732430333892,Mid-Atlantic Bight,10.036356863415026,559568060.4158727
1990,Spring,SNE,1,113,3,113,15539,-0.098841614733035,-0.11484161473303488,-0.08284161473303486,length,0.00816326530612245,0.01290709338842389,Southern New England,8.700621116777201,153283476.19027758
1991,Fall,GB,1,110,3,110,12269,-0.6232849751328152,-0.6372849751328153,-0.6092849751328153,length,0.00714285714285715,0.07727156933797193,Georges Bank,12.246679637900495,116792593.1487448
1991,Fall,GoM,1,118,2,118,19672,-0.31461821722351185,-0.3266182172235119,-0.3026182172235119,length,0.00612244897959184,0.02708536287712492,Gulf of Maine,8.12404577723205,290293345.4866287
1991,Fall,MAB,1,184,2,184,14674,-0.9698378456334816,-0.9798378456334816,-0.9598378456334816,length,0.00510204081632653,0.1770710359959715,Mid-Atlantic Bight,14.758734472004528,693316088.2552449
1991,Fall,SNE,1,111,2,111,16946,-0.775617900994909,-0.7866179009949089,-0.7646179009949088,length,0.00561224489795921,0.11954547128199468,Southern New England,12.625042817643308,166754805.38026005
1991,Spring,GB,1,131,3,131,12139,-0.29303202486085517,-0.3090320248608551,-0.2770320248608551,length,0.00816326530612245,0.02326031840979564,Georges Bank,7.044591993243396,116792593.1487448
1991,Spring,GoM,1,135,4,135,8068,-0.6192306931203315,-0.6352306931203315,-0.6032306931203315,length,0.00816326530612245,0.06956093302451091,Gulf of Maine,6.79491532910327,290293345.4866287
1991,Spring,MAB,1,128,3,128,17366,-0.6076392930213373,-0.6186392930213372,-0.5966392930213371,length,0.00561224489795921,0.06870278488168906,Mid-Atlantic Bight,9.594008435015956,693316088.2552449
1991,Spring,SNE,1,117,5,117,20768,-0.28202795163521566,-0.2940279516352158,-0.27002795163521576,length,0.00612244897959184,0.0243033086820196,Southern New England,8.27348745146301,166754805.38026005
1992,Fall,GB,1,107,2,107,18537,-0.5494968445656832,-0.5604968445656832,-0.538496844565683,length,0.00561224489795921,0.0624993811460476,Georges Bank,10.43948745892378,108900214.64094332
1992,Fall,GoM,1,119,3,119,21903,-0.3635638472076808,-0.3745638472076808,-0.35256384720768064,length,0.00561224489795921,0.03191937826229933,Gulf of Maine,6.609110535969612,304655559.8866239
1992,Fall,MAB,1,144,2,144,21773,-0.9648201636635652,-0.9738201636635654,-0.9558201636635651,length,0.00459183673469391,0.1841371851399125,Mid-Atlantic Bight,14.219765756882133,662119581.0722677
1992,Fall,SNE,1,114,2,114,30402,-0.7965411799639955,-0.8045411799639957,-0.7885411799639956,length,0.00408163265306122,0.12550110984241733,Southern New England,11.665231455534965,165868040.65697652
1992,Spring,GB,1,115,5,115,11772,-0.15908093100840676,-0.17708093100840672,-0.14108093100840668,length,0.00918367346938776,0.015848304630996998,Georges Bank,6.189041339261933,108900214.64094332
1992,Spring,GoM,1,143,5,143,21528,-0.6487661316842959,-0.6587661316842959,-0.6387661316842959,length,0.00510204081632653,0.07449062607145163,Gulf of Maine,5.654052596467333,304655559.8866239
1992,Spring,MAB,1,124,2,124,18056,-0.3261839193289766,-0.3391839193289766,-0.3131839193289765,length,0.00663265306122452,0.02723768097603389,Mid-Atlantic Bight,9.671783022561318,662119581.0722677
1992,Spring,SNE,1,115,3,115,19879,-0.31304294420803025,-0.32504294420803026,-0.30104294420803024,length,0.00612244897959184,0.02743636191943687,Southern New England,7.549765825009469,165868040.65697652
1993,Fall,GB,1,132,1,132,11791,-0.576069798218383,-0.5900697982183829,-0.5620697982183829,length,0.00714285714285715,0.06122121904159257,Georges Bank,11.76603083264996,110788664.71723711
1993,Fall,GoM,1,122,2,122,18652,-0.549692577363064,-0.5606925773630639,-0.5386925773630638,length,0.00561224489795921,0.05848390790859077,Gulf of Maine,7.736252007304145,272981481.1330265
1993,Fall,MAB,1,131,2,131,7681,-0.843979597558694,-0.8599795975586941,-0.8279795975586941,length,0.00816326530612245,0.13690512194882612,Mid-Atlantic Bight,13.450395908891766,725662536.1687098
1993,Fall,SNE,1,144,2,144,32037,-0.9029487058515406,-0.9099487058515406,-0.8959487058515405,length,0.0035714285714286,0.15657498360308209,Southern New England,11.198977260530825,148365722.15065023
1993,Spring,GB,1,119,2,119,15177,-0.17466353760103645,-0.1896635376010364,-0.15966353760103624,length,0.00765306122448983,0.01629664573570429,Georges Bank,5.772696188933957,110788664.71723711
1993,Spring,GoM,1,133,3,133,13238,-0.5070145119835254,-0.5200145119835254,-0.4940145119835253,length,0.00663265306122452,0.04860033338260905,Gulf of Maine,6.229581513295915,272981481.1330265
1993,Spring,MAB,1,156,3,156,27515,-0.7235892544198398,-0.7315892544198399,-0.7155892544198399,length,0.00408163265306122,0.0909741737022594,Mid-Atlantic Bight,6.968445332534684,725662536.1687098
1993,Spring,SNE,1,111,4,111,19304,-0.4053009416056588,-0.4173009416056588,-0.3933009416056587,length,0.00612244897959184,0.038474324186583,Southern New England,5.9939114038161,148365722.15065023
1994,Fall,GB,1,110,2,110,15150,-0.6137862700763919,-0.6257862700763919,-0.6017862700763918,length,0.00612244897959184,0.07508813696108235,Georges Bank,12.090673108149968,79198781.64260153
1994,Fall,GoM,1,116,3,116,20240,-0.38855397302277234,-0.4005539730227723,-0.3765539730227722,length,0.00612244897959184,0.0353563110279004,Gulf of Maine,8.317051427349694,226413342.28790623
1994,Fall,MAB,1,173,3,173,58443,-1.0340162230434489,-1.0390162230434488,-1.0290162230434488,length,0.00255102040816326,0.2115554956476433,Mid-Atlantic Bight,14.541993404767933,605523336.0493478
1994,Fall,SNE,1,154,2,154,30849,-0.927288036062598,-0.934288036062598,-0.920288036062598,length,0.0035714285714286,0.16439102208788048,Southern New England,12.44060238029872,133329022.97052623
1994,Spring,GB,1,125,3,125,16318,-0.3385605782599955,-0.35156057825999565,-0.3255605782599955,length,0.00663265306122452,0.02829454179961129,Georges Bank,6.6770291820446745,79198781.64260153
1994,Spring,GoM,1,115,4,115,13348,-0.36516090760253783,-0.3801609076025379,-0.3501609076025378,length,0.00765306122448983,0.03283626889422286,Gulf of Maine,7.425330807684799,226413342.28790623
1994,Spring,MAB,1,108,3,108,25040,-0.3280336912875611,-0.339033691287561,-0.31703369128756087,length,0.00561224489795921,0.03020296404168237,Mid-Atlantic Bight,7.826897354101208,605523336.0493478
1994,Spring,SNE,1,108,4,108,21490,-0.3854408685709563,-0.3964408685709563,-0.37444086857095615,length,0.00561224489795921,0.03664887023224748,Southern New England,6.751138737457457,133329022.97052623
1995,Fall,GB,1,118,2,118,21918,-0.6916997262803016,-0.7016997262803015,-0.6816997262803015,length,0.00510204081632653,0.0919549791499726,Georges Bank,12.329889863900233,70042941.23686618
1995,Fall,GoM,1,130,3,130,43229,-0.6449480904321764,-0.6519480904321763,-0.6379480904321762,length,0.0035714285714286,0.07667407914594983,Gulf of Maine,8.150950327290795,271738806.9395939
1995,Fall,MAB,1,158,2,158,50676,-0.8436419467080006,-0.8496419467080008,-0.8376419467080007,length,0.00306122448979592,0.1295561252328268,Mid-Atlantic Bight,15.816388221261429,799256281.7229925
1995,Fall,SNE,1,123,2,123,22739,-0.8582862429468,-0.8672862429468001,-0.8492862429468,length,0.00459183673469391,0.1449407264188885,Southern New England,12.53127635676113,175723521.58509308
1995,Spring,GB,1,115,3,115,14063,-0.4609735154829388,-0.47397351548293887,-0.4469735154829389,length,0.00688775510204082,0.04527588351033739,Georges Bank,6.699696724554299,70042941.23686618
1995,Spring,GoM,1,130,4,130,16575,-0.6258211248366055,-0.6368211248366055,-0.6148211248366053,length,0.00561224489795921,0.07223441694966586,Gulf of Maine,7.389617916418949,271738806.9395939
1995,Spring,MAB,1,170,3,170,10058,-0.4053237952996132,-0.4213237952996132,-0.38932379529961314,length,0.00816326530612245,0.02943521624519366,Mid-Atlantic Bight,8.86476736655828,799256281.7229925
1995,Spring,SNE,1,105,5,105,13314,-0.3747647815480028,-0.38976478154800287,-0.35976478154800273,length,0.00765306122448983,0.03602935816762484,Southern New England,7.471211287217835,175723521.58509308
1996,Fall,GB,1,105,2,105,11916,-0.4135501873587273,-0.4285501873587273,-0.3985501873587272,length,0.00765306122448983,0.04094640829709686,Georges Bank,9.532117822194715,87339361.01089016
1996,Fall,GoM,1,108,4,108,20532,-0.3920045259714432,-0.4040045259714433,-0.3800045259714433,length,0.00612244897959184,0.03745872493971276,Gulf of Maine,7.819386573418667,272889403.6635198
1996,Fall,MAB,1,122,1,122,45819,-0.7915634352969236,-0.7975634352969236,-0.7855634352969236,length,0.00306122448979592,0.12104966544432802,Mid-Atlantic Bight,12.680094743927294,695637145.2657586
1996,Fall,SNE,1,190,2,190,21630,-0.738381315191807,-0.7473813151918071,-0.7293813151918069,length,0.00459183673469391,0.08880267562175498,Southern New England,9.939460365053447,204531004.14765272
1996,Spring,GB,1,107,4,107,23625,-0.24360666866445813,-0.25560666866445825,-0.23160666866445823,length,0.00612244897959184,0.02272969906681401,Georges Bank,5.889813220719438,87339361.01089016
1996,Spring,GoM,1,116,4,116,10843,-0.3629843748417469,-0.37898437484174696,-0.34698437484174693,length,0.00816326530612245,0.03240461317232396,Gulf of Maine,7.400760248599899,272889403.6635198
1996,Spring,MAB,1,121,4,121,19622,0.0598834529599203,0.04388345295992024,0.07588345295992027,length,0.00816326530612245,0.00661378365384015,Mid-Atlantic Bight,7.173931620826442,695637145.2657586
1996,Spring,SNE,1,100,3,100,25788,-0.28470237711605106,-0.2957023771160511,-0.27370237711605094,length,0.00561224489795921,0.02756205136700684,Southern New England,5.848701781229248,204531004.14765272
1997,Fall,GB,1,110,2,110,18090,-0.5682982830634441,-0.5792982830634442,-0.5572982830634441,length,0.00561224489795921,0.06532977793448813,Georges Bank,11.397973843364577,89213428.05063123
1997,Fall,GoM,1,129,3,129,20770,-0.4795428842333668,-0.4905428842333669,-0.4685428842333667,length,0.00561224489795921,0.0450806510419958,Gulf of Maine,7.861258130887075,273377608.7727549
1997,Fall,MAB,1,178,2,178,6039,-0.9502480731114084,-0.9662480731114084,-0.9342480731114082,length,0.00816326530612245,0.1691754529860956,Mid-Atlantic Bight,13.95773388779976,605655844.2214836
1997,Fall,SNE,1,127,2,127,20362,-0.8518194785653055,-0.8608194785653055,-0.8428194785653054,length,0.00459183673469391,0.14113136673806653,Southern New England,11.79301970137645,212850568.4908976
1997,Spring,GB,1,99,3,99,12968,-0.04694620505571473,-0.0649462050557148,-0.02894620505571477,length,0.00918367346938776,0.01209614805330239,Georges Bank,6.062828551701935,89213428.05063123
1997,Spring,GoM,1,112,4,112,37041,-0.5656901481808632,-0.5736901481808632,-0.5576901481808632,length,0.00408163265306122,0.06422429313402189,Gulf of Maine,7.240308309389812,273377608.7727549
1997,Spring,MAB,1,112,2,112,18742,-0.6539314099129618,-0.6649314099129618,-0.6429314099129617,length,0.00561224489795921,0.08402126279596886,Mid-Atlantic Bight,9.970389310200888,605655844.2214836
1997,Spring,SNE,1,100,5,100,23037,-0.3728620335986737,-0.38386203359867366,-0.3618620335986735,length,0.00561224489795921,0.03698021548595204,Southern New England,7.721582095421138,212850568.4908976
1998,Fall,GB,1,125,2,125,23754,-0.6707813842787553,-0.6797813842787553,-0.6617813842787552,length,0.00459183673469391,0.0843794492673509,Georges Bank,10.328975356448725,145326809.45432845
1998,Fall,GoM,1,101,3,101,40113,-0.42488956171327646,-0.4328895617132764,-0.4168895617132764,length,0.00408163265306122,0.04352390808535261,Gulf of Maine,6.67221657767112,194628603.59426332
1998,Fall,MAB,1,169,2,169,38072,-0.9973495109417856,-1.0033495109417856,-0.9913495109417856,length,0.00306122448979592,0.19361338125491984,Mid-Atlantic Bight,13.571624689743023,640898515.3068919
1998,Fall,SNE,1,113,2,113,17479,-0.6619821668042702,-0.6729821668042703,-0.6509821668042701,length,0.00561224489795921,0.08572939121256379,Southern New England,9.913475383774058,170627008.27221316
1998,Spring,GB,1,127,4,127,9806,-0.19083637465301265,-0.20983637465301264,-0.1718363746530125,length,0.00969387755102044,0.01638402876496435,Georges Bank,5.835254482021915,145326809.45432845
1998,Spring,GoM,1,128,5,128,29700,-0.6310849171013395,-0.6390849171013395,-0.6230849171013395,length,0.00408163265306122,0.0739401321930464,Gulf of Maine,6.423215838711141,194628603.59426332
1998,Spring,MAB,1,119,4,119,18061,-0.6812073673273848,-0.6922073673273849,-0.6702073673273847,length,0.00561224489795921,0.08883772801632893,Mid-Atlantic Bight,7.850372840478448,640898515.3068919
1998,Spring,SNE,1,97,4,97,20005,-0.445618711653832,-0.45761871165383194,-0.4336187116538319,length,0.00612244897959184,0.04766514448543071,Southern New England,6.204928696457503,170627008.27221316
1999,Fall,GB,1,120,2,120,22537,-0.813402919322914,-0.822402919322914,-0.8044029193229139,length,0.00459183673469391,0.1292888802227883,Georges Bank,13.298922858428636,103073858.76425904
1999,Fall,GoM,1,115,3,115,41913,-0.49237663587533814,-0.4993766358753381,-0.4843766358753381,length,0.0038265306122449,0.05016630271426292,Gulf of Maine,8.253344055637786,225252583.668383
1999,Fall,MAB,1,160,3,160,17468,-0.8170014347415011,-0.8270014347415011,-0.8070014347415011,length,0.00510204081632653,0.11950210110739112,Mid-Atlantic Bight,16.811153222224736,502172830.73305845
1999,Fall,SNE,1,125,3,125,35295,-0.8872827118779474,-0.8942827118779474,-0.8802827118779473,length,0.0035714285714286,0.15583999413635757,Southern New England,13.128017337249338,186439546.32699504
1999,Spring,GB,1,125,4,125,17227,-0.3753838720771605,-0.3883838720771605,-0.3623838720771604,length,0.00663265306122452,0.03218629077928418,Georges Bank,6.873922884295878,103073858.76425904
1999,Spring,GoM,1,158,5,158,15141,-0.6361093337804729,-0.6471093337804729,-0.6251093337804727,length,0.00561224489795921,0.0685215470517961,Gulf of Maine,6.599113874358119,225252583.668383
1999,Spring,MAB,1,112,4,112,16303,-0.39951352063309353,-0.41251352063309354,-0.3865135206330934,length,0.00663265306122452,0.03752317094356323,Mid-Atlantic Bight,8.933112367587439,502172830.73305845
1999,Spring,SNE,1,102,3,102,37329,-0.4542921481677703,-0.4622921481677702,-0.4462921481677702,length,0.00408163265306122,0.04754810614495924,Southern New England,7.752720457335022,186439546.32699504
2000,Fall,GB,1,126,2,126,17843,-0.7220631434092645,-0.7330631434092644,-0.7110631434092642,length,0.00561224489795921,0.0980361593922786,Georges Bank,11.387667054411354,128304800.6453032
2000,Fall,GoM,1,117,3,117,32532,-0.40385403595393593,-0.412854035953936,-0.39485403595393587,length,0.00459183673469391,0.03703272181265121,Gulf of Maine,7.9370715783503405,205750278.2100087
2000,Fall,MAB,1,189,1,189,25091,-0.9485127168841034,-0.9565127168841034,-0.9405127168841034,length,0.00408163265306122,0.16618900831855682,Mid-Atlantic Bight,14.69738955677199,466140991.6863319
2000,Fall,SNE,1,115,2,115,29150,-0.8331475711422132,-0.8411475711422132,-0.8251475711422132,length,0.00408163265306122,0.13821978544880165,Southern New England,11.632927740445956,196203439.7741671
2000,Spring,GB,1,131,3,131,23336,-0.5511394098400668,-0.5611394098400668,-0.5411394098400668,length,0.00510204081632653,0.05667508284033725,Georges Bank,7.492422744037282,128304800.6453032
2000,Spring,GoM,1,130,5,130,35635,-0.5901940278372244,-0.5981940278372244,-0.5821940278372244,length,0.00408163265306122,0.06453305892547878,Gulf of Maine,7.30425751625657,205750278.2100087
2000,Spring,MAB,1,152,3,152,14983,-0.4710733472893387,-0.4830733472893387,-0.4580733472893386,length,0.00637755102040819,0.03989721541425621,Mid-Atlantic Bight,9.616509175786792,466140991.6863319
2000,Spring,SNE,1,103,2,103,12632,-0.5464954517735048,-0.5604954517735048,-0.5324954517735048,length,0.00714285714285715,0.06314934827914674,Southern New England,8.257012747440095,196203439.7741671
2001,Fall,GB,1,130,2,130,20649,-0.6798842208983203,-0.6898842208983205,-0.6698842208983204,length,0.00510204081632653,0.08536096779402938,Georges Bank,11.781847352246311,215898517.3685564
2001,Fall,GoM,1,131,3,131,25041,-0.4339680695017216,-0.4439680695017216,-0.4239680695017216,length,0.00510204081632653,0.03826551846401498,Gulf of Maine,7.563732408415918,181124048.71463323
2001,Fall,MAB,1,141,2,141,12232,-0.7669549305627757,-0.7789549305627759,-0.75495493056277585,length,0.00612244897959184,0.1074642764852252,Mid-Atlantic Bight,15.690889486542684,581702070.1784478
2001,Fall,SNE,1,141,2,141,21916,-0.7322835660169563,-0.7412835660169562,-0.7232835660169561,length,0.00459183673469391,0.0969398749084577,Southern New England,12.713857278745891,178511672.51195607
2001,Spring,GB,1,119,4,119,21945,-0.4484379211947691,-0.4594379211947691,-0.437437921194769,length,0.00561224489795921,0.04256855928802708,Georges Bank,6.584225673461317,215898517.3685564
2001,Spring,GoM,1,119,4,119,28111,-0.4909990439511845,-0.4999990439511845,-0.4819990439511843,length,0.00459183673469391,0.04899795614084699,Gulf of Maine,7.049815657765618,181124048.71463323
2001,Spring,MAB,1,129,3,129,18933,-0.4321518006073679,-0.4441518006073679,-0.4201518006073679,length,0.00612244897959184,0.03838345296844776,Mid-Atlantic Bight,7.553638023181621,581702070.1784478
2001,Spring,SNE,1,104,3,104,21790,-0.46145548272891257,-0.4724554827289126,-0.4504554827289125,length,0.00561224489795921,0.04809610253887573,Southern New England,6.9607239862543,178511672.51195607
2002,Fall,GB,1,133,2,133,21793,-0.454764308548312,-0.465764308548312,-0.44376430854831184,length,0.00561224489795921,0.04072577315096876,Georges Bank,12.5313288053519,142183437.92645255
2002,Fall,GoM,1,133,3,133,42122,-0.4972762901146994,-0.5042762901146994,-0.4902762901146993,length,0.0035714285714286,0.04703978433490892,Gulf of Maine,8.212129466998597,196558376.5403216
2002,Fall,MAB,1,165,2,165,35887,-0.8996011012008164,-0.9066011012008164,-0.8926011012008161,length,0.0035714285714286,0.14992096391963375,Mid-Atlantic Bight,15.515063407506204,448725723.0988356
2002,Fall,SNE,1,113,2,113,15336,-0.7606514747746209,-0.7716514747746209,-0.7486514747746209,length,0.00586734693877551,0.11396014671087124,Southern New England,12.229716186731697,169748770.80160767
2002,Spring,GB,1,132,3,132,19534,-0.4013128264771021,-0.4133128264771022,-0.3893128264771022,length,0.00612244897959184,0.03401238764145092,Georges Bank,6.983984133052701,142183437.92645255
2002,Spring,GoM,1,137,4,137,27869,-0.5357112330355771,-0.5447112330355771,-0.526711233035577,length,0.00459183673469391,0.05264802524801004,Gulf of Maine,7.203254483667647,196558376.5403216
2002,Spring,MAB,1,128,3,128,15677,-0.5901451992701455,-0.6021451992701454,-0.5781451992701454,length,0.00612244897959184,0.06499954120575668,Mid-Atlantic Bight,10.833099570903654,448725723.0988356
2002,Spring,SNE,1,124,4,124,30453,-0.6226661046722969,-0.6306661046722968,-0.6146661046722968,length,0.00408163265306122,0.07305876881600026,Southern New England,8.571847550276889,169748770.80160767
2003,Fall,GB,1,124,2,124,37266,-0.7413991230870164,-0.7483991230870165,-0.7343991230870164,length,0.0035714285714286,0.10434821711622053,Georges Bank,11.216951677894349,157756863.13897887
2003,Fall,GoM,1,130,3,130,41269,-0.5405728297555403,-0.5475728297555403,-0.5335728297555402,length,0.0035714285714286,0.05496572335676249,Gulf of Maine,7.397220331953322,197558212.31080037
2003,Fall,MAB,1,170,2,170,34548,-0.8783348860758549,-0.8853348860758549,-0.8713348860758547,length,0.0035714285714286,0.14017346790289245,Mid-Atlantic Bight,14.158946555205429,466661034.7125041
2003,Fall,SNE,1,112,2,112,28034,-0.8312702433952931,-0.8392702433952932,-0.8232702433952932,length,0.00408163265306122,0.13864495787312275,Southern New England,11.484480543565054,184940882.9749087
2003,Spring,GB,1,114,3,114,7577,-0.18627821494118343,-0.20827821494118348,-0.16427821494118344,length,0.01122448979591837,0.0176210536199983,Georges Bank,5.603456308304019,157756863.13897887
2003,Spring,GoM,1,136,4,136,20752,-0.6311843826337706,-0.6411843826337706,-0.6211843826337706,length,0.00510204081632653,0.07200832415262845,Gulf of Maine,6.5662483052967575,197558212.31080037
2003,Spring,MAB,1,139,3,139,40764,-0.6247496483299201,-0.63174964832992,-0.6177496483299199,length,0.0035714285714286,0.06987375020738988,Mid-Atlantic Bight,7.500264590141543,466661034.7125041
2003,Spring,SNE,1,121,4,121,19428,-0.32160031229509434,-0.33360031229509435,-0.3096003122950943,length,0.00612244897959184,0.0272670857709454,Southern New England,5.742899179329209,184940882.9749087
2004,Fall,GB,1,130,1,130,25301,-0.504585841022804,-0.5145858410228039,-0.4945858410228039,length,0.00510204081632653,0.04880895567413711,Georges Bank,9.821495249873408,161967625.96260598
2004,Fall,GoM,1,132,4,132,21304,-0.44294965426984506,-0.453949654269845,-0.4319496542698449,length,0.00561224489795921,0.03928474361857991,Gulf of Maine,6.581052144991661,190476392.43012396
2004,Fall,MAB,1,176,2,176,22912,-0.8825928930886568,-0.8905928930886569,-0.8745928930886568,length,0.00408163265306122,0.1406051242217018,Mid-Atlantic Bight,13.24071845681846,510600214.01780987
2004,Fall,SNE,1,138,2,138,13617,-0.6551638411469304,-0.6671638411469303,-0.6431638411469303,length,0.00612244897959184,0.07716186862868085,Southern New England,10.55183698860258,183841913.75465012
2004,Spring,GB,1,111,4,111,15585,-0.40021808969398454,-0.4132180896939845,-0.3872180896939843,length,0.00663265306122452,0.03782744025065381,Georges Bank,5.162019939407165,161967625.96260598
2004,Spring,GoM,1,128,6,128,24940,-0.5962283618905568,-0.6052283618905568,-0.5872283618905567,length,0.00459183673469391,0.06626782207946395,Gulf of Maine,6.002001214808151,190476392.43012396
2004,Spring,MAB,1,126,3,126,82661,-0.8096261346050876,-0.8136261346050877,-0.8056261346050877,length,0.00204081632653061,0.1259876560078928,Mid-Atlantic Bight,6.642061309440175,510600214.01780987
2004,Spring,SNE,1,97,3,97,14284,-0.45641041081303513,-0.47041041081303514,-0.4424104108130351,length,0.00714285714285715,0.04931714811397594,Southern New England,5.531359332723925,183841913.75465012
2005,Fall,GB,1,136,2,136,20676,-0.421324918501744,-0.432324918501744,-0.4103249185017439,length,0.00561224489795921,0.035799601514048963,Georges Bank,11.049019199996216,131012904.80611816
2005,Fall,GoM,1,133,4,133,22920,-0.3504547926084054,-0.3614547926084054,-0.3394547926084053,length,0.00561224489795921,0.02828684064960548,Gulf of Maine,7.419403331305067,185089071.23765096
2005,Fall,MAB,1,175,2,175,22624,-0.9168883535083128,-0.9248883535083126,-0.9088883535083124,length,0.00408163265306122,0.15502695157050567,Mid-Atlantic Bight,14.229231357212765,411644854.1729096
2005,Fall,SNE,1,112,2,112,20193,-0.6944904152515352,-0.7044904152515352,-0.6844904152515352,length,0.00510204081632653,0.0946662324551028,Southern New England,11.296267344163253,245995850.43347627
2005,Spring,GB,1,114,2,114,10651,-0.35124657346612975,-0.3682465734661299,-0.33424657346612974,length,0.00867346938775513,0.0314951416526295,Georges Bank,5.4604721898289394,131012904.80611816
2005,Spring,GoM,1,126,4,126,14120,-0.515558177509175,-0.5285581775091749,-0.5025581775091748,length,0.00663265306122452,0.05147417391914528,Gulf of Maine,6.0363671868446565,185089071.23765096
2005,Spring,MAB,1,127,5,127,29159,-0.31515294979790626,-0.3251529497979062,-0.3051529497979062,length,0.00510204081632653,0.02575383886002262,Mid-Atlantic Bight,7.21904045339271,411644854.1729096
2005,Spring,SNE,1,101,4,101,11566,-0.5016873720241131,-0.5166873720241131,-0.48668737202411294,length,0.00765306122448983,0.05554137795111073,Southern New England,5.665460514695768,245995850.43347627
2006,Fall,GB,1,131,2,131,30970,-0.6843702157252605,-0.6923702157252605,-0.6763702157252605,length,0.00408163265306122,0.08626597655274526,Georges Bank,11.262873753981332,109842634.59707728
2006,Fall,GoM,1,131,3,131,37958,-0.3797457830854082,-0.3877457830854081,-0.37174578308540807,length,0.00408163265306122,0.03169320216307812,Gulf of Maine,8.105191284696756,181163926.431085
2006,Fall,MAB,1,178,2,178,17523,-0.8595003855453386,-0.8695003855453385,-0.8495003855453385,length,0.00510204081632653,0.13118366978950363,Mid-Atlantic Bight,15.327805103078305,484650714.4409709
2006,Fall,SNE,1,126,3,126,35186,-0.8398469227007765,-0.8468469227007765,-0.8328469227007764,length,0.0035714285714286,0.13692912236942578,Southern New England,12.503226470186428,177342090.06435284
2006,Spring,GB,1,138,4,138,9641,-0.3522995691901554,-0.3692995691901554,-0.33529956919015524,length,0.00867346938775513,0.02777199102378639,Georges Bank,6.346321791699988,109842634.59707728
2006,Spring,GoM,1,117,3,117,11165,-0.42174704505905736,-0.43674704505905726,-0.4057470450590572,length,0.00790816326530612,0.03933355645542016,Gulf of Maine,7.187817332339621,181163926.431085
2006,Spring,MAB,1,108,3,108,31995,-0.32371438482827103,-0.3337143848282711,-0.3137143848282711,length,0.00510204081632653,0.02976175980216631,Mid-Atlantic Bight,9.690192596652777,484650714.4409709
2006,Spring,SNE,1,116,4,116,21192,-0.5703884374707969,-0.5803884374707968,-0.5603884374707968,length,0.00510204081632653,0.06404917925384772,Southern New England,8.088223172728645,177342090.06435284
2007,Fall,GB,1,132,2,132,27288,-0.4969734610117599,-0.50597346101176,-0.4879734610117598,length,0.00459183673469391,0.04718746828972239,Georges Bank,10.065378292399831,97298125.03546272
2007,Fall,GoM,1,144,3,144,31730,-0.4675600622694615,-0.4755600622694616,-0.45856006226946144,length,0.00433673469387758,0.04064635743570554,Gulf of Maine,6.947087851781201,152483849.78888476
2007,Fall,MAB,1,188,2,188,8461,-0.9607858705724704,-0.9747858705724703,-0.9467858705724704,length,0.00714285714285715,0.17203285717984987,Mid-Atlantic Bight,13.202973826567067,536876827.7380607
2007,Fall,SNE,1,106,3,106,7379,-0.4775699655811009,-0.4965699655811008,-0.45856996558110064,length,0.00969387755102044,0.05008482368072201,Southern New England,9.854935241881766,164747235.65013993
2007,Spring,GB,1,137,5,137,19162,-0.3887431027474998,-0.4007431027474997,-0.37674310274749967,length,0.00612244897959184,0.03177975491541821,Georges Bank,5.442096077528449,97298125.03546272
2007,Spring,GoM,1,114,3,114,21227,-0.4982788286652986,-0.5092788286652986,-0.4872788286652985,length,0.00561224489795921,0.05138231726196434,Gulf of Maine,6.716049679533998,152483849.78888476
2007,Spring,MAB,1,123,4,123,23134,-0.206194918766121,-0.21819491876612096,-0.19419491876612097,length,0.00612244897959184,0.0177977983755511,Mid-Atlantic Bight,8.108487761759125,536876827.7380607
2007,Spring,SNE,1,102,4,102,25614,-0.6287647293739209,-0.6377647293739209,-0.6197647293739208,length,0.00459183673469391,0.08127687838982384,Southern New England,6.360471400307805,164747235.65013993
2008,Fall,GB,1,129,2,129,15647,-0.31595757872978736,-0.32995757872978726,-0.30195757872978723,length,0.00714285714285715,0.02554299298574598,Georges Bank,11.26351196355131,99902516.47608316
2008,Fall,GoM,1,134,4,134,32149,-0.4746900500330057,-0.4826900500330056,-0.46569005003300545,length,0.00433673469387758,0.0434012746826154,Gulf of Maine,6.992881130390625,168038134.65043786
2008,Fall,MAB,1,166,2,166,32994,-0.9187086063838762,-0.925708606383876,-0.911708606383876,length,0.0035714285714286,0.15777997970022595,Mid-Atlantic Bight,15.310508586594558,486369748.684804
2008,Fall,SNE,1,199,3,199,17238,-0.8862395166258619,-0.8952395166258619,-0.8772395166258617,length,0.00459183673469391,0.13771203351538772,Southern New England,11.107507137678544,154131635.6920381
2008,Spring,GB,1,99,4,99,11132,-0.07846470093245757,-0.09746470093245752,-0.05846470093245748,length,0.00994897959183674,0.01354568428174842,Georges Bank,6.117472859555255,99902516.47608316
2008,Spring,GoM,1,137,3,137,18597,-0.5017303345586716,-0.5127303345586717,-0.49073033455867154,length,0.00561224489795921,0.04698229099311042,Gulf of Maine,6.488449307654655,168038134.65043786
2008,Spring,MAB,1,120,3,120,26788,-0.46675297275841093,-0.476752972758411,-0.456752972758411,length,0.00510204081632653,0.0450206430527194,Mid-Atlantic Bight,10.305130722358532,486369748.684804
2008,Spring,SNE,1,104,3,104,23163,-0.39811938599813695,-0.4091193859981369,-0.3871193859981368,length,0.00561224489795921,0.03916284256616319,Southern New England,7.324067380389425,154131635.6920381
2009,Fall,GB,1,134,4,134,32180,-0.5409289396062281,-0.548928939606228,-0.532928939606228,length,0.00408163265306122,0.05417980462835774,Georges Bank,12.700027656651503,131358960.03171998
2009,Fall,GoM,1,129,5,129,39837,-0.5911546833455731,-0.598154683345573,-0.5841546833455729,length,0.0035714285714286,0.06496852818005416,Gulf of Maine,7.145660459220375,154248031.37979662
2009,Fall,MAB,1,183,3,183,93194,-0.9625833536364548,-0.9665833536364548,-0.9585833536364547,length,0.00204081632653061,0.17385657990393075,Mid-Atlantic Bight,15.533601094785396,143701451.77705082
2009,Fall,SNE,1,120,4,120,34924,-0.746314216245602,-0.753314216245602,-0.7393142162456019,length,0.0035714285714286,0.1071004284575026,Southern New England,12.68957851901597,173918909.38842967
2009,Spring,GB,1,142,3,142,15343,-0.45126668828434735,-0.4642666882843473,-0.4382666882843471,length,0.00663265306122452,0.0387205437499094,Georges Bank,6.333355612436284,131358960.03171998
2009,Spring,GoM,1,111,5,111,30910,-0.5763317184446856,-0.5853317184446857,-0.5673317184446856,length,0.00459183673469391,0.06667477490355227,Gulf of Maine,6.613410577861017,154248031.37979662
2009,Spring,MAB,1,130,3,130,32346,-0.38952394352213615,-0.3985239435221361,-0.3805239435221359,length,0.00459183673469391,0.03296051111440993,Mid-Atlantic Bight,9.134975439128898,143701451.77705082
2009,Spring,SNE,1,115,4,115,71411,-0.5737842816032066,-0.5787842816032066,-0.5687842816032065,length,0.00255102040816329,0.0650098481787474,Southern New England,7.828920298699631,173918909.38842967
2010,Fall,GB,1,137,4,137,36745,-0.5689443812782512,-0.5759443812782513,-0.5609443812782513,length,0.0038265306122449,0.05874546342855159,Georges Bank,12.06146285949158,109643448.97375724
2010,Fall,GoM,1,132,5,132,43964,-0.567324860643235,-0.5743248606432351,-0.560324860643235,length,0.0035714285714286,0.05951295004341814,Gulf of Maine,8.218822613533348,112599140.0015282
2010,Fall,MAB,1,195,3,195,29309,-0.9515023587723558,-0.958502358772356,-0.9445023587723558,length,0.0035714285714286,0.16642895093656618,Mid-Atlantic Bight,14.17133815557266,64355741.719796054
2010,Fall,SNE,1,116,2,116,37047,-0.6450729132745682,-0.6520729132745683,-0.6380729132745682,length,0.0035714285714286,0.08058817452709822,Southern New England,12.032782500468938,128408770.4516827
2010,Spring,GB,1,132,5,132,14684,-0.5211997817072848,-0.5341997817072849,-0.5081997817072847,length,0.00663265306122452,0.05115758442155702,Georges Bank,7.6048222205003615,109643448.97375724
2010,Spring,GoM,1,136,4,136,45588,-0.7125978997473277,-0.7185978997473277,-0.7065978997473277,length,0.00306122448979592,0.09259758880297946,Gulf of Maine,7.023003588099646,112599140.0015282
2010,Spring,MAB,1,109,4,109,104079,-0.47855162043210053,-0.48355162043210054,-0.4735516204321004,length,0.00255102040816329,0.04944747800223344,Mid-Atlantic Bight,7.18777147454911,64355741.719796054
2010,Spring,SNE,1,143,4,143,56307,-0.7046166079339962,-0.7106166079339962,-0.6986166079339962,length,0.00306122448979592,0.08866055744083819,Southern New England,6.833682079580109,128408770.4516827
2011,Fall,GB,1,135,4,135,42106,-0.49986394253175936,-0.5068639425317593,-0.49286394253175914,length,0.0035714285714286,0.04706406721272058,Georges Bank,11.793525657908583,148845485.44379002
2011,Fall,GoM,1,129,4,129,48782,-0.5633896120354296,-0.5703896120354296,-0.5563896120354295,length,0.0035714285714286,0.05943091976263516,Gulf of Maine,8.355227882317223,118358962.9938558
2011,Fall,MAB,1,191,4,191,135218,-0.9981034338617631,-1.001103433861763,-0.995103433861763,length,0.00153061224489796,0.1894470348093932,Mid-Atlantic Bight,16.03488120813842,521514223.0961191
2011,Fall,SNE,1,120,4,120,38829,-0.7892080514399731,-0.7962080514399731,-0.782208051439973,length,0.0035714285714286,0.1209148785061099,Southern New England,11.89025581940245,138956633.166732
2011,Spring,GB,1,128,5,128,30781,-0.577049601595248,-0.585049601595248,-0.569049601595248,length,0.00408163265306122,0.06233828790728445,Georges Bank,6.819724183625359,148845485.44379002
2011,Spring,GoM,1,131,4,131,31513,-0.5888729521923305,-0.5968729521923306,-0.5808729521923306,length,0.00408163265306122,0.06402764454841593,Gulf of Maine,8.042593561590552,118358962.9938558
2011,Spring,MAB,1,118,3,118,61586,-0.4201597408919803,-0.4261597408919804,-0.4141597408919804,length,0.00306122448979592,0.03891894625677755,Mid-Atlantic Bight,9.089312186641116,521514223.0961191
2011,Spring,SNE,1,131,5,131,58887,-0.6319193613800775,-0.6379193613800775,-0.6259193613800775,length,0.00306122448979592,0.07337750933259293,Southern New England,6.647557111832464,138956633.166732
2012,Fall,GB,1,134,3,134,67194,-0.33180593560645566,-0.33780593560645555,-0.32580593560645554,length,0.00306122448979592,0.02632481042629573,Georges Bank,13.332908732313816,146952162.77094746
2012,Fall,GoM,1,145,2,145,75254,-0.5424364729811336,-0.5474364729811337,-0.5374364729811336,length,0.00255102040816329,0.05229853611214015,Gulf of Maine,8.819582334309011,110814838.17403404
2012,Fall,MAB,1,148,0,148,27720,-0.7968966281748464,-0.8048966281748464,-0.7888966281748464,length,0.00408163265306122,0.11545033229086404,Mid-Atlantic Bight,15.451160151807992,578860106.6750504
2012,Fall,SNE,1,119,4,119,18989,-0.6075150299402393,-0.6185150299402394,-0.5965150299402393,length,0.00561224489795921,0.07103018607595293,Southern New England,12.488540925777128,158206379.04784018
2012,Spring,GB,1,197,4,197,39642,-0.732345313618744,-0.7383453136187439,-0.7263453136187439,length,0.00306122448979592,0.08598857421837662,Georges Bank,8.023089687073329,146952162.77094746
2012,Spring,GoM,1,128,4,128,56630,-0.6423146939365945,-0.6483146939365945,-0.6363146939365945,length,0.00306122448979592,0.07656324566843013,Gulf of Maine,8.106801153402076,110814838.17403404
2012,Spring,MAB,1,129,4,129,44323,-0.23732860619422813,-0.24532860619422817,-0.22932860619422812,length,0.00408163265306122,0.01920669530492222,Mid-Atlantic Bight,11.3299369110241,578860106.6750504
2012,Spring,SNE,1,120,4,120,67770,-0.5027633902991927,-0.5087633902991928,-0.4967633902991928,length,0.00306122448979592,0.05068422125457233,Southern New England,10.413867110107867,158206379.04784018
2013,Fall,GB,1,124,3,124,148563,-0.6538153310399145,-0.6568153310399144,-0.6508153310399143,length,0.00153061224489798,0.08040882926866755,Georges Bank,12.97748466574476,139185404.10651207
2013,Fall,GoM,1,129,3,129,60302,-0.48025773417783935,-0.48625773417783935,-0.47425773417783934,length,0.00306122448979592,0.04518902286105588,Gulf of Maine,9.376658976475472,102686167.12530608
2013,Fall,MAB,1,114,3,114,18408,-0.8837540065269721,-0.893754006526972,-0.873754006526972,length,0.00510204081632653,0.15832345910852288,Mid-Atlantic Bight,14.713050318659253,415745934.2645152
2013,Fall,SNE,1,121,3,121,54641,-0.8096013367388332,-0.8156013367388331,-0.803601336738833,length,0.00306122448979592,0.12760739516953432,Southern New England,13.547808806468256,161048360.11504495
2013,Spring,GB,1,125,5,125,31498,-0.4653556846897965,-0.4743556846897966,-0.4563556846897965,length,0.00459183673469391,0.04376579888628751,Georges Bank,7.513345343432667,139185404.10651207
2013,Spring,GoM,1,139,5,139,41916,-0.6269617591194189,-0.633961759119419,-0.6199617591194189,length,0.0035714285714286,0.07036802359389514,Gulf of Maine,7.555670244691998,102686167.12530608
2013,Spring,MAB,1,179,3,179,38079,-0.513452328666766,-0.520452328666766,-0.5064523286667659,length,0.0035714285714286,0.04239219508872972,Mid-Atlantic Bight,8.57316129165413,415745934.2645152
2013,Spring,SNE,1,105,5,105,55207,-0.16683857490256077,-0.17483857490256072,-0.1588385749025607,length,0.00408163265306122,0.01761317121426928,Southern New England,7.59059546097067,161048360.11504495
2014,Fall,GB,1,140,0,140,73322,-0.5520588117851939,-0.5570588117851939,-0.5470588117851938,length,0.00255102040816329,0.0549737543075738,Georges Bank,13.523275028772586,150186980.44952935
2014,Fall,GoM,1,133,3,133,64755,-0.5282331777964968,-0.5342331777964968,-0.5222331777964968,length,0.00306122448979592,0.05215604010261461,Gulf of Maine,8.78756664911225,116541855.67046586
2014,Fall,MAB,1,174,2,174,16224,-0.8074337491518031,-0.8174337491518031,-0.7974337491518031,length,0.00510204081632653,0.1132368237172924,Mid-Atlantic Bight,17.442660334471263,411680659.86440295
2014,Fall,SNE,1,135,3,135,27034,-0.8369666808573578,-0.8449666808573579,-0.8289666808573579,length,0.00408163265306122,0.13309656742225554,Southern New England,13.7824491783531,130162759.9440302
2014,Spring,GB,1,137,6,137,138788,-0.6295039078889391,-0.6335039078889391,-0.6255039078889391,length,0.00204081632653061,0.0713951625243421,Georges Bank,6.809495365521912,150186980.44952935
2014,Spring,GoM,1,137,5,137,39102,-0.6351568167473812,-0.6421568167473811,-0.628156816747381,length,0.0035714285714286,0.07268365628748924,Gulf of Maine,7.939860243246497,116541855.67046586
2014,Spring,MAB,1,102,4,102,15316,-0.247395308971933,-0.262395308971933,-0.23239530897193283,length,0.00765306122448983,0.02390364956248046,Mid-Atlantic Bight,8.485651678101473,411680659.86440295
2014,Spring,SNE,1,127,4,127,72421,-0.6931252150694214,-0.6981252150694214,-0.6881252150694213,length,0.00255102040816329,0.08968087539491552,Southern New England,7.230535496477759,130162759.9440302
2015,Fall,GB,1,129,3,129,53037,-0.4587415990951576,-0.4657415990951575,-0.45174159909515743,length,0.0035714285714286,0.04202473760971911,Georges Bank,13.574142974089128,133005699.69188891
2015,Fall,GoM,1,149,4,149,60950,-0.5791668789227399,-0.5851668789227398,-0.5731668789227398,length,0.00306122448979592,0.05833652248960299,Gulf of Maine,8.742421874766421,105581919.60204768
2015,Fall,MAB,1,172,3,172,45605,-0.9281670898243438,-0.9341670898243436,-0.9221670898243436,length,0.00306122448979592,0.16056119713993153,Mid-Atlantic Bight,17.55316154152042,469751639.5203889
2015,Fall,SNE,1,153,4,153,58266,-0.9689621247823702,-0.97396212478237,-0.96396212478237,length,0.00255102040816329,0.18367458767935005,Southern New England,14.046826128763676,120473227.76705506
2015,Spring,GB,1,126,5,126,86146,-0.5073448378158296,-0.5123448378158296,-0.5023448378158295,length,0.00255102040816329,0.0501009970811042,Georges Bank,7.20306985702142,133005699.69188891
2015,Spring,GoM,1,133,5,133,55003,-0.5269010040263252,-0.5329010040263251,-0.5209010040263251,length,0.00306122448979592,0.05192640235224444,Gulf of Maine,7.929472815926759,105581919.60204768
2015,Spring,MAB,1,126,3,126,39330,-0.46995750101844275,-0.4779575010184427,-0.4619575010184427,length,0.00408163265306122,0.04424273841700867,Mid-Atlantic Bight,9.276128188496877,469751639.5203889
2015,Spring,SNE,1,127,3,127,33137,-0.6061847648322093,-0.6141847648322094,-0.5981847648322094,length,0.00408163265306122,0.068636746250965,Southern New England,7.715797379046342,120473227.76705506
2016,Fall,GB,1,131,2,131,108114,-0.6660970441698206,-0.6700970441698206,-0.6620970441698206,length,0.00204081632653061,0.08158148840566064,Georges Bank,13.822184978592132,103063288.11424533
2016,Fall,GoM,1,126,4,126,94304,-0.3530394811515774,-0.35803948115157735,-0.34803948115157723,length,0.00255102040816329,0.02961127235608807,Gulf of Maine,9.428459485066982,110715695.63481437
2016,Fall,MAB,1,214,3,214,31524,-0.9353316054819324,-0.9423316054819324,-0.9283316054819322,length,0.0035714285714286,0.1558914904869073,Mid-Atlantic Bight,16.36433136839933,399309256.33233947
2016,Fall,SNE,1,118,3,118,34988,-0.8054968672990269,-0.812496867299027,-0.7984968672990269,length,0.0035714285714286,0.1271906207948178,Southern New England,13.3044247327151,101808700.4664178
2016,Spring,GB,1,132,5,132,43332,-0.36817037732346863,-0.3761703773234686,-0.36017037732346857,length,0.00408163265306122,0.03027507607684826,Georges Bank,7.985636847899568,103063288.11424533
2016,Spring,GoM,1,121,5,121,61036,-0.40161572493941294,-0.407615724939413,-0.395615724939413,length,0.00306122448979592,0.03597750086907986,Gulf of Maine,8.218121541706006,110715695.63481437
2016,Spring,MAB,1,181,4,181,28388,-0.7551180011465808,-0.7631180011465808,-0.7471180011465808,length,0.00408163265306122,0.09522492252512198,Mid-Atlantic Bight,10.186955515638411,399309256.33233947
2016,Spring,SNE,1,127,4,127,39920,-0.6858118504843405,-0.6928118504843405,-0.6788118504843403,length,0.0035714285714286,0.08772981673140762,Southern New England,8.489465646619541,101808700.4664178
2017,Fall,GB,1,122,3,122,36490,-0.5381084050863454,-0.5461084050863454,-0.5301084050863454,length,0.00408163265306122,0.05634509085533174,Georges Bank,13.034899594286731,87910223.93113852
2017,Fall,GoM,1,131,4,131,53360,-0.3993285375075454,-0.4063285375075453,-0.3923285375075451,length,0.0035714285714286,0.03394096012862047,Gulf of Maine,8.982953993433524,116291845.0667924
2017,Spring,GB,1,145,5,145,35459,-0.5082249181086572,-0.5162249181086573,-0.5002249181086573,length,0.00408163265306122,0.04657558624940522,Georges Bank,6.813440471639116,87910223.93113852
2017,Spring,GoM,1,135,5,135,40033,-0.5296548220495023,-0.5366548220495023,-0.5226548220495022,length,0.0035714285714286,0.05199495142989209,Gulf of Maine,7.897124749349599,116291845.0667924
2017,Spring,MAB,1,152,3,152,53356,-0.5344421576481746,-0.5404421576481746,-0.5284421576481746,length,0.00306122448979592,0.04968655484477081,Mid-Atlantic Bight,8.870258996008726,445180772.17998016
2017,Spring,SNE,1,139,4,139,30559,-0.5511897591163547,-0.5591897591163546,-0.5431897591163546,length,0.00408163265306122,0.0550138360951776,Southern New England,7.181262447946435,89888178.96765272
2018,Fall,GB,1,124,3,124,36115,-0.7243197854302111,-0.731319785430211,-0.7173197854302109,length,0.0035714285714286,0.09928263706826154,Georges Bank,12.757454045910343,75894248.83166532
2018,Fall,GoM,1,138,3,138,27516,-0.5403733835373106,-0.5493733835373106,-0.5313733835373105,length,0.00459183673469391,0.05327023996419595,Gulf of Maine,8.846908351331033,105156065.04387788
2018,Fall,MAB,1,186,3,186,107264,-1.0355141202815483,-1.0385141202815484,-1.0325141202815482,length,0.00153061224489801,0.20966620770377553,Mid-Atlantic Bight,14.752559545046392,470350141.3184061
2018,Fall,SNE,1,140,3,140,33746,-0.8466701686234082,-0.8536701686234082,-0.839670168623408,length,0.0035714285714286,0.1352870810447453,Southern New England,11.970080519733626,96283016.67445324
2018,Spring,GB,1,133,4,133,17475,-0.4361884044352201,-0.44818840443522,-0.42418840443522,length,0.00612244897959184,0.03820838891944601,Georges Bank,7.510661317398125,75894248.83166532
2018,Spring,GoM,1,137,6,137,18674,-0.6212308263271498,-0.6312308263271498,-0.6112308263271498,length,0.00510204081632653,0.06954361157057178,Gulf of Maine,8.389193560520164,105156065.04387788
2018,Spring,MAB,1,127,3,127,37925,-0.2807872757074765,-0.28978727570747653,-0.2717872757074764,length,0.00459183673469391,0.022767206845823892,Mid-Atlantic Bight,8.002249716272166,470350141.3184061
2018,Spring,SNE,1,124,6,124,36451,-0.6630914409742366,-0.6700914409742366,-0.6560914409742364,length,0.0035714285714286,0.08271118218549273,Southern New England,6.911561395346451,96283016.67445324
2019,Fall,GB,1,131,2,131,46652,-0.5383336224994137,-0.5453336224994138,-0.5313336224994136,length,0.0035714285714286,0.05434873662888583,Georges Bank,11.96212747091576,49771086.82895124
2019,Fall,GoM,1,130,4,130,30782,-0.4826808141686335,-0.4916808141686336,-0.4736808141686335,length,0.00459183673469391,0.04536049424442834,Gulf of Maine,9.641861748748662,73262855.40843308
2019,Fall,MAB,1,201,2,201,21801,-0.8625318295795485,-0.8705318295795486,-0.8545318295795485,length,0.00408163265306122,0.1281061222203247,Mid-Atlantic Bight,17.620815551043325,483324961.0644857
2019,Fall,SNE,1,117,3,117,21857,-0.5716386783281326,-0.5816386783281327,-0.5616386783281326,length,0.00510204081632653,0.06402933209952526,Southern New England,14.513056309896688,84939608.56115665
2019,Spring,GB,1,195,4,195,22187,-0.6504142290183601,-0.6594142290183601,-0.64141422901836,length,0.00459183673469391,0.06573922040994974,Georges Bank,6.66164533522968,49771086.82895124
2019,Spring,GoM,1,141,4,141,27873,-0.5970370882978208,-0.6060370882978209,-0.5880370882978208,length,0.00459183673469391,0.06349793547333851,Gulf of Maine,8.219224170845225,73262855.40843308
2019,Spring,MAB,1,127,1,127,87377,-0.49868142235691815,-0.5036814223569183,-0.49368142235691814,length,0.00255102040816329,0.04847572903392608,Mid-Atlantic Bight,8.096192176418151,483324961.0644857
2019,Spring,SNE,1,119,3,119,23502,-0.3122786325638357,-0.3232786325638356,-0.30127863256383547,length,0.00561224489795921,0.02670288558621342,Southern New England,7.077484408767732,84939608.56115665
