survey_area,est_year,season,n_species,numlen_adj_total,mean_len_cm,med_len_cm,min_len_cm,max_len_cm,mean_wt_kg,med_wt_kg,min_wt_kg,max_wt_kg,area_titles,bot_temp,total_weight_lb
GB,1970,Fall,37,7669,32.86297053106715,29,3,105,0.5595126606194855,0.22786968812778713,1.548757726287886e-4,12.899787607051676,Georges Bank,10.944702190996676,69864352
GB,1970,Spring,37,13123,32.84456055681886,27,4,133,0.5086031138237033,0.18034718409189693,5.006714932400886e-4,24.218154596176937,Georges Bank,5.7250537959495444,69864352
GB,1971,Fall,36,10014,22.29699251935932,21,1,106,0.2645725225261232,0.09544361488764556,5.366685850612837e-6,13.868505239584785,Georges Bank,11.144823553465791,74865651
GB,1971,Spring,34,6263,34.023748274835306,30,4,127,0.6091333772212354,0.22703746110118753,5.006714932400886e-4,21.02724539974517,Georges Bank,5.557278757094916,74865651
GB,1972,Fall,39,10633,26.746065601472917,26,2,133,0.3766232990270097,0.136050746226993,1.2114625991347348e-4,16.05692619618659,Georges Bank,10.92275889646741,70431928
GB,1972,Spring,34,8507,33.84790094383336,29,2,124,0.6319760064126816,0.21385239919152485,9.37943326539252e-5,19.06532877386568,Georges Bank,6.169319392217805,70431928
GB,1973,Fall,41,14289,33.527869149356874,30,1,119,0.5914408683661607,0.23589206709708224,2.904643193967569e-6,20.32679002321389,Georges Bank,11.111330181666982,78308866
GB,1973,Spring,39,17752,35.984095653600086,32,3,148,0.6677085402897137,0.3032707635227555,3.097643537660559e-4,33.58796724369287,Georges Bank,6.11895856749009,78308866
GB,1974,Fall,37,19774,13.99799836085969,7,2,104,0.15270263986823393,0.00207115802077556,4.477530764288502e-5,14.294970710969649,Georges Bank,11.947451697553316,67351418
GB,1974,Spring,37,7978,35.28797721616413,32,4,120,0.710304536733029,0.2512937476340248,5.378131793918438e-4,17.6775810243435,Georges Bank,6.652356167125405,67351418
GB,1975,Fall,40,18673,24.270161216474573,23,2,103,0.26769486913540014,0.10191576396158196,1.2114625991347348e-4,16.5569845731957,Georges Bank,12.16569640892588,74701620
GB,1975,Spring,39,10113,32.65884584281682,26,3,118,0.6184098804478286,0.14330869798114673,1.1958860989804572e-4,16.791240668173533,Georges Bank,6.7033215006239075,74701620
GB,1976,Fall,42,15753,32.49306502415901,33,1,115,0.4311101542656246,0.290101030423852,2.4143388100739943e-5,17.143289593382335,Georges Bank,11.342460574593217,72986175
GB,1976,Spring,37,16773,33.1131257814054,25,4,126,0.5211713940572267,0.1596584433038328,3.097643537660559e-4,20.52460487861279,Georges Bank,6.876086495744321,72986175
GB,1977,Fall,36,20975,33.39601167190961,35,2,123,0.6031074334534876,0.2955284474720241,3.949442537340164e-5,18.52707990329679,Georges Bank,11.672692993388477,87123260
GB,1977,Spring,37,9863,38.07587448560423,36,5,137,0.7128513534994867,0.4578811465265126,0.00106241829327627,25.773015473779108,Georges Bank,6.545249123993613,87123260
GB,1978,Fall,36,43128,28.280414194400255,26,2,110,0.4501282949951127,0.1441710443713423,7.774084377386267e-5,19.042566862467215,Georges Bank,11.513106505662924,100037069
GB,1978,Spring,34,9647,43.242604448870395,42,3,116,1.0787442386557569,0.5271067762498076,3.163249227451163e-4,15.935321747324616,Georges Bank,6.087481248698419,100037069
GB,1979,Fall,39,39365,36.03120503140093,34,2,111,0.5604060884893998,0.3638231270484238,4.477530764288502e-5,15.62591732325342,Georges Bank,10.478005349475184,113012740
GB,1979,Spring,34,12045,32.485306436690145,25,2,126,0.6078391627303734,0.13188426915961715,1.0332291977366958e-4,21.245614983651603,Georges Bank,5.4664409649467,113012740
GB,1980,Fall,35,29656,20.331330109579532,14,2,123,0.28106337898637745,0.02575214771232845,1.548757726287886e-4,21.1544594457408,Georges Bank,10.916423133891884,139172791
GB,1980,Spring,36,15028,39.90540435001702,38,4,168,0.7224838880467378,0.4198674746595737,3.857854553894314e-4,63.78639392873392,Georges Bank,6.081413030324581,139172791
GB,1981,Fall,34,18197,36.874377325806,34,1,108,0.6059081927614489,0.2807535837661912,2.4143388100739943e-5,16.087019982701133,Georges Bank,10.809737317703815,111449342
GB,1981,Spring,36,19855,41.1074837372806,36,3,119,0.6166408214840627,0.22873174705465563,2.208808307400755e-4,17.230573983544396,Georges Bank,5.9987348082333485,111449342
GB,1982,Fall,34,12258,30.95965859173133,30,2,112,0.4020608107917269,0.18710952988096216,1.2114625991347348e-4,15.62591732325342,Georges Bank,10.90921616441738,112501235
GB,1982,Spring,38,7879,46.29083317420863,45,4,112,1.2877372810631436,0.5392806229297934,5.327770689848076e-4,17.15336239931357,Georges Bank,5.76736758871152,112501235
GB,1983,Fall,40,12281,33.06411525855922,27,2,109,0.5314274867385859,0.1441710443713423,1.548757726287886e-4,13.450496112844068,Georges Bank,10.780322021593593,99140729
GB,1983,Spring,37,12404,37.75400054664621,34,4,135,0.6517316008266102,0.20354494369645904,5.327770689848076e-4,31.217998736716996,Georges Bank,6.820475126240676,99140729
GB,1984,Fall,40,12163,29.41622095698864,29,2,110,0.48757940190681426,0.17806701804411088,1.0259749676006846e-4,14.91909176913304,Georges Bank,10.885247101017024,83114541
GB,1984,Spring,36,5391,45.6572120362698,39,3,112,1.0982654716953844,0.5080849462284686,1.2705264994290432e-4,14.312562462338116,Georges Bank,6.30968040241289,83114541
GB,1985,Fall,38,33636,19.5190007396008,11,2,114,0.2125223577983769,0.02668506948648196,1.0259749676006846e-4,16.68155452233745,Georges Bank,11.88135897152659,98469380
GB,1985,Spring,39,13946,38.86390362828051,34.160000000001425,3,125,0.702387389393113,0.24986398297345563,2.208808307400755e-4,20.030117670780868,Georges Bank,6.569108702395873,98469380
GB,1986,Fall,37,14503,38.15953819190367,32,2,108,0.691342495295859,0.2533888244966196,1.2114625991347348e-4,10.925586906196523,Georges Bank,12.05019731854274,78898342
GB,1986,Spring,39,13630,36.223184152604546,31,3,127,0.59295283813957,0.1693907994342024,2.103228749702038e-4,21.02724539974517,Georges Bank,6.985415411112122,78898342
GB,1987,Fall,36,15428,40.04161265232046,40,2,136,0.5462782840585539,0.3145015730167318,4.477530764288502e-5,28.960756916286,Georges Bank,10.438199629714456,79978084
GB,1987,Spring,37,13038,41.652081096282664,34,3,131,0.6849820854792545,0.22873174705465563,3.163249227451163e-4,28.29597968133623,Georges Bank,5.941884493968278,79978084
GB,1988,Fall,33,12922,26.87919826652221,26,2,115,0.3315773628032193,0.1372870393298193,4.835555390003871e-5,17.143289593382335,Georges Bank,10.486163212412176,93821241
GB,1988,Spring,36,12127,52.9571204749732,56,3,120,0.9926013708815764,0.7162559915791776,2.208808307400755e-4,17.6775810243435,Georges Bank,5.851621881738271,93821241
GB,1989,Fall,38,14586,27.335714200033653,26,2,106,0.2867271203043656,0.13848340827079922,4.477530764288502e-5,10.268196998950383,Georges Bank,11.286745345446551,85965225
GB,1989,Spring,36,9606,37.90710803127475,34,3,120,0.6208587269825528,0.25661272420846065,3.163249227451163e-4,17.6775810243435,Georges Bank,6.028483347820314,85965225
GB,1990,Fall,38,26367,22.106794333349853,16,2,111,0.2526211022464606,0.05036646843098909,4.477530764288502e-5,13.299041964725845,Georges Bank,10.99407268352339,100810359
GB,1990,Spring,32,19641,55.75621024199972,62,4,140,1.0726845250114616,1.0090100626453875,5.030669608807974e-4,28.334801911173606,Georges Bank,6.356982731033898,100810359
GB,1991,Fall,36,12090,22.61348939305587,19,3,106,0.3009476917493189,0.06605792388181526,1.548757726287886e-4,18.8984222154685,Georges Bank,12.246679637900495,95771293
GB,1991,Spring,37,11888,39.689602134628544,36,3,127,0.6672468230275252,0.25302202944657026,2.208808307400755e-4,21.02724539974517,Georges Bank,7.044591993243396,95771293
GB,1992,Fall,33,18537,23.8924313535092,24,2,103,0.20932144725471868,0.11491417475396686,1.2114625991347348e-4,10.05551100341392,Georges Bank,10.43948745892378,87813581
GB,1992,Spring,34,11772,41.317957866123,38,5,111,0.6475914374567829,0.25235157891070836,0.00146312129651198,12.80493743600996,Georges Bank,6.189041339261933,87813581
GB,1993,Fall,40,11607,26.63874095741713,26,1,128,0.2693149551076089,0.1441710443713423,5.976950917807663e-6,14.15401636406306,Georges Bank,11.76603083264996,85059835
GB,1993,Spring,37,15177,42.27897476444621,38,2,115,0.6501939531466703,0.311588101827822,6.385767754978434e-5,15.518599496698917,Georges Bank,5.772696188933957,85059835
GB,1994,Fall,42,15150,22.20059405940594,24,2,106,0.1982246019535296,0.10191576396158196,1.2114625991347348e-4,10.268196998950383,Georges Bank,12.090673108149968,14829618
GB,1994,Spring,40,16103,34.01704479843807,32,3,121,0.3171019981813136,0.15917825066210284,1.1958860989804572e-4,14.312562462338116,Georges Bank,6.6770291820446745,14829618
GB,1995,Fall,39,21918,21.723606168446025,15,2,114,0.21217054982135355,0.06605792388181526,2.511243272327328e-5,9.666745266183812,Georges Bank,12.329889863900233,932608
GB,1995,Spring,36,14063,28.79748275616867,23,3,111,0.3703952600195327,0.10732878377949943,8.825890271680295e-5,13.925032700438692,Georges Bank,6.699696724554299,932608
GB,1996,Fall,37,11916,26.18596844578718,25,2,101,0.2450342410108496,0.1372870393298193,1.2114625991347348e-4,8.7463686592836,Georges Bank,9.532117822194715,65037667
GB,1996,Spring,38,23625,33.58603174603174,26,4,103,0.4086699234658106,0.12153428586167889,3.857854553894314e-4,11.075678092555036,Georges Bank,5.889813220719438,65037667
GB,1997,Fall,40,18090,23.68424543946932,24,2,106,0.237659834932205,0.12156497106349866,1.0259749676006846e-4,13.287759804325088,Georges Bank,11.397973843364577,66174593
GB,1997,Spring,37,12968,39.7881708821715,30,3,95,0.6816429981372434,0.21385239919152485,4.1788086216217307e-4,8.118054509315291,Georges Bank,6.062828551701935,66174593
GB,1998,Fall,40,23754,21.81485223541298,19,2,121,0.20483625713923653,0.09194555438976594,2.511243272327328e-5,11.761869454429364,Georges Bank,10.328975356448725,96628479
GB,1998,Spring,38,9806,45.05333469304507,40,4,123,0.8131745147648176,0.5307404663725362,2.27428270542598e-4,13.171288254883189,Georges Bank,5.835254482021915,96628479
GB,1999,Fall,41,22537,19.327505879220837,10,2,116,0.2410632513236305,0.02019752785005926,4.835555390003871e-5,11.611834184516267,Georges Bank,13.298922858428636,76491774
GB,1999,Spring,36,17227,34.52847274627039,26,4,121,0.4677532353151797,0.13629179399800623,5.327770689848076e-4,13.9854584715702,Georges Bank,6.873922884295878,76491774
GB,2000,Fall,37,17843,22.72683965700835,24,2,122,0.268689749665284,0.12156497106349866,1.097870419143184e-4,12.084901664778783,Georges Bank,11.387667054411354,75285194
GB,2000,Spring,36,23336,26.51058450462804,21,3,127,0.29274843360727015,0.07515924584331372,3.097643537660559e-4,13.79325176343917,Georges Bank,7.492422744037282,75285194
GB,2001,Fall,40,20649,23.85200251828176,24,2,126,0.2846134986281985,0.10191576396158196,1.2114625991347348e-4,13.438939281776207,Georges Bank,11.781847352246311,87003817
GB,2001,Spring,40,21945,27.21408065618592,26,4,115,0.2461436770415584,0.14911959600976707,3.857854553894314e-4,10.1176747658145,Georges Bank,6.584225673461317,87003817
GB,2002,Fall,41,21793,34.662735740834215,29,2,129,0.6280463911508706,0.2168482930021146,2.511243272327328e-5,14.521298792536806,Georges Bank,12.5313288053519,77171856
GB,2002,Spring,37,19534,38.028104842838125,33,3,128,0.6077895149795468,0.3186962190014778,3.496765227296875e-4,14.15401636406306,Georges Bank,6.983984133052701,77171856
GB,2003,Fall,35,37266,18.335560564589706,13,2,120,0.13724386817521572,0.02574332985244063,4.477530764288502e-5,11.444898307731895,Georges Bank,11.216951677894349,99492870
GB,2003,Spring,37,7377,38.55941188222236,34,3,110,0.6743544022188783,0.3379086748063469,3.163249227451163e-4,9.811192377354192,Georges Bank,5.603456308304019,99492870
GB,2004,Fall,41,25301,29.08224971345006,26,1,126,0.3724945076208682,0.17421041768131382,1.6547095004121455e-5,13.438939281776207,Georges Bank,9.821495249873408,29790477
GB,2004,Spring,35,15585,29.10522938723131,22,4,107,0.4632022320777072,0.1006306105279956,3.857854553894314e-4,11.849747657927995,Georges Bank,5.162019939407165,29790477
GB,2005,Fall,40,20676,36.38513252079706,33,2,132,0.5667456888076696,0.3638231270484238,6.0075315119125174e-5,15.662912379317149,Georges Bank,11.049019199996216,15957365
GB,2005,Spring,37,10651,31.204487841517228,27,2,110,0.4032046116942584,0.1889584181245808,6.291893637690141e-5,12.09293855122432,Georges Bank,5.4604721898289394,15957365
GB,2006,Fall,38,30970,25.010816919599613,23,2,127,0.30619586798551435,0.0938039686217896,3.949442537340164e-5,13.79325176343917,Georges Bank,11.262873753981332,10065656
GB,2006,Spring,37,9641,38.86588528160979,33,4,134,0.7112790212096487,0.3148936561799632,5.030669608807974e-4,16.457788619329474,Georges Bank,6.346321791699988,10065656
GB,2007,Fall,37,27288,33.84542656112577,32,2,128,0.5511137415955891,0.2607538286953015,4.835555390003871e-5,16.0651756377116,Georges Bank,10.065378292399831,5983687
GB,2007,Spring,37,19162,34.469105521344325,31,5,133,0.5481109831279808,0.2630675403595163,0.00107572627868807,16.05692619618659,Georges Bank,5.442096077528449,5983687
GB,2008,Fall,36,15647,39.31571547261456,36,2,125,0.7066837288530975,0.31283933186573165,2.511243272327328e-5,13.091013361041224,Georges Bank,11.26351196355131,2814592
GB,2008,Spring,34,11132,36.34135824649659,35,4,95,0.6286612627070605,0.3877923446384639,5.030669608807974e-4,7.506775618123478,Georges Bank,6.117472859555255,2814592
GB,2009,Fall,38,31664,29.158317820039613,23,4,130,0.3632031720314164,0.10191576396158196,6.327978382946629e-4,14.895164907769752,Georges Bank,12.700027656651503,2300
GB,2009,Spring,40,14829,32.85867607054671,29,3,138,0.4878541044963164,0.17209650239370777,2.103228749702038e-4,18.131058485720345,Georges Bank,6.333355612436284,2300
GB,2010,Fall,44,36242,28.734308848330105,24,4,133,0.2716117374367141,0.10191576396158196,2.7849929955007044e-4,16.05692619618659,Georges Bank,12.06146285949158,657494
GB,2010,Spring,39,14210,28.470639439208615,26,5,128,0.39215818047200046,0.12854661883778146,0.00189537066697673,14.15401636406306,Georges Bank,7.6048222205003615,657494
GB,2011,Fall,45,41589,29.668023357909092,27,4,131,0.26981143623349296,0.1427150306695537,2.7849929955007044e-4,15.27568071786731,Georges Bank,11.793525657908583,NA
GB,2011,Spring,38,30274,24.08946058785963,20,5,124,0.18799380084956976,0.07503777118110888,0.00107572627868807,12.749408594904036,Georges Bank,6.819724183625359,NA
GB,2012,Fall,41,66697,38.00595026905111,36,3,130,0.4024738444955537,0.2524597293758133,1.64275507653426e-4,19.66080339560248,Georges Bank,13.332908732313816,6437
GB,2012,Spring,41,39197,24.86876194019709,25,4,193,0.19121321570762595,0.11537835640987806,5.030669608807974e-4,100.3650383720492,Georges Bank,8.023089687073329,6437
GB,2013,Fall,40,148134,21.518662836089835,15,3,120,0.11329962758625,0.03624913651253625,1.0259749676006846e-4,16.74186896811501,Georges Bank,12.97748466574476,40077
GB,2013,Spring,40,31053,27.98417774385044,27,5,121,0.2590858368622753,0.13389422510671234,0.00103175219881585,11.761869454429364,Georges Bank,7.513345343432667,40077
GB,2014,Fall,43,72851,27.660371668418406,24,0,136,0.20345608491492656,0.1258002662532531,0,22.036797201126223,Georges Bank,13.523275028772586,211876
GB,2014,Spring,39,138345,23.285533067495063,20,6,133,0.16500966978221288,0.07505530124782268,0.00189537066697673,16.05692619618659,Georges Bank,6.809495365521912,211876
GB,2015,Fall,39,52560,31.11436296453235,30,3,125,0.34352125757964985,0.24760028485484956,1.0259749676006846e-4,13.091013361041224,Georges Bank,13.574142974089128,11869
GB,2015,Spring,42,85665,25.67748927610151,25,5,122,0.18640206062795797,0.13151957415507431,6.183707934231416e-4,22.424595313503477,Georges Bank,7.20306985702142,11869
GB,2016,Fall,45,107633,21.577481686348865,18,2,127,0.15286486661923848,0.0559487204389082,1.0259749676006846e-4,13.79325176343917,Georges Bank,13.822184978592132,1825
GB,2016,Spring,43,42800,34.51302354087237,32,5,128,0.40524361208771315,0.2890386199707593,0.00105458988882066,51.75269701609432,Georges Bank,7.985636847899568,1825
GB,2017,Fall,39,36068,27.998962656347853,27,3,118,0.3060935508004156,0.17034363116073298,1.64275507653426e-4,10.82888082352875,Georges Bank,13.034899594286731,13727
GB,2017,Spring,46,35007,29.89738655259428,28,5,141,0.35042481788967533,0.17925291158281728,6.042520665517852e-4,81.95310927881202,Georges Bank,6.813440471639116,13727
GB,2018,Fall,41,35666,22.783968263079903,12,3,120,0.24650336839092044,0.02047635599297434,1.0259749676006846e-4,11.444898307731895,Georges Bank,12.757454045910343,45170
GB,2018,Spring,41,17075,32.4018591412538,31,4,129,0.4151606496860992,0.2613026054032427,7.708110198665078e-4,22.424595313503477,Georges Bank,7.510661317398125,45170
GB,2019,Fall,41,46190,33.82387324094962,33,2,127,0.4398219433940208,0.18126575442487897,1.0259749676006846e-4,13.79325176343917,Georges Bank,11.96212747091576,404746
GB,2019,Spring,43,21692,30.131057003143976,27,4,191,0.3866997391666827,0.16427718516834103,5.030669608807974e-4,97.0065205878845,Georges Bank,6.66164533522968,404746
GoM,1970,Fall,29,9941,35.1489718638805,29,3,129,0.776514765091236,0.31919374289160257,1.548757726287886e-4,24.550826962877224,Gulf of Maine,7.225850052113284,169455791
GoM,1970,Spring,29,8761,35.362812806496876,29,6,118,0.77426634971961406,0.282843388854105,0.00103175219881585,16.791240668173533,Gulf of Maine,6.097260028330434,169455791
GoM,1971,Fall,35,9592,35.077676376024975,30,3,130,0.905305534561808,0.3383330084026459,1.548757726287886e-4,25.1507118171556,Gulf of Maine,6.854390709070237,170155599
GoM,1971,Spring,30,11560,32.84021604410087,30,4,121,0.6670952565585645,0.4013059885057061,5.378131793918438e-4,17.442083817676576,Gulf of Maine,5.842094320914239,170155599
GoM,1972,Fall,35,13822,33.36859536950078,27,3,135,0.6838831276480459,0.21886793904854343,1.548757726287886e-4,28.30023227900544,Gulf of Maine,7.163878515699674,171732809
GoM,1972,Spring,28,14408,31.038616461921144,29,4,112,0.5840588939971583,0.31919374289160257,2.960716094033669e-4,17.641156647788478,Gulf of Maine,6.1098683208929945,171732809
GoM,1973,Fall,35,8081,35.84688126469336,31,3,130,0.9262276444837332,0.35863517558286584,1.548757726287886e-4,25.1507118171556,Gulf of Maine,6.859311343766963,182400954
GoM,1973,Spring,32,9546,37.873996821904456,31,4,132,0.8347512000773957,0.331071195104512,2.6932279165007504e-4,23.6651514780113,Gulf of Maine,6.025237694943795,182400954
GoM,1974,Fall,34,9013,32.32666640111709,29,2,130,0.6787232947984103,0.275055066879454,4.477530764288502e-5,21.69678798344625,Gulf of Maine,7.83618224452252,196596192
GoM,1974,Spring,29,9799,32.35272295428058,26,4,130,0.6480686972166356,0.13009376432232775,3.097643537660559e-4,22.584773472632666,Gulf of Maine,6.676917287050119,196596192
GoM,1975,Fall,34,16254,31.297096557662098,29,3,118,0.5454116453711254,0.20801904880425515,1.548757726287886e-4,18.580530273685422,Gulf of Maine,8.141670059340695,203238634
GoM,1975,Spring,33,14753,27.173199095320157,20,4,120,0.43558347047131785,0.05505068931660643,3.857854553894314e-4,19.683634697956528,Gulf of Maine,7.395399289334972,203238634
GoM,1976,Fall,35,13245,42.68640024295746,34,1,134,1.0031145413484128,0.3478748031385694,7.421717934668531e-6,27.277359277608433,Gulf of Maine,8.747236982149483,271182082
GoM,1976,Spring,33,17238,31.85996563216057,26,5,141,0.5625977974253332,0.15222777188126124,5.640109368579932e-4,35.98413208328084,Gulf of Maine,7.752861579108431,271182082
GoM,1977,Fall,35,18619,35.56535135252724,32,3,126,0.8015232396569871,0.282843388854105,1.548757726287886e-4,25.98044743335131,Gulf of Maine,7.296577942830976,273898347
GoM,1977,Spring,32,12782,34.34181617970557,30,3,133,0.651657797883914,0.21886793904854343,1.5615322430887702e-4,24.218154596176937,Gulf of Maine,5.846221043761372,273898347
GoM,1978,Fall,37,28610,34.6594535190655,31,2,146,0.7856910757469301,0.2955284474720241,5.407799053788915e-5,36.15267780847504,Gulf of Maine,6.8328676893049884,317824988
GoM,1978,Spring,34,7968,36.47787942663432,32,5,131,0.7476408717544939,0.31919374289160257,7.098109415556149e-4,21.996024940908583,Gulf of Maine,5.723111102901889,317824988
GoM,1979,Fall,36,25097,35.15477801865411,30,2,133,0.7888124700193802,0.282843388854105,2.873149093435317e-5,27.01006149758109,Gulf of Maine,6.901917830759596,372910185
GoM,1979,Spring,32,15362,28.369759962319904,26,3,133,0.47361541387801737,0.1944079006230159,2.208808307400755e-4,24.218154596176937,Gulf of Maine,5.67686030238142,372910185
GoM,1980,Fall,36,11606,35.06576834935268,31,2,127,0.7288756536896138,0.28541765280245035,1.830452139612061e-4,23.380390768237135,Gulf of Maine,7.374583509514998,431264688
GoM,1980,Spring,33,10781,31.57627672895592,28,3,125,0.5479678467828053,0.1834239299983712,1.5615322430887702e-4,20.030117670780868,Gulf of Maine,5.859807022604419,431264688
GoM,1981,Fall,36,7713,37.80164743655649,34,4,134,0.8783679246713154,0.3989665853593915,3.735691319226485e-4,31.336015711869837,Gulf of Maine,7.039715994241452,371209571
GoM,1981,Spring,34,10951,36.4999143599853,32,3,124,0.7671130652067444,0.2985777577915594,1.5615322430887702e-4,26.088857427853135,Gulf of Maine,5.510634351656247,371209571
GoM,1982,Fall,35,7916,42.307681000930195,34,4,114,0.98453332305894,0.4013059885057061,3.735691319226485e-4,18.71017567784214,Gulf of Maine,6.6083745794070685,288232824
GoM,1982,Spring,30,8780,39.89281992011561,34,4,132,0.873580012380489,0.4013059885057061,2.960716094033669e-4,23.6651514780113,Gulf of Maine,5.625268474791142,288232824
GoM,1983,Fall,31,11585,33.60958686509826,27,4,124,0.5992392138225964,0.1768832358677559,3.735691319226485e-4,21.69678798344625,Gulf of Maine,7.0370769267109745,285561100
GoM,1983,Spring,32,7707,31.382446124592445,29,5,135,0.5226131513864498,0.17221006226224714,0.00105474702746094,25.35013326153491,Gulf of Maine,5.81736746498479,285561100
GoM,1984,Fall,36,6827,36.707816651957756,32,4,123,0.7174250691316929,0.282843388854105,3.735691319226485e-4,23.23009743459857,Gulf of Maine,7.752150464053482,283694725
GoM,1984,Spring,31,5445,35.95987856949099,31,6,118,0.7420949188804727,0.25661272420846065,0.00103175219881585,15.595518851467842,Gulf of Maine,6.572373585344766,283694725
GoM,1985,Fall,40,14547,29.807008451182156,27,4,128,0.4068044715503491,0.15332131881452135,3.735691319226485e-4,23.96074846981564,Gulf of Maine,7.969396140438193,231018806
GoM,1985,Spring,33,9556,37.31613645876936,33,6,117,0.7606477191013061,0.30279012791808874,0.00110393309780004,17.641156647788478,Gulf of Maine,6.5699187830013654,231018806
GoM,1986,Fall,39,15394,32.77033283846552,26,4,128,0.4498387298447337,0.16051716698184074,3.735691319226485e-4,23.96074846981564,Gulf of Maine,8.0012623181177,223447807
GoM,1986,Spring,33,10165,28.062961141170685,19,3,122,0.49146884246467704,0.04697001397038621,1.2705264994290432e-4,26.73104052711372,Gulf of Maine,6.869493492447833,223447807
GoM,1987,Fall,34,9109,33.50675156438687,28,4,113,0.48449343756974855,0.17266816610430524,3.735691319226485e-4,13.868505239584785,Gulf of Maine,7.507331337163203,207887469
GoM,1987,Spring,32,7783,32.186049361868605,28,4,136,0.5084668843841597,0.19097156624409692,3.857854553894314e-4,25.929246581947385,Gulf of Maine,6.252062685915057,207887469
GoM,1988,Fall,34,13243,33.602960054368346,29,4,136,0.5795966761950494,0.19242864248150457,3.735691319226485e-4,24.05841833713265,Gulf of Maine,7.7497880925810705,201818385
GoM,1988,Spring,32,7732,30.482281427832383,27,4,110,0.5638342486898827,0.1742854300690951,3.857854553894314e-4,20.217479820055992,Gulf of Maine,6.765043658748895,201818385
GoM,1989,Fall,35,16512,31.52683462023877,27,3,112,0.4063514070321008,0.17266816610430524,1.548757726287886e-4,15.783595977741443,Gulf of Maine,7.435120972563022,166158339
GoM,1989,Spring,33,13522,23.21621447948938,18,4,125,0.2652200151516096,0.0338688178097843,5.327770689848076e-4,20.030117670780868,Gulf of Maine,6.023735901448731,166158339
GoM,1990,Fall,33,22745,42.43569236203596,30,2,119,0.7562833390224398,0.23838006735472744,1.548757726287886e-4,19.077237380629978,Gulf of Maine,7.734164384069068,223046313
GoM,1990,Spring,31,9504,33.28660761110725,27,3,119,0.5645402084794994,0.15332131881452135,2.208808307400755e-4,18.64397524506851,Gulf of Maine,6.372984212051113,223046313
GoM,1991,Fall,34,19525,35.55955482882123,28,2,114,0.47030065383663705,0.17806701804411088,4.477530764288502e-5,18.71017567784214,Gulf of Maine,8.12404577723205,226304244
GoM,1991,Spring,34,7928,26.104814963679935,19,4,131,0.38618886303811006,0.0485582886049207,5.030669608807974e-4,21.996024940908583,Gulf of Maine,6.79491532910327,226304244
GoM,1992,Fall,33,21903,33.22343971145505,26,3,115,0.4495653507372315,0.1543045279990456,8.6632534929304e-5,14.133561892865409,Gulf of Maine,6.609110535969612,221048557
GoM,1992,Spring,34,21528,24.64994425863991,18,5,139,0.26296774628932473,0.04015999657627778,7.098109415556149e-4,27.719909783136313,Gulf of Maine,5.654052596467333,221048557
GoM,1993,Fall,35,18504,25.445017513525713,23,2,118,0.2439137273142175,0.10303683828861354,4.477530764288502e-5,18.580530273685422,Gulf of Maine,7.736252007304145,204454521
GoM,1993,Spring,34,13238,30.41411089288412,26,3,129,0.4074222002919642,0.14330869798114673,2.103228749702038e-4,22.057261001118277,Gulf of Maine,6.229581513295915,204454521
GoM,1994,Fall,36,20240,33.23162055335968,26,3,112,0.4283388378277389,0.14266538161688916,9.922006857520468e-5,15.783595977741443,Gulf of Maine,8.317051427349694,99216852
GoM,1994,Spring,34,13195,33.197579500860634,24,4,111,0.4229519783794672,0.11568723145286933,3.857854553894314e-4,13.925032700438692,Gulf of Maine,7.425330807684799,99216852
GoM,1995,Fall,35,43229,23.171088852390756,23,3,126,0.19520593207080275,0.08994576091367032,1.548757726287886e-4,18.883113704273413,Gulf of Maine,8.150950327290795,96331430
GoM,1995,Spring,34,16575,24.83843137254902,17,4,126,0.2682140334377193,0.0338688178097843,5.327770689848076e-4,20.52460487861279,Gulf of Maine,7.389617916418949,96331430
GoM,1996,Fall,37,20532,27.772209234365867,24,4,104,0.29551841493689784,0.1441710443713423,2.490955667996384e-4,20.44564467744209,Gulf of Maine,7.819386573418667,216349582
GoM,1996,Spring,34,10843,33.631375080697225,26,4,112,0.46313782089551575,0.15043256303489802,3.857854553894314e-4,10.292746001748156,Gulf of Maine,7.400760248599899,216349582
GoM,1997,Fall,36,20770,31.60712566201252,26,3,125,0.4289720679117632,0.17266816610430524,2.65048474310724e-4,19.582899017593824,Gulf of Maine,7.861258130887075,212246569
GoM,1997,Spring,33,37041,22.692340919521612,20,4,108,0.21163659401430593,0.12204418978947676,3.857854553894314e-4,12.80493743600996,Gulf of Maine,7.240308309389812,212246569
GoM,1998,Fall,34,40113,24.666217934335503,22,3,97,0.19857557988209215,0.07896059071220805,1.548757726287886e-4,8.493027000950688,Gulf of Maine,6.67221657767112,110951265
GoM,1998,Spring,33,29700,24.22097643097643,16,5,124,0.23644528249145744,0.02765312270838008,0.00106241829327627,19.54371516264706,Gulf of Maine,6.423215838711141,110951265
GoM,1999,Fall,38,41913,27.008660797365973,24,3,111,0.3147470931323106,0.128984673996502,1.548757726287886e-4,11.966000243735182,Gulf of Maine,8.253344055637786,62178708
GoM,1999,Spring,33,15141,26.71111551416683,23,5,154,0.2867855587210242,0.11622312477661004,0.00103175219881585,48.00182030099808,Gulf of Maine,6.599113874358119,62178708
GoM,2000,Fall,38,32532,30.85414361244313,25,3,113,0.3835882445343347,0.1543045279990456,3.735691319226485e-4,31.772885473809517,Gulf of Maine,7.9370715783503405,51591865
GoM,2000,Spring,34,35635,24.49499087975305,23,5,126,0.22705550861006785,0.1010375717457236,0.00105474702746094,13.438939281776207,Gulf of Maine,7.30425751625657,51591865
GoM,2001,Fall,36,25041,32.862066211413286,26,3,127,0.4643789424846736,0.19097156624409692,1.548757726287886e-4,26.40608512200332,Gulf of Maine,7.563732408415918,47084145
GoM,2001,Spring,33,28111,25.869054818398492,23,4,115,0.24690438981266383,0.09048740745143002,1.8405706707982924e-4,15.518599496698917,Gulf of Maine,7.049815657765618,47084145
GoM,2002,Fall,38,42122,29.907839133944258,25,3,129,0.3881167282616912,0.1543045279990456,1.548757726287886e-4,17.613640943211124,Gulf of Maine,8.212129466998597,46678647
GoM,2002,Spring,34,27869,28.81563744662528,25,4,133,0.3623993517764557,0.19097156624409692,2.5920749220636704e-4,18.359964200199705,Gulf of Maine,7.203254483667647,46678647
GoM,2003,Fall,34,41269,26.34015847246117,25,3,126,0.30833457599771386,0.17266816610430524,2.65048474310724e-4,22.809668372734308,Gulf of Maine,7.397220331953322,50683689
GoM,2003,Spring,34,20555,24.190750986864636,20,4,132,0.30019704274297676,0.08385075640632667,3.857854553894314e-4,19.06532877386568,Gulf of Maine,6.5662483052967575,50683689
GoM,2004,Fall,37,21304,33.01257979722118,27,4,128,0.5028708965005096,0.21886793904854343,4.7217231338636577e-4,18.09269299746476,Gulf of Maine,6.581052144991661,16709740
GoM,2004,Spring,32,24940,23.859302325581396,22,6,124,0.2539690614897191,0.10183548224974452,0.00103175219881585,23.648223301837245,Gulf of Maine,6.002001214808151,16709740
GoM,2005,Fall,38,22920,38.34323734729494,28,4,129,0.6748095917810715,0.31919374289160257,2.490955667996384e-4,24.550826962877224,Gulf of Maine,7.419403331305067,22063270
GoM,2005,Spring,30,14120,27.104957507082155,26,4,122,0.3779875348333178,0.21886793904854343,5.327770689848076e-4,21.245614983651603,Gulf of Maine,6.0363671868446565,22063270
GoM,2006,Fall,39,37958,37.255413878497286,26,3,127,0.632329930087941,0.21886793904854343,1.548757726287886e-4,22.24849588280608,Gulf of Maine,8.105191284696756,13187691
GoM,2006,Spring,33,11165,32.71070309001343,26,3,113,0.5074834315552325,0.18034718409189693,2.103228749702038e-4,17.641156647788478,Gulf of Maine,7.187817332339621,13187691
GoM,2007,Fall,38,31730,34.75884021430823,25,3,140,0.5382539560958016,0.21695426763214803,1.548757726287886e-4,65.57722219030396,Gulf of Maine,6.947087851781201,4121953
GoM,2007,Spring,35,21227,26.26607622367739,23,3,110,0.3252711879064044,0.14269184292893547,2.103228749702038e-4,12.378864562313783,Gulf of Maine,6.716049679533998,4121953
GoM,2008,Fall,37,32149,32.11944383962176,26,4,130,0.4626740966934571,0.21886793904854343,3.3433487961593184e-4,20.097599973746103,Gulf of Maine,6.992881130390625,2015977
GoM,2008,Spring,35,18597,30.10501693821584,27,3,133,0.41893026485535456,0.2494468512681148,2.208808307400755e-4,16.05692619618659,Gulf of Maine,6.488449307654655,2015977
GoM,2009,Fall,35,39335,26.670396587101894,20,5,125,0.3393121468749591,0.08708200340398124,5.086850416679955e-4,14.91909176913304,Gulf of Maine,7.145660459220375,3011286
GoM,2009,Spring,34,30362,21.863568030624,19,5,107,0.18549706180764905,0.06394485016938731,0.00118577382005577,14.607000991116513,Gulf of Maine,6.613410577861017,3011286
GoM,2010,Fall,35,43464,25.77884546433985,23,5,128,0.26362212828100773,0.09838895402854708,5.086850416679955e-4,23.380390768237135,Gulf of Maine,8.218822613533348,2674587
GoM,2010,Spring,35,45025,20.70175129668888,15,4,132,0.1798456982809203,0.02336728250635928,7.780746034195162e-4,23.03005547236798,Gulf of Maine,7.023003588099646,2674587
GoM,2011,Fall,35,48244,25.9271077082725,23,4,125,0.2569312819039058,0.10708755232631532,2.490955667996384e-4,14.155904857313176,Gulf of Maine,8.355227882317223,3579719
GoM,2011,Spring,34,31013,24.8955562251602,23,4,127,0.2514768767270179,0.1006306105279956,5.327770689848076e-4,13.79325176343917,Gulf of Maine,8.042593561590552,3579719
GoM,2012,Fall,42,74734,31.416419525352012,24,2,141,0.4309252751625118,0.11491417475396686,1.830452139612061e-4,81.95310927881202,Gulf of Maine,8.819582334309011,2593605
GoM,2012,Spring,34,56069,21.868683722125613,18,4,124,0.1618060065084427,0.05971125386289354,3.097643537660559e-4,13.9854584715702,Gulf of Maine,8.106801153402076,2593605
GoM,2013,Fall,38,59775,30.78279685170563,24,3,125,0.35389961047134777,0.12156497106349866,2.490955667996384e-4,13.091013361041224,Gulf of Maine,9.376658976475472,1255988
GoM,2013,Spring,36,41418,24.762674929012363,21,5,135,0.21198500952610383,0.08830011165388614,5.640109368579932e-4,16.865566245604448,Gulf of Maine,7.555670244691998,1255988
GoM,2014,Fall,39,64223,27.760941968734933,25,3,129,0.2745768001784688,0.1372870393298193,3.735691319226485e-4,18.191566304463628,Gulf of Maine,8.78756664911225,1669306
GoM,2014,Spring,34,38644,23.43777508372925,22,5,133,0.1907963714083631,0.095361675965752,0.00103175219881585,16.05692619618659,Gulf of Maine,7.939860243246497,1669306
GoM,2015,Fall,39,60408,27.813243775200217,26,4,145,0.2844724960469407,0.17421041768131382,3.735691319226485e-4,40.30483076300706,Gulf of Maine,8.742421874766421,1679206
GoM,2015,Spring,35,54495,27.04317247811923,27,5,129,0.26553079668028057,0.18974831501188116,5.981079808461115e-4,26.908737554297176,Gulf of Maine,7.929472815926759,1679206
GoM,2016,Fall,40,93751,35.6277073881749,27,4,122,0.45839660814212557,0.19242864248150457,3.735691319226485e-4,47.170368768191544,Gulf of Maine,9.428459485066982,1620685
GoM,2016,Spring,35,60547,31.925265661988895,27,5,117,0.39898043095751806,0.21385239919152485,0.00143799614035158,14.607000991116513,Gulf of Maine,8.218121541706006,1620685
GoM,2017,Fall,38,52860,35.801795508412155,27,4,127,0.4764545517241838,0.17806701804411088,5.086850416679955e-4,13.79325176343917,Gulf of Maine,8.982953993433524,1323988
GoM,2017,Spring,36,39526,27.51273594809011,25,5,131,0.2813390213826556,0.15332131881452135,0.00106241829327627,19.683634697956528,Gulf of Maine,7.897124749349599,1323988
GoM,2018,Fall,36,27007,29.44519981134742,26,3,134,0.35815093975625306,0.16051716698184074,2.799258889858744e-4,16.457788619329474,Gulf of Maine,8.846908351331033,625011
GoM,2018,Spring,34,18247,24.362782685727147,23,6,133,0.2334005536102928,0.08385075640632667,0.00171924054158942,29.7320842810842,Gulf of Maine,8.389193560520164,625011
GoM,2019,Fall,38,30309,29.654837524547773,27,4,126,0.3191160328128562,0.17266816610430524,3.735691319226485e-4,16.21564121384762,Gulf of Maine,9.641861748748662,853112
GoM,2019,Spring,35,27367,26.231868074160957,23,4,137,0.2636603454624089,0.09893445762304824,7.035529732182147e-4,21.245614983651603,Gulf of Maine,8.219224170845225,853112
MAB,1970,Fall,29,18548,16.05766792425353,15,2,153,0.0693016994666529,0.04071653145128563,4.477530764288502e-5,130.25060158949566,Mid-Atlantic Bight,13.839641797124068,8000
MAB,1970,Spring,38,26763,16.094327694295586,12,5,103,0.1002992094883039,0.03196065124416903,5.981079808461115e-4,13.9854584715702,Mid-Atlantic Bight,8.150002995694127,8000
MAB,1971,Fall,38,26517,13.759300581466809,13,1,135,0.04714887038532277,0.0266409111191197,2.4143388100739943e-5,14.337783605848822,Mid-Atlantic Bight,13.118718570138672,22240
MAB,1971,Spring,35,30501,18.227671306164645,12,2,104,0.17649547647731106,0.03203994465684719,1.0259749676006846e-4,15.408883914750907,Mid-Atlantic Bight,7.692081767598131,22240
MAB,1972,Fall,33,11866,14.894868766789164,12,2,136,0.108596622862506,0.03441164288197898,4.477530764288502e-5,91.37990492248316,Mid-Atlantic Bight,13.83053682551337,143855
MAB,1972,Spring,39,48687,14.439084576830584,11,3,119,0.11102906537742216,0.02268319659584039,4.6920628302120575e-5,16.20460299681895,Mid-Atlantic Bight,8.373492366582349,143855
MAB,1973,Fall,39,24185,14.527213324717488,14,2,186,0.0913821630220666,0.03826113181607672,2.511243272327328e-5,235.3918558822897,Mid-Atlantic Bight,13.559520145780924,673049
MAB,1973,Spring,38,67771,27.49026979969704,24,2,109,0.280973387952336,0.12072108489810798,2.511243272327328e-5,17.641156647788478,Mid-Atlantic Bight,8.165143340631099,673049
MAB,1974,Fall,35,11173,13.625704824129595,12,2,121,0.08681421290098223,0.03441164288197898,4.477530764288502e-5,92.04564777489536,Mid-Atlantic Bight,14.425368031024425,105052
MAB,1974,Spring,38,9349,29.915088513939672,20,3,126,0.5720307451562178,0.0951188175303686,1.1958860989804572e-4,17.641156647788478,Mid-Atlantic Bight,9.757143502883975,105052
MAB,1975,Fall,35,11342,21.310177317836267,20,2,186,0.2713519266585563,0.0797698664495653,2.511243272327328e-5,70.81917354896724,Mid-Atlantic Bight,13.871879704777836,4489
MAB,1975,Spring,33,13851,20.502311346698527,16,3,105,0.19732409554269237,0.05790642108973199,1.0259749676006846e-4,17.641156647788478,Mid-Atlantic Bight,8.601184106033644,4489
MAB,1976,Fall,38,27451,13.471715989983084,12,1,226,0.11977286009218564,0.03778321612042515,5.976950917807663e-6,424.08795501862915,Mid-Atlantic Bight,12.960008870156072,189394
MAB,1976,Spring,38,17438,18.44204850730232,11,2,120,0.17193449101092703,0.02268319659584039,7.986327065639552e-5,12.361947876980391,Mid-Atlantic Bight,9.84756949147888,189394
MAB,1977,Fall,36,38796,16.20556137925625,16,2,147,0.11797221331720288,0.04619423187702246,1.548757726287886e-4,85.4228077928724,Mid-Atlantic Bight,13.267140324765183,106364
MAB,1977,Spring,38,19728,21.4360661500677,18,3,116,0.17971772243148135,0.0991961591313162,1.0259749676006846e-4,23.621799138032433,Mid-Atlantic Bight,7.952035135242883,106364
MAB,1978,Fall,29,9689,14.797218610413454,13,2,130,0.0626405069335204,0.03441164288197898,1.548757726287886e-4,79.73133067709455,Mid-Atlantic Bight,14.265659562936031,61182770
MAB,1978,Spring,38,26601,28.18393818894715,20,4,116,0.40456498162686794,0.0951188175303686,1.8405706707982924e-4,15.743477278568092,Mid-Atlantic Bight,8.967039063239199,61182770
MAB,1979,Fall,37,42541,12.524779053017085,11,3,180,0.06204136953674138,0.02668506948648196,1.548757726287886e-4,133.81237124601626,Mid-Atlantic Bight,13.272415983770813,28960657
MAB,1979,Spring,33,15106,19.472640192568264,18,3,110,0.15121342376193717,0.08385075640632667,1.1958860989804572e-4,20.217479820055992,Mid-Atlantic Bight,8.119956387210783,28960657
MAB,1980,Fall,35,21972,13.196033098662582,11,3,185,0.04679577734369988,0.02668506948648196,1.548757726287886e-4,48.31104352789958,Mid-Atlantic Bight,11.94383073284806,39936336
MAB,1980,Spring,38,39665,19.39826983933952,16,3,123,0.14910017985714918,0.03852736505147297,1.1958860989804572e-4,19.06532877386568,Mid-Atlantic Bight,7.125228766534548,39936336
MAB,1981,Fall,40,34728,13.124840093001657,12,3,169,0.05239569050864406,0.02875908743843548,1.3068486344424823e-4,176.19298433818508,Mid-Atlantic Bight,12.52003527015004,41838565
MAB,1981,Spring,37,22434,25.640860613687853,14,4,113,0.4159554840361826,0.04154137689743497,2.960716094033669e-4,17.641156647788478,Mid-Atlantic Bight,7.529529646017222,41838565
MAB,1982,Fall,36,11496,15.606432039606547,13,2,158,0.13889557248860396,0.03441164288197898,4.835555390003871e-5,127.8901522731362,Mid-Atlantic Bight,14.19465429949109,27884157
MAB,1982,Spring,38,16378,36.00314349469405,21,3,110,0.8269587277030224,0.08803210388358908,1.0259749676006846e-4,16.674537933961187,Mid-Atlantic Bight,8.215907637735384,27884157
MAB,1983,Fall,36,32051,12.69307168258059,11,2,195,0.05735241380751808,0.02668506948648196,5.4369690751071577e-5,157.95842363968757,Mid-Atlantic Bight,14.87771059770036,28312851
MAB,1983,Spring,33,11681,49.65036169132773,59,3,112,1.0340895272008808,0.8305557113750877,1.0259749676006846e-4,21.313600555300813,Mid-Atlantic Bight,9.083805835169066,28312851
MAB,1984,Fall,36,26864,12.605084452970098,11,2,153,0.05401799886580303,0.02668506948648196,4.477530764288502e-5,76.08155550046739,Mid-Atlantic Bight,12.886608774212446,34371738
MAB,1984,Spring,35,19891,30.576562478783416,21,2,111,0.4195314849399318,0.08809069924374731,9.37943326539252e-5,13.9854584715702,Mid-Atlantic Bight,7.3520358453717956,34371738
MAB,1985,Fall,41,43429,13.23136633545806,12,2,136,0.06333891741633023,0.0276476887767671,4.477530764288502e-5,48.12451725524735,Mid-Atlantic Bight,15.090057952401937,25109791
MAB,1985,Spring,35,28271,29.288387393442044,12,3,111,0.5846293838241965,0.03203994465684719,1.0259749676006846e-4,9.828913975961326,Mid-Atlantic Bight,9.061416349988022,25109791
MAB,1986,Fall,34,19157,14.707803935898106,13,2,145,0.08316777762259892,0.03375540053108058,4.477530764288502e-5,110.9061908311642,Mid-Atlantic Bight,15.46742348194725,26844088
MAB,1986,Spring,35,12943,30.09572742022715,21,3,111,0.35993959596293157,0.095361675965752,1.0259749676006846e-4,16.20460299681895,Mid-Atlantic Bight,9.399867887187805,26844088
MAB,1987,Fall,28,16394,12.949798706843968,11,2,123,0.05412842700845046,0.02712609873433677,1.548757726287886e-4,67.44979604181162,Mid-Atlantic Bight,14.001507225396464,28711299
MAB,1987,Spring,35,24909,38.5683086434622,26,3,111,0.7206097944304908,0.1482571461419473,1.0259749676006846e-4,16.674537933961187,Mid-Atlantic Bight,8.232620639489586,28711299
MAB,1988,Fall,26,3651,15.536565324568612,14,1,174,0.196010707904323,0.0407165314512857,2.4143388100739943e-5,110.9061908311642,Mid-Atlantic Bight,14.332391811750352,35305694
MAB,1988,Spring,34,23233,21.42977661085525,19,2,109,0.1956031844883716,0.074317105473498,2.511243272327328e-5,8.601003835872339,Mid-Atlantic Bight,8.164068876983753,35305694
MAB,1989,Fall,37,34125,12.35199662048442,11.247019345302531,2,125,0.03473270096360949,0.02668506948648196,4.477530764288502e-5,15.337130942476907,Mid-Atlantic Bight,14.138351171902157,643458662
MAB,1989,Spring,36,15287,47.11668045655547,38,5,109,1.0279439566944997,0.34375348482642637,0.00113781612869345,9.801754015806418,Mid-Atlantic Bight,8.536482872546475,643458662
MAB,1990,Fall,39,41575,12.28993806752563,12,2,192,0.04930021649030035,0.03441164288197898,1.548757726287886e-4,106.34718175439193,Mid-Atlantic Bight,14.569145903308648,757381407
MAB,1990,Spring,34,10333,37.070462505836865,26,3,112,0.6976978810831418,0.0991961591313162,1.0259749676006846e-4,8.317678607482124,Mid-Atlantic Bight,10.036356863415026,757381407
MAB,1991,Fall,34,14642,13.352070103656732,11,2,180,0.07913972636295194,0.02668506948648196,1.548757726287886e-4,117.98705720776556,Mid-Atlantic Bight,14.758734472004528,688103286
MAB,1991,Spring,34,17274,25.598408174522415,20,3,124,0.3022937802467334,0.074317105473498,1.0259749676006846e-4,15.743477278568092,Mid-Atlantic Bight,9.594008435015956,688103286
MAB,1992,Fall,30,21773,11.654664033435909,10,2,140,0.04961926341451945,0.02019752785005926,1.548757726287886e-4,99.7464762777667,Mid-Atlantic Bight,14.219765756882133,653303650
MAB,1992,Spring,36,18056,41.30782011519717,26,2,120,0.7315190420576494,0.1482571461419473,2.511243272327328e-5,9.49776693752568,Mid-Atlantic Bight,9.671783022561318,653303650
MAB,1993,Fall,28,7651,14.186440116200256,13,2,127,0.05879894415367599,0.03441164288197898,1.548757726287886e-4,74.29935069301517,Mid-Atlantic Bight,13.450395908891766,721136213
MAB,1993,Spring,36,27515,27.080792295111756,17,3,152,0.4331088003935843,0.06219607304732396,1.0259749676006846e-4,25.91224350984248,Mid-Atlantic Bight,6.968445332534684,721136213
MAB,1994,Fall,33,58443,10.792190681518743,10,3,169,0.0420466415190494,0.02019752785005926,1.548757726287886e-4,89.36431446175581,Mid-Atlantic Bight,14.541993404767933,572731588
MAB,1994,Spring,36,24961,36.683826399569526,24.930708238938887,3,104,0.5896001857923058,0.10345966670457668,1.0259749676006846e-4,12.361947876980391,Mid-Atlantic Bight,7.826897354101208,572731588
MAB,1995,Fall,38,50676,16.18947825400584,14,2,154,0.08753161241135785,0.03182238904745718,1.0259749676006846e-4,133.04376776342005,Mid-Atlantic Bight,15.816388221261429,751355573
MAB,1995,Spring,37,10058,48.83624975144164,63,3,166,0.937290249813402,1.003619329870019,1.0259749676006846e-4,29.083884177491647,Mid-Atlantic Bight,8.86476736655828,751355573
MAB,1996,Fall,36,45819,14.78393242977804,14,1,118,0.03477522788438716,0.02650805198066101,2.4143388100739943e-5,16.629713914347082,Mid-Atlantic Bight,12.680094743927294,686730013
MAB,1996,Spring,37,19622,54.61711344409336,68,4,117,1.097366986390025,1.166716548144082,2.7849929955007044e-4,11.732021869439192,Mid-Atlantic Bight,7.173931620826442,686730013
MAB,1997,Fall,38,6039,14.14836893525418,13,2,174,0.12976412373466767,0.03793978571351668,1.830452139612061e-4,115.5941516577652,Mid-Atlantic Bight,13.95773388779976,588979627
MAB,1997,Spring,35,18742,23.301728737594708,17,2,108,0.26850512206388394,0.05018775463687452,2.511243272327328e-5,6.581769764106598,Mid-Atlantic Bight,9.970389310200888,588979627
MAB,1998,Fall,39,38072,11.831004412691742,10,2,165,0.05320704100983767,0.02019752785005926,1.548757726287886e-4,135.671888791369,Mid-Atlantic Bight,13.571624689743023,624574215
MAB,1998,Spring,36,18061,23.556447594263883,12,4,115,0.27838468826652346,0.0302093922212576,4.455393930000078e-4,6.327919670609321,Mid-Atlantic Bight,7.850372840478448,624574215
MAB,1999,Fall,42,17468,18.238893977558966,16,3,156,0.1337745269029975,0.04858952703743565,1.0259749676006846e-4,108.61068095280112,Mid-Atlantic Bight,16.811153222224736,483065585
MAB,1999,Spring,39,16303,34.09121020671042,23,4,108,0.49118147406412827,0.11495119653108957,2.7849929955007044e-4,12.755497702332864,Mid-Atlantic Bight,8.933112367587439,483065585
MAB,2000,Fall,38,25091,14.370730540831374,13,1,185,0.10243576621327252,0.02964807045791354,2.4143388100739943e-5,127.8901522731362,Mid-Atlantic Bight,14.69738955677199,446289148
MAB,2000,Spring,35,14983,44.11246078889408,28,3,148,0.8960733514516855,0.18182910357674067,1.0259749676006846e-4,19.5635715432271,Mid-Atlantic Bight,9.616509175786792,446289148
MAB,2001,Fall,35,12232,18.30910725964683,17,2,137,0.11968852280059385,0.04858952703743565,1.4143983068389183e-4,93.42568935443416,Mid-Atlantic Bight,15.690889486542684,565070811
MAB,2001,Spring,37,18933,37.604711350551945,24,3,125,0.5916527442469007,0.1398928582952046,1.0259749676006846e-4,7.642364262048771,Mid-Atlantic Bight,7.553638023181621,565070811
MAB,2002,Fall,34,35887,14.457045726864882,13,2,161,0.04610752818113339,0.02593622739833286,1.4143983068389183e-4,91.37990492248316,Mid-Atlantic Bight,15.515063407506204,422833318
MAB,2002,Spring,39,15677,32.420297250749506,21,3,124,0.5687767564730171,0.11888885723301668,1.0259749676006846e-4,7.0047141193469855,Mid-Atlantic Bight,10.833099570903654,422833318
MAB,2003,Fall,41,34548,16.05215931457682,16,2,166,0.08272793640378419,0.04071653145128563,4.835555390003871e-5,93.42568935443416,Mid-Atlantic Bight,14.158946555205429,431035590
MAB,2003,Spring,36,40697,30.33844687062492,22,3,135,0.4482309816002239,0.10345966670457668,1.0259749676006846e-4,69.42108670910109,Mid-Atlantic Bight,7.500264590141543,431035590
MAB,2004,Fall,35,22912,16.11133903631285,16,2,172,0.08045244282820706,0.03375540053108058,2.511243272327328e-5,169.96642199862248,Mid-Atlantic Bight,13.24071845681846,453571681
MAB,2004,Spring,37,82661,18.1937189242811,11,3,122,0.17872210785711018,0.02268319659584039,1.835639696746532e-4,8.554628129926895,Mid-Atlantic Bight,6.642061309440175,453571681
MAB,2005,Fall,37,22624,15.035802687411598,12.882802547770694,2,171,0.09687592992766128,0.02082069927205544,1.548757726287886e-4,133.04376776342005,Mid-Atlantic Bight,14.229231357212765,98587323
MAB,2005,Spring,33,29159,42.37861380705785,26,5,123,0.7036159879743187,0.1524665462691105,8.863226379115951e-4,6.821943194571969,Mid-Atlantic Bight,7.21904045339271,98587323
MAB,2006,Fall,44,17523,18.224162529247273,16,2,174,0.16415208341548335,0.05743315270488873,2.511243272327328e-5,99.7464762777667,Mid-Atlantic Bight,15.327805103078305,416587799
MAB,2006,Spring,39,31995,39.36499453039537,25,3,104,0.7250288115515844,0.14651812256772925,2.7849929955007044e-4,6.581769764106598,Mid-Atlantic Bight,9.690192596652777,416587799
MAB,2007,Fall,35,8461,15.413308119607612,14,2,184,0.1552493187111803,0.05155317117147115,1.0259749676006846e-4,63.88063684620245,Mid-Atlantic Bight,13.202973826567067,85699080
MAB,2007,Spring,34,23134,48.410305178525114,60,4,119,0.954101468768295,0.8570010916824964,4.455393930000078e-4,6.123868653319678,Mid-Atlantic Bight,8.108487761759125,85699080
MAB,2008,Fall,38,32994,14.228738558525793,12,2,162,0.0636948171891041,0.02680169843293295,2.511243272327328e-5,31.930348792319123,Mid-Atlantic Bight,15.310508586594558,66071110
MAB,2008,Spring,35,26788,37.435120203076,20,3,116,0.7029605756965,0.06394485016938731,1.0259749676006846e-4,5.97623925341114,Mid-Atlantic Bight,10.305130722358532,66071110
MAB,2009,Fall,48,92942,13.410522735354462,12,3,179,0.06055239903154534,0.02668506948648196,2.7849929955007044e-4,87.37869104764859,Mid-Atlantic Bight,15.533601094785396,65995660
MAB,2009,Spring,36,32029,40.418459509653054,25,3,126,0.7176347114148127,0.1269724749282542,1.0259749676006846e-4,17.439368484171794,Mid-Atlantic Bight,9.134975439128898,65995660
MAB,2010,Fall,42,29104,14.35054409474674,13,3,191,0.07281127076490056,0.0434808136884408,1.548757726287886e-4,77.8921399426465,Mid-Atlantic Bight,14.17133815557266,56061528
MAB,2010,Spring,37,103730,30.964395697395837,16,4,105,0.4724113317741298,0.06298928239541816,2.7849929955007044e-4,9.275209639926686,Mid-Atlantic Bight,7.18777147454911,56061528
MAB,2011,Fall,41,134989,12.298830223737182,11,4,187,0.03843776842366979,0.02668506948648196,3.735691319226485e-4,83.4964378477243,Mid-Atlantic Bight,16.03488120813842,55069291
MAB,2011,Spring,41,61251,36.54375731221489,21,3,114,0.6657947667047555,0.07515924584331372,3.163249227451163e-4,12.419539784390311,Mid-Atlantic Bight,9.089312186641116,55069291
MAB,2012,Fall,41,27531,17.14126694252145,16,0,144,0.10975724270011748,0.05678724957069817,0,108.61068095280112,Mid-Atlantic Bight,15.451160151807992,70441540
MAB,2012,Spring,40,44028,46.43708682041211,47,4,125,0.867359451221452,0.38877394286390554,2.7849929955007044e-4,9.424064287544711,Mid-Atlantic Bight,11.3299369110241,70441540
MAB,2013,Fall,31,18252,13.09205636528774,13,3,110,0.04617894734044784,0.02918646216012171,1.64275507653426e-4,17.027767876829138,Mid-Atlantic Bight,14.713050318659253,37031620
MAB,2013,Spring,44,37762,42.64409044706096,28,3,175,0.7172019759271356,0.2183077500338239,2.7849929955007044e-4,34.90346486617515,Mid-Atlantic Bight,8.57316129165413,37031620
MAB,2014,Fall,39,16023,19.009128211139114,17,2,170,0.1284659427563213,0.05399547921304331,4.835555390003871e-5,179.3627042543249,Mid-Atlantic Bight,17.442660334471263,45652752
MAB,2014,Spring,31,15081,39.55497207575747,26,4,98,0.6770553276117284,0.11162045110250075,2.7849929955007044e-4,4.194529732418322,Mid-Atlantic Bight,8.485651678101473,45652752
MAB,2015,Fall,34,45442,13.90554832131793,12,3,168,0.06815113690462811,0.03778321612042515,4.1788086216217307e-4,173.06096626139086,Mid-Atlantic Bight,17.55316154152042,360987821
MAB,2015,Spring,42,39001,36.69386497858164,22,3,122,0.6345052075745216,0.08803210388358908,1.0259749676006846e-4,9.390400653545782,Mid-Atlantic Bight,9.276128188496877,360987821
MAB,2016,Fall,38,31356,15.943712512352644,14,3,210,0.0834424588524476,0.02593622739833286,5.986666734931361e-4,149.33473119736004,Mid-Atlantic Bight,16.36433136839933,329654465
MAB,2016,Spring,41,28116,28.930746734894544,14,4,177,0.4325637591029299,0.04154137689743497,2.7849929955007044e-4,53.61017867698095,Mid-Atlantic Bight,10.186955515638411,329654465
MAB,2017,Spring,41,53065,39.23132609026501,21.152359346583623,3,148,0.6942063097561197,0.0991961591313162,1.0259749676006846e-4,117.98705720776556,Mid-Atlantic Bight,8.870258996008726,326466360
MAB,2018,Fall,39,107074,11.17761320225066,10,3,182,0.0482534750033206,0.02019752785005926,1.548757726287886e-4,138.33452211243767,Mid-Atlantic Bight,14.752559545046392,358632164
MAB,2018,Spring,35,37637,45.4860199192924,56,3,123,0.8022980728088548,0.6797546790629704,1.0259749676006846e-4,12.451127347782112,Mid-Atlantic Bight,8.002249716272166,358632164
MAB,2019,Fall,39,21629,18.632631544730877,17,2,197,0.25722150487711304,0.05399547921304331,1.830452139612061e-4,179.3627042543249,Mid-Atlantic Bight,17.620815551043325,400015938
MAB,2019,Spring,35,87086,36.33023181787071,20,1,123,0.5942278218408991,0.0646345844510047,1.5041238330823565e-6,42.89464097403766,Mid-Atlantic Bight,8.096192176418151,400015938
SNE,1970,Fall,39,27162,22.417929788933268,14,2,105,0.2198651589518429,0.025992867418759,4.477530764288502e-5,17.523823200709774,Southern New England,10.304601875508656,121973790
SNE,1970,Spring,35,24049,26.600499231083084,25,5,108,0.23669708615919188,0.15332131881452135,5.981079808461115e-4,19.15915983664615,Southern New England,6.615302982361779,121973790
SNE,1971,Fall,39,44038,14.81850940379088,10,0,101,0.08211111241210756,0.02019752785005926,0,14.729973772314784,Southern New England,11.614243421465869,95497864
SNE,1971,Spring,39,20371,35.566977123343285,29,3,118,0.532685623119615,0.18974831501188116,1.2705264994290432e-4,23.03005547236798,Southern New England,6.053179846095699,95497864
SNE,1972,Fall,41,30055,23.656847213508883,24,2,110,0.2376225122343865,0.11074453440499948,4.477530764288502e-5,15.173595604214624,Southern New England,12.355877414278858,87231188
SNE,1972,Spring,33,22050,42.58039262144467,32,3,123,0.6772817194805105,0.25615195468918933,7.063890151527607e-5,28.046464973097827,Southern New England,7.159681788987614,87231188
SNE,1973,Fall,33,27598,18.151404962376088,14,2,115,0.14362552332411865,0.02668506948648196,1.548757726287886e-4,12.639521584046816,Southern New England,12.452633367303546,100274125
SNE,1973,Spring,35,57537,27.786802331219533,28,3,114,0.2638720648716002,0.17925291158281728,2.960716094033669e-4,25.650252804217796,Southern New England,6.7793031693639705,100274125
SNE,1974,Fall,34,15963,14.09701002106424,11,2,143,0.1365588712637597,0.02668506948648196,4.477530764288502e-5,86.4788821315438,Southern New England,12.398973753137264,101677878
SNE,1974,Spring,38,22185,31.335522800069963,26,3,117,0.42127128304953543,0.15917825066210284,1.1958860989804572e-4,24.22347159528115,Southern New England,7.925970824137234,101677878
SNE,1975,Fall,38,23552,19.981518423650453,15,3,105,0.21165891396401745,0.031842423885677,1.548757726287886e-4,18.020858911787208,Southern New England,13.157127762721082,71482741
SNE,1975,Spring,35,13666,32.87494938527334,30,4,107,0.3844264269428197,0.16314689292192264,2.960716094033669e-4,18.64397524506851,Southern New England,7.140910018418152,71482741
SNE,1976,Fall,37,28037,15.19515321243627,13,2,106,0.10699410287127498,0.03446588424954047,3.949442537340164e-5,27.58436036767439,Southern New England,11.386408320026248,63747790
SNE,1976,Spring,39,16096,28.79959429425351,26,4,110,0.32888468113406005,0.14202371308005562,2.960716094033669e-4,20.217479820055992,Southern New England,8.098629838439594,63747790
SNE,1977,Fall,40,19491,17.560656597091995,15,2,125,0.20223703479986704,0.05672176801044912,3.949442537340164e-5,51.75269701609432,Southern New England,12.662296861532168,62775715
SNE,1977,Spring,38,8982,36.85879247920043,31,3,119,0.5250218498037953,0.22186430771304833,4.1788086216217307e-4,16.0651756377116,Southern New England,6.415052871515496,62775715
SNE,1978,Fall,37,31285,20.9235460669312,18,2,106,0.18242155644731525,0.09024226993514722,4.477530764288502e-5,16.087019982701133,Southern New England,12.077970094506746,142840827
SNE,1978,Spring,37,20706,29.059881932226364,28,3,110,0.24448263845754423,0.1594404230653285,2.208808307400755e-4,14.847331985994735,Southern New England,6.906781934961168,142840827
SNE,1979,Fall,42,56248,17.694395753998595,13,3,112,0.15177085922652864,0.0434808136884408,1.0259749676006846e-4,20.101661139191943,Southern New England,10.930881338388817,155807000
SNE,1979,Spring,38,10619,27.924546482075232,26,3,148,0.33401016425833124,0.14927189030798382,1.1958860989804572e-4,98.59898047977003,Southern New England,6.235113574251137,155807000
SNE,1980,Fall,37,36329,16.458184142989253,15,2,110,0.13968352492331043,0.05399547921304331,1.548757726287886e-4,17.523823200709774,Southern New England,11.12429868844356,171241940
SNE,1980,Spring,38,34369,33.031652830838205,26,1,121,0.5154802079070119,0.14220174809275252,4.2258083077914795e-6,18.132330200774952,Southern New England,6.07381566210545,171241940
SNE,1981,Fall,39,42755,23.217571916786685,16,2,108,0.2118151572519055,0.0797698664495653,4.477530764288502e-5,22.939170247030813,Southern New England,11.270916120098676,143445273
SNE,1981,Spring,35,29061,27.502033824832488,25,2,113,0.29872507906278606,0.1371935685008714,3.33266025471368e-5,20.760775142791825,Southern New England,6.142726950003577,143445273
SNE,1982,Fall,37,29792,18.356911594722217,16,1,109,0.1213042428978558,0.04622032024715934,5.366685850612837e-6,9.74803100262543,Southern New England,12.48830587702127,126411906
SNE,1982,Spring,35,23100,38.501307438619506,32,3,128,0.6048585443126,0.20759358621256516,2.0508926478290913e-4,56.65545632331978,Southern New England,6.300852650934224,126411906
SNE,1983,Fall,35,73377,16.32761633223273,10,2,118,0.13107986086584106,0.02019752785005926,4.477530764288502e-5,15.62591732325342,Southern New England,12.376451109194722,121555804
SNE,1983,Spring,35,21241,26.150491043210383,20,3,110,0.2719097919273613,0.11162045110250075,2.208808307400755e-4,22.939170247030813,Southern New England,7.253228833360422,121555804
SNE,1984,Fall,38,40400,17.006126859275433,13,2,118,0.12524481983534488,0.03199749565316273,4.477530764288502e-5,12.639521584046816,Southern New England,11.29176072932372,118775980
SNE,1984,Spring,36,10700,30.27686006165943,27,3,111,0.35902208015760817,0.15222777188126124,3.1445495060104984e-4,10.513838415642343,Southern New England,6.396140704167976,118775980
SNE,1985,Fall,39,48326,16.343116962107693,13,3,108,0.1373704114177395,0.03459661128218314,1.548757726287886e-4,11.484447439314543,Southern New England,13.402488434957649,102383967
SNE,1985,Spring,36,26182,47.21912000611107,39,3,109,0.7773311261162266,0.34376456129346095,1.2705264994290432e-4,11.56653084759744,Southern New England,7.799711910987334,102383967
SNE,1986,Fall,34,29950,15.08953814504016,13,2,112,0.0984294670928209,0.02668506948648196,4.477530764288502e-5,10.268196998950383,Southern New England,13.290434967595797,113701246
SNE,1986,Spring,37,25622,24.74517992350324,20,3,111,0.26488561925069093,0.07668610999228787,1.2705264994290432e-4,21.253368406458776,Southern New England,8.564411173994742,113701246
SNE,1987,Fall,38,18742,17.896275744317574,14,2,105,0.10681326236584228,0.0434808136884408,6.0075315119125174e-5,9.037180578258225,Southern New England,12.106903689174418,110981323
SNE,1987,Spring,35,20704,40.50777627511592,29,6,114,0.6700034598917547,0.18521244734850087,0.00346381911738141,10.44383010296264,Southern New England,6.648202809052179,110981323
SNE,1988,Fall,38,36039,14.597130885984628,11,2,175,0.10762000279240752,0.02668506948648196,4.477530764288502e-5,40.50682218431133,Southern New England,11.558896916679268,98435828
SNE,1988,Spring,34,21017,44.51044392634534,34,3,111,0.8919127130819297,0.2292888761620306,2.208808307400755e-4,9.49127355089077,Southern New England,7.289908805914434,98435828
SNE,1989,Fall,33,42865,12.9145301528954,11,2,117,0.04797875924911848,0.02668506948648196,4.477530764288502e-5,7.913210138925619,Southern New England,12.263214109771566,127981815
SNE,1989,Spring,35,15312,42.652486387088466,33,5,130,0.6613664461055628,0.2211035030003694,5.981079808461115e-4,22.584773472632666,Southern New England,7.258212551863629,127981815
SNE,1990,Fall,38,32933,12.81722659933109,10,3,181,0.05506580212403168,0.02019752785005926,1.548757726287886e-4,45.076213356090854,Southern New England,11.6984211851687,144379682
SNE,1990,Spring,33,15352,44.65579127312069,33,3,109,0.8426112721142697,0.2630675403595163,2.208808307400755e-4,18.15808233136836,Southern New England,8.700621116777201,144379682
SNE,1991,Fall,32,16841,21.28833378398807,11,2,107,0.27461274230716914,0.02668506948648196,4.477530764288502e-5,9.638961224864104,Southern New England,12.625042817643308,137638091
SNE,1991,Spring,36,20598,39.61853837199904,29,5,113,0.6410019023050629,0.1834239299983712,5.981079808461115e-4,12.755497702332864,Southern New England,8.27348745146301,137638091
SNE,1992,Fall,35,30402,21.175054272745214,9,2,110,0.3260823879837935,0.01484471791845789,4.477530764288502e-5,6.4811051775172714,Southern New England,11.665231455534965,141775112
SNE,1992,Spring,34,19879,36.869259017053174,26,3,111,0.565790329465026,0.14205110308201102,8.6632534929304e-5,8.601003835872339,Southern New England,7.549765825009469,141775112
SNE,1993,Fall,36,31981,13.261736967952958,12,2,140,0.05304653141456442,0.03441164288197898,1.548757726287886e-4,99.7464762777667,Southern New England,11.198977260530825,124683539
SNE,1993,Spring,38,19304,29.03729796933278,24,4,107,0.2940832401967263,0.11495119653108957,5.327770689848076e-4,25.650252804217796,Southern New England,5.9939114038161,124683539
SNE,1994,Fall,38,30849,13.676359039190896,12,2,150,0.06790607285701236,0.03182238904745718,4.477530764288502e-5,122.87185534341737,Southern New England,12.44060238029872,64729511
SNE,1994,Spring,37,21352,29.341299051666702,25,4,104,0.24301840805957572,0.1237546039871092,2.27428270542598e-4,6.60652890404302,Southern New England,6.751138737457457,64729511
SNE,1995,Fall,36,22739,14.04687981001803,13,2,119,0.0590412620593838,0.03182238904745718,1.548757726287886e-4,6.215238532150833,Southern New England,12.53127635676113,29500423
SNE,1995,Spring,36,13314,30.214210605377797,26,5,101,0.3411604111363641,0.14064164265486953,5.981079808461115e-4,6.581769764106598,Southern New England,7.471211287217835,29500423
SNE,1996,Fall,41,21630,29.39190938511327,18,2,186,0.3843585247520463,0.05399547921304331,4.477530764288502e-5,49.14388401112914,Southern New England,9.939460365053447,151515507
SNE,1996,Spring,37,25788,31.672366992399567,27,3,96,0.3121134114063495,0.13629179399800623,3.71348951244363e-4,8.246714783838797,Southern New England,5.848701781229248,151515507
SNE,1997,Fall,40,20362,17.492240447893135,9,2,123,0.13053746567493635,0.01484471791845789,4.477530764288502e-5,6.872711509994766,Southern New England,11.79301970137645,170607552
SNE,1997,Spring,39,23037,30.772279376654947,21,5,96,0.3967370751976011,0.08803210388358908,5.640109368579932e-4,5.358821406971277,Southern New England,7.721582095421138,170607552
SNE,1998,Fall,34,17479,25.65953429830082,11,2,109,0.3786642647267115,0.02668506948648196,6.0075315119125174e-5,5.982341616891749,Southern New England,9.913475383774058,129003342
SNE,1998,Spring,32,20005,23.74511372156961,22,4,93,0.17053065816401103,0.08830011165388614,7.494190538229101e-4,7.109405652309771,Southern New England,6.204928696457503,129003342
SNE,1999,Fall,39,35295,14.305029040940644,10,3,121,0.09811091373034296,0.02019752785005926,1.4143983068389183e-4,11.761869454429364,Southern New England,13.128017337249338,99128337
SNE,1999,Spring,36,37329,26.105440810094027,23,3,98,0.24383025402414116,0.1010375717457236,1.0259749676006846e-4,6.581769764106598,Southern New England,7.752720457335022,99128337
SNE,2000,Fall,37,29150,14.42689536878216,13,2,111,0.0799559900238882,0.03182238904745718,4.477530764288502e-5,5.509517459588909,Southern New England,11.632927740445956,101639935
SNE,2000,Spring,34,12632,22.997150094996833,19,2,99,0.20122992633831688,0.0566180364945454,1.2127264015183566e-4,8.601003835872339,Southern New England,8.257012747440095,101639935
SNE,2001,Fall,35,21916,25.841166271217375,15,2,137,0.3463263118394893,0.03441164288197898,4.477530764288502e-5,93.42568935443416,Southern New England,12.713857278745891,105223362
SNE,2001,Spring,37,21790,25.217117944011015,23,3,100,0.2122001209564346,0.11162045110250075,4.1788086216217307e-4,8.890986356695473,Southern New England,6.9607239862543,105223362
SNE,2002,Fall,36,15336,18.783124673969745,15,2,109,0.17236744816247165,0.03182238904745718,1.4143983068389183e-4,4.949144720366187,Southern New England,12.229716186731697,96710733
SNE,2002,Spring,41,30453,24.5269759957968,20,4,120,0.26258838669423007,0.08385075640632667,2.960716094033669e-4,19.66080339560248,Southern New England,8.571847550276889,96710733
SNE,2003,Fall,36,28034,16.804451737176286,12,2,108,0.13950086051020671,0.02024005352594406,4.477530764288502e-5,5.575924017825923,Southern New England,11.484480543565054,110779078
SNE,2003,Spring,36,19297,39.10859666178014,28,4,117,0.6059309367032267,0.17805244627153535,7.494190538229101e-4,10.529705688663428,Southern New England,5.742899179329209,110779078
SNE,2004,Fall,34,13617,28.110450172578396,19,2,134,0.39767698070172736,0.04603643796983363,1.548757726287886e-4,13.091013361041224,Southern New England,10.55183698860258,69732936
SNE,2004,Spring,34,14284,23.902688322598713,20,3,93,0.1728351501831649,0.06394485016938731,3.163249227451163e-4,6.997867835725706,Southern New England,5.531359332723925,69732936
SNE,2005,Fall,33,20193,18.710295647006387,14,2,108,0.12594251023505487,0.02668506948648196,4.835555390003871e-5,5.61438976639674,Southern New England,11.296267344163253,7970493
SNE,2005,Spring,33,11566,22.438613176551964,20,4,97,0.1499988058613354,0.06614293572080227,7.494190538229101e-4,8.040923432436347,Southern New England,5.665460514695768,7970493
SNE,2006,Fall,39,35186,17.235775592565226,11,3,122,0.18260807375811877,0.02668506948648196,1.548757726287886e-4,9.424064287544711,Southern New England,12.503226470186428,21245890
SNE,2006,Spring,38,21192,23.835409588523973,22,4,112,0.20824760391894273,0.08830011165388614,5.327770689848076e-4,18.15808233136836,Southern New England,8.088223172728645,21245890
SNE,2007,Fall,35,7379,29.039436237972627,22,3,102,0.41674500048122254,0.06891678840771495,1.4143983068389183e-4,11.484447439314543,Southern New England,9.854935241881766,2444368
SNE,2007,Spring,36,25614,20.070391192316706,13,4,98,0.17798505811641624,0.03932000856484112,2.7849929955007044e-4,8.040923432436347,Southern New England,6.360471400307805,2444368
SNE,2008,Fall,36,17238,19.017577445179256,15,3,195,0.14674199831921148,0.03182238904745718,1.548757726287886e-4,57.086770533226904,Southern New England,11.107507137678544,20669953
SNE,2008,Spring,35,23163,29.13707205456979,26,3,100,0.3212384280851374,0.14220174809275252,3.163249227451163e-4,9.174054932202186,Southern New England,7.324067380389425,20669953
SNE,2009,Fall,38,34578,18.78145038367345,13,4,116,0.1520695316236782,0.03929283837319624,3.735691319226485e-4,16.0651756377116,Southern New England,12.68957851901597,4684950
SNE,2009,Spring,38,70961,25.069052188664237,20,4,111,0.2229915508215782,0.0646345844510047,5.030669608807974e-4,11.976481940125714,Southern New England,7.828920298699631,4684950
SNE,2010,Fall,40,36657,20.682888714389925,16,2,112,0.16080925968633006,0.04611859530008943,2.511243272327328e-5,28.0432913991307,Southern New England,12.032782500468938,5619863
SNE,2010,Spring,40,55845,22.774023581189883,15,4,139,0.17693887340888623,0.0302093922212576,7.494190538229101e-4,77.60457009252559,Southern New England,6.833682079580109,5619863
SNE,2011,Fall,38,38502,15.729158531281945,13,4,116,0.08103071789179837,0.03441164288197898,3.912127814222073e-4,7.006472282528065,Southern New England,11.89025581940245,5475353
SNE,2011,Spring,36,58396,23.80942217913,18,5,127,0.19457711375259987,0.05395458823145893,5.981079808461115e-4,13.79325176343917,Southern New England,6.647557111832464,5475353
SNE,2012,Fall,40,18613,24.735323188796965,20,4,115,0.29545305355361473,0.06891678840771495,2.7849929955007044e-4,10.355350423392856,Southern New England,12.488540925777128,5487127
SNE,2012,Spring,40,67335,30.86458158462193,22,4,116,0.3734473186673841,0.07270920974157477,2.960716094033669e-4,18.15808233136836,Southern New England,10.413867110107867,5487127
SNE,2013,Fall,36,54337,14.62451426631784,13,3,117,0.05185545027837797,0.02082069927205544,1.548757726287886e-4,5.902948800131385,Southern New England,13.547808806468256,6257916
SNE,2013,Spring,39,54811,37.17079815605707,38,5,101,0.34705557238363266,0.21252039736101164,5.981079808461115e-4,7.506775618123478,Southern New England,7.59059546097067,6257916
SNE,2014,Fall,38,26700,16.466700118692867,13,3,131,0.10347818899502996,0.0434808136884408,1.548757726287886e-4,81.59935440036408,Southern New England,13.7824491783531,5502584
SNE,2014,Spring,40,71977,22.214813993358412,16,4,123,0.2026995442172813,0.037777048732297,7.494190538229101e-4,12.414059729595714,Southern New England,7.230535496477759,5502584
SNE,2015,Fall,35,57984,13.486282416074946,11,4,149,0.11189867450341238,0.02019752785005926,7.395606049587955e-4,91.37990492248316,Southern New England,14.046826128763676,2224431
SNE,2015,Spring,40,32720,25.305233851360683,21,3,123,0.2237713396018154,0.07515924584331372,2.7849929955007044e-4,22.084400461264423,Southern New England,7.715797379046342,2224431
SNE,2016,Fall,37,34682,15.200479739026886,14,3,114,0.08431498882499786,0.03441164288197898,1.64275507653426e-4,9.8816129639136,Southern New England,13.3044247327151,2966675
SNE,2016,Spring,42,39494,21.820106012489067,14,4,123,0.21981267305490415,0.05018775463687452,5.307991968618184e-4,48.66306745218172,Southern New England,8.489465646619541,2966675
SNE,2017,Spring,39,30139,30.407027519731177,23,4,135,0.3352124180875044,0.10576624646675768,2.7849929955007044e-4,69.42108670910109,Southern New England,7.181262447946435,3573375
SNE,2018,Fall,43,33431,16.657324241933473,11,3,136,0.10116750741192812,0.02668506948648196,2.7849929955007044e-4,91.37990492248316,Southern New England,11.970080519733626,2639683
SNE,2018,Spring,39,36059,23.040321400030734,15,6,120,0.23168916844200743,0.05398843575980307,0.00106241829327627,19.66080339560248,Southern New England,6.911561395346451,2639683
SNE,2019,Fall,40,21518,23.88550960580754,20,3,113,0.19678316106640156,0.05977100348948096,1.548757726287886e-4,37.18171938068299,Southern New England,14.513056309896688,15094930
SNE,2019,Spring,38,23085,37.63430952883702,29,3,115,0.47192949340466817,0.21889722738321044,1.1958860989804572e-4,9.948701830468394,Southern New England,7.077484408767732,15094930
